datetime,open,high,low,close,volume
2026-03-02 09:30:00,618.645,634.775,618.4,629.73,314490.952163
2026-03-02 09:31:00,628.7501,634.6299,628.37,632.6646,168244.074166
2026-03-02 09:32:00,632.9437,637.2598,629,635.3161,156712.457642
2026-03-02 09:33:00,635.607,648.8,634.96,647.245,236868.366951
2026-03-02 09:34:00,647.09,648.6776,643.23,644.9999,176586.863558
2026-03-02 09:35:00,643.23,645.355,639.2001,641.5,151887.297085
2026-03-02 09:36:00,641.485,645.36,639.81,643.665,95383.430244
2026-03-02 09:37:00,644.72,646.1,641.78,644.8,126053.804508
2026-03-02 09:38:00,644.01,645,636.2401,637.8,123519.931229
2026-03-02 09:39:00,638.02,639.99,635.6674,637.7999,72363.95589
2026-03-02 09:40:00,636.3631,637.88,628.22,629.4,118115.69942
2026-03-02 09:41:00,628.67,630.32,620,621,148049.140979
2026-03-02 09:42:00,619.63,622,614.4,614.4,224827.040177
2026-03-02 09:43:00,615.8843,617.3799,612.0801,615.7005,167526.226437
2026-03-02 09:44:00,615,619.6999,614.35,618.855,97067.234019
2026-03-02 09:45:00,618.88,624.82,615.6701,619.5,152220.093046
2026-03-02 09:46:00,619.8127,625,619.01,624.16,68146.807132
2026-03-02 09:47:00,624.135,626.4999,622.4801,625.151,106430.952338
2026-03-02 09:48:00,624.7,626.98,623.41,626.38,74011.063327
2026-03-02 09:49:00,626.77,633.3272,626.39,632.7108,138792.939507
2026-03-02 09:50:00,632.75,634.4,625.97,626.5,115623.599031
2026-03-02 09:51:00,626.12,631.6,626.12,629.04,61007.746954
2026-03-02 09:52:00,629.7999,629.7999,623,627.015,76692.572287
2026-03-02 09:53:00,627.015,632.36,626.1,626.11,75736.948266
2026-03-02 09:54:00,626.73,629.84,626.1001,627.3775,33574.734409
2026-03-02 09:55:00,627,630.5,626.5034,630.5,38932.24456
2026-03-02 09:56:00,630.48,630.72,624.03,626.6324,61991.316422
2026-03-02 09:57:00,627.2342,627.49,624.5801,625.6618,32345.212954
2026-03-02 09:58:00,625.6,627,624.5,625.5,26786.126706
2026-03-02 09:59:00,625.62,627,624.2201,624.86,43601.167228
2026-03-02 10:00:00,624.62,626,620.05,620.9101,83440.41321
2026-03-02 10:01:00,620.77,624.4699,620.57,623.735,64557.321854
2026-03-02 10:02:00,624.47,626.5,620.01,621.49,58586.062654
2026-03-02 10:03:00,622,622.13,619,621.729,67034.67484
2026-03-02 10:04:00,621.95,624.8,620.2272,624.063,40026.011104
2026-03-02 10:05:00,624.07,624.96,620.5,620.5101,54940.365606
2026-03-02 10:06:00,621.045,621.045,617.8478,620.7,77492.412026
2026-03-02 10:07:00,620.7,624.2101,620.0011,622.8,68758.211424
2026-03-02 10:08:00,622.7,623.9,621.305,622,38647.739501
2026-03-02 10:09:00,622.8274,622.8899,620.37,622.435,28684.45664
2026-03-02 10:10:00,622.435,625.45,619.99,624.98,72334.710556
2026-03-02 10:11:00,625.4499,625.49,619.0001,622.3959,63714.323188
2026-03-02 10:12:00,622,622.5999,618.38,619.0001,72945.121026
2026-03-02 10:13:00,619.51,622.5,619.01,621.505,33350.830211
2026-03-02 10:14:00,621.685,621.75,618.15,619,109843.260548
2026-03-02 10:15:00,620.04,621,615.53,616.0745,226091.579961
2026-03-02 10:16:00,616.9,617.6065,611.27,612.7195,164292.73413
2026-03-02 10:17:00,612.9099,612.9099,608.8,609,189742.894281
2026-03-02 10:18:00,608.8,611.68,608.4,610.51,101089.326608
2026-03-02 10:19:00,610.66,611.68,609.0001,610.89,96959.922794
2026-03-02 10:20:00,611.41,613.4,607,607.0301,150254.950985
2026-03-02 10:21:00,607.6376,610,605.5001,606.32,151980.281268
2026-03-02 10:22:00,606.7608,607.026,599,602.37,332910.44992
2026-03-02 10:23:00,602.96,605.5139,602,603.42,110917.829768
2026-03-02 10:24:00,603.045,606.601,602.01,606.2,84099.399917
2026-03-02 10:25:00,606.255,609.5,605.99,606.68,104332.859569
2026-03-02 10:26:00,606.695,608.2199,605.6201,606.33,60273.052199
2026-03-02 10:27:00,606.5,606.9599,602.29,604.15,65980.225466
2026-03-02 10:28:00,603.86,606.48,602.924,604.0001,58963.737645
2026-03-02 10:29:00,604.645,606.789,603.59,604.01,46607.156278
2026-03-02 10:30:00,604.98,606,602.5,603.505,69466.03723
2026-03-02 10:31:00,603,603.5999,598.3001,599.68,158048.687434
2026-03-02 10:32:00,599.79,601.3177,597.6001,601,103404.455117
2026-03-02 10:33:00,600.92,602.3,600.06,600.55,55687.040708
2026-03-02 10:34:00,601.38,604.87,600.0001,603.09,64085.831559
2026-03-02 10:35:00,603.74,604,601,601.3059,35761.040974
2026-03-02 10:36:00,601,604.61,599,603.51,79552.69848
2026-03-02 10:37:00,603.56,605.58,602.22,603.75,63363.627328
2026-03-02 10:38:00,604.3,605.53,603.6201,604.25,36021.467141
2026-03-02 10:39:00,604,605.23,601.07,603.46,61397.715515
2026-03-02 10:40:00,604.19,605.5,602.9,603.02,44252.312497
2026-03-02 10:41:00,603.515,603.76,602,603.1885,39383.139073
2026-03-02 10:42:00,603.175,606.66,602.51,605.7612,61090.831163
2026-03-02 10:43:00,605.62,608.4,605.52,606.005,64187.372037
2026-03-02 10:44:00,605.91,607.44,604.67,605.1251,68184.758277
2026-03-02 10:45:00,605.0882,607,603.65,603.9,58523.496903
2026-03-02 10:46:00,604.215,605.89,603.4,605.68,30821.32156
2026-03-02 10:47:00,605.9,608.4,605.5,607.53,55761.169942
2026-03-02 10:48:00,607.73,608.18,605,605.9494,54879.121534
2026-03-02 10:49:00,606.18,608.63,605.39,607.6684,50802.306269
2026-03-02 10:50:00,607.344,608.97,607.11,608.36,42725.848192
2026-03-02 10:51:00,608.36,610.9999,608,610.68,84997.117326
2026-03-02 10:52:00,610.15,610.6899,608.4,609.7,44518.540397
2026-03-02 10:53:00,609.6,610.7899,608.9,610,35046.768524
2026-03-02 10:54:00,609.6,609.84,605.5501,606.5,70222.502664
2026-03-02 10:55:00,606.31,609.9699,606.31,608.4,26973.648296
2026-03-02 10:56:00,608.25,609.7999,607.65,608.21,34000.95149
2026-03-02 10:57:00,608.21,609.4299,608,608.4617,23325.662853
2026-03-02 10:58:00,607.88,610.95,607.88,609.435,48669.270228
2026-03-02 10:59:00,609.09,610.3125,608.335,608.9495,18318.761173
2026-03-02 11:00:00,608.95,611,608.51,610,33185.592932
2026-03-02 11:01:00,609.745,609.82,607.65,608.805,48559.268758
2026-03-02 11:02:00,608,609.43,607.51,608.0002,28515.814159
2026-03-02 11:03:00,608.295,610.1999,608,609.095,41651.269685
2026-03-02 11:04:00,608.2616,611.94,608.2616,611.65,45553.7666
2026-03-02 11:05:00,611.455,612.13,609.51,612.13,54728.304634
2026-03-02 11:06:00,611.48,612.93,611.051,611.75,34522.454083
2026-03-02 11:07:00,611.47,613.1699,609.7354,610.274,50009.931664
2026-03-02 11:08:00,610.9999,612.9999,610.45,612.01,28505.021991
2026-03-02 11:09:00,612.44,612.7327,611.5,612.2583,23485.995487
2026-03-02 11:10:00,611.75,612.7299,610.91,612.11,28670.355904
2026-03-02 11:11:00,612.26,616.3299,612,615.85,89720.514539
2026-03-02 11:12:00,615.85,617.3284,615.5001,616.63,62402.27372
2026-03-02 11:13:00,616.9499,619.27,616.1501,619.1825,56335.783434
2026-03-02 11:14:00,619,621.3899,618.68,620.95,114959.187608
2026-03-02 11:15:00,620.9999,620.9999,615.2,616.021,83291.909089
2026-03-02 11:16:00,615.2501,618,615.2501,616.19,36630.144965
2026-03-02 11:17:00,616.4386,616.73,614.0001,614.7,48998.620669
2026-03-02 11:18:00,614.5,617,614.5,615.15,32489.40669
2026-03-02 11:19:00,614.92,615.5969,613,614.9999,42538.572158
2026-03-02 11:20:00,614.62,616.505,614.1104,616.1313,39157.016049
2026-03-02 11:21:00,615.6,616,613.21,614.01,39318.750919
2026-03-02 11:22:00,614.01,615.84,613.21,615.47,24622.438794
2026-03-02 11:23:00,615.51,617.8,615.02,616.9865,29439.726107
2026-03-02 11:24:00,617.18,617.25,616.48,617.005,19067.937005
2026-03-02 11:25:00,617,617.25,615.31,616.2264,29824.503851
2026-03-02 11:26:00,616.05,616.05,614,614.6501,28498.796221
2026-03-02 11:27:00,614.74,616.4999,612,613.0101,57977.926597
2026-03-02 11:28:00,613.465,613.9199,610.68,611.75,49520.119066
2026-03-02 11:29:00,612,613,610.51,611.875,30598.788124
2026-03-02 11:30:00,612.28,615.4999,611.3,613,28969.21642
2026-03-02 11:31:00,613.08,615.3151,612.1401,614.57,18366.159239
2026-03-02 11:32:00,614.57,616.5599,614.34,614.815,26023.113408
2026-03-02 11:33:00,614.62,616.2999,614.4001,615.85,25823.939383
2026-03-02 11:34:00,615.75,616.3,614.2501,616.06,26169.258782
2026-03-02 11:35:00,615.76,617.33,614.31,615.9999,49861.758655
2026-03-02 11:36:00,614.3001,616.57,614.3001,615.175,19772.74291
2026-03-02 11:37:00,615.17,616,613.62,615.41,19764.537405
2026-03-02 11:38:00,615.01,616,614.3101,615.715,26067.042085
2026-03-02 11:39:00,615.93,616.97,613.51,614.39,29758.759396
2026-03-02 11:40:00,614.3999,615.99,614.14,615.045,11675.009029
2026-03-02 11:41:00,615.045,617.5,614.54,617.275,32326.237934
2026-03-02 11:42:00,617.48,617.65,616.29,616.975,20209.201947
2026-03-02 11:43:00,617.49,618.99,616.52,618.54,28871.47945
2026-03-02 11:44:00,618.5,620.4899,618.0001,620.28,45626.464295
2026-03-02 11:45:00,620.28,620.585,619.5,620.44,28126.480685
2026-03-02 11:46:00,620.21,622.29,619.82,621.28,61281.083085
2026-03-02 11:47:00,621.2,621.325,619.575,620.76,30820.724278
2026-03-02 11:48:00,620.04,620.99,619.43,620.71,18305.850861
2026-03-02 11:49:00,620.6,620.97,619.19,619.315,27900.089352
2026-03-02 11:50:00,619.56,620,617,617,42842.753345
2026-03-02 11:51:00,616.97,617.0452,615.0001,615.68,46994.366068
2026-03-02 11:52:00,615.9164,618.6,615.51,617.89,30565.670016
2026-03-02 11:53:00,617.895,620.5699,617.4201,619.895,30920.509677
2026-03-02 11:54:00,619.895,620.5,618,619.045,30046.408277
2026-03-02 11:55:00,619.02,619.5,617.5106,618.6236,20187.839856
2026-03-02 11:56:00,618.4,618.76,617.4301,617.77,23985.792669
2026-03-02 11:57:00,617.95,619.5,617.5001,617.91,16515.21576
2026-03-02 11:58:00,617.62,618.79,617.62,618.45,12075.287135
2026-03-02 11:59:00,618.16,618.9455,617.6304,618.47,20090.509431
2026-03-02 12:00:00,618.69,619.9,617.26,618.39,22188.325348
2026-03-02 12:01:00,618.4007,618.59,617.3401,617.87,21651.819623
2026-03-02 12:02:00,618.0723,620.17,617.5949,619.3,29646.020623
2026-03-02 12:03:00,619.04,622.63,618.88,622.4999,49683.425041
2026-03-02 12:04:00,622.364,623.21,621.37,622.95,32390.916699
2026-03-02 12:05:00,622.9,623.09,621.13,621.25,41989.734835
2026-03-02 12:06:00,621.5,622.9999,620.43,622.54,27549.067877
2026-03-02 12:07:00,622.44,623.3,621.8001,622.99,21211.066641
2026-03-02 12:08:00,622.495,623.83,621.9901,623.075,30507.535282
2026-03-02 12:09:00,623.075,623.6799,622.0701,622.5116,20032.00347
2026-03-02 12:10:00,622.3,622.75,618.73,618.93,70870.891014
2026-03-02 12:11:00,619,621.0975,619,621.0975,36244.350429
2026-03-02 12:12:00,621.105,621.61,620.2,620.4,9902.313221
2026-03-02 12:13:00,620.4,620.86,619.64,619.97,16832.288998
2026-03-02 12:14:00,619.9999,623.4999,619.97,622.56,31631.507574
2026-03-02 12:15:00,622.992,624.65,622.5301,624.385,47132.040685
2026-03-02 12:16:00,624.6,625,622.82,624,35876.334499
2026-03-02 12:17:00,624.11,624.2,623.19,623.5,21366.011559
2026-03-02 12:18:00,623.465,624.2978,622.621,622.975,19858.957441
2026-03-02 12:19:00,622.84,624.6,622.6,624.23,22514.839794
2026-03-02 12:20:00,623.76,623.99,623.3,623.6,13458.232196
2026-03-02 12:21:00,623.695,624.85,623.3001,623.55,18080.283953
2026-03-02 12:22:00,623.7,624.53,622.8001,623.5,18229.178359
2026-03-02 12:23:00,623.5,625.4,623.03,625.4,29616.893961
2026-03-02 12:24:00,624.87,625.5,624,624.14,21715.401758
2026-03-02 12:25:00,624.89,625.3299,624.15,624.6,22831.79268
2026-03-02 12:26:00,624.495,625.3299,624,625,17998.913789
2026-03-02 12:27:00,625.3,626.91,624.7901,625.623,44584.241387
2026-03-02 12:28:00,625.97,627.75,625,627.68,51155.066996
2026-03-02 12:29:00,627.0001,628.53,626.86,626.86,49279.814365
2026-03-02 12:30:00,627.02,628.3,626.7001,627.15,35874.607297
2026-03-02 12:31:00,627.465,628.19,627,627.65,23175.842309
2026-03-02 12:32:00,628.19,629.35,626.81,628.19,55752.247161
2026-03-02 12:33:00,628.38,628.5599,625.0001,626.76,51980.378839
2026-03-02 12:34:00,626.5,626.6999,625,625.49,28751.324998
2026-03-02 12:35:00,625.54,627.18,625.5,625.84,24080.648559
2026-03-02 12:36:00,625.66,626.5675,625.2001,626.095,14447.025975
2026-03-02 12:37:00,625.82,626.98,625.6001,626.03,20052.480675
2026-03-02 12:38:00,626.38,626.8027,624.33,624.835,33235.760441
2026-03-02 12:39:00,625,625,623.01,623.51,38699.51712
2026-03-02 12:40:00,623.7,626,623.314,625.7,26832.199052
2026-03-02 12:41:00,625.65,626,623.23,623.23,19824.209356
2026-03-02 12:42:00,623.2301,624.28,622.5223,622.6257,28361.598303
2026-03-02 12:43:00,623.01,623.0651,622.2701,622.9999,17395.08024
2026-03-02 12:44:00,623,623.22,622.36,622.99,15844.30655
2026-03-02 12:45:00,622.51,624.25,622.36,623.815,18779.078328
2026-03-02 12:46:00,624,625,623.55,623.66,17774.195259
2026-03-02 12:47:00,623.504,624.39,622.49,623.0734,21544.636784
2026-03-02 12:48:00,623.21,624,622.56,623.505,8731.63931
2026-03-02 12:49:00,623.505,625.1,623.02,624.8,19557.890378
2026-03-02 12:50:00,624.68,625.5,624.01,624.02,24389.071195
2026-03-02 12:51:00,624.353,625.85,624.0101,624.4982,18068.652488
2026-03-02 12:52:00,624.22,624.43,623.5,624.326,11523.637367
2026-03-02 12:53:00,624.43,625.8,624,625.42,13491.787853
2026-03-02 12:54:00,625.15,625.41,624.3501,624.3501,11324.352068
2026-03-02 12:55:00,624.675,624.675,622.51,623.03,19808.999052
2026-03-02 12:56:00,623.26,623.26,622.05,622.0501,21274.089338
2026-03-02 12:57:00,622.5612,623.2,622.06,622.8648,19046.940216
2026-03-02 12:58:00,623.11,623.9999,622.71,623.6701,14000.096897
2026-03-02 12:59:00,623.575,624.58,623.57,624.24,15269.375503
2026-03-02 13:00:00,624.24,624.6,623.92,624.2,16462.59895
2026-03-02 13:01:00,624.3852,625.15,624.145,624.6501,13763.583266
2026-03-02 13:02:00,624.625,624.95,624.03,624.46,10302.626293
2026-03-02 13:03:00,624.265,624.455,623,623.32,15867.797598
2026-03-02 13:04:00,623.03,623.75,622.4284,623.7,20722.610687
2026-03-02 13:05:00,623.7,624.68,623.17,623.95,15958.55547
2026-03-02 13:06:00,623.17,624.19,623,624,13953.64946
2026-03-02 13:07:00,624.34,624.8765,623.72,624.0101,16700.388219
2026-03-02 13:08:00,624,624.01,623,623.912,13682.569178
2026-03-02 13:09:00,623.3001,625,623.3001,624.438,19337.217965
2026-03-02 13:10:00,624.2,624.45,622.51,623.2956,28816.065909
2026-03-02 13:11:00,623.6628,625.4299,622.91,624.45,21049.545589
2026-03-02 13:12:00,624.5,625.69,623.9,624.6614,16985.121052
2026-03-02 13:13:00,624.445,624.98,624.01,624.44,8210.558013
2026-03-02 13:14:00,624.44,625.77,624.01,625.12,17037.378934
2026-03-02 13:15:00,625.4771,625.5399,623.98,624.52,22831.090212
2026-03-02 13:16:00,624.52,625,623.98,624.62,11926.102137
2026-03-02 13:17:00,624.607,624.85,622.36,622.36,26367.206069
2026-03-02 13:18:00,622.38,623.8399,622.14,623.38,27791.934575
2026-03-02 13:19:00,623.8399,623.8399,622.6001,622.875,10972.888872
2026-03-02 13:20:00,622.875,623.35,620.19,620.25,44616.295079
2026-03-02 13:21:00,620.435,621.2699,619.58,620.06,29173.956884
2026-03-02 13:22:00,620.56,620.9399,619.4203,620.9399,21293.914789
2026-03-02 13:23:00,620.47,620.92,619.6,619.6,12162.379341
2026-03-02 13:24:00,619.7,620.49,619.2201,620.16,21514.348967
2026-03-02 13:25:00,620.08,620.98,619.81,620.395,18379.455499
2026-03-02 13:26:00,620.0001,621.9699,619.9,621.1518,27783.134426
2026-03-02 13:27:00,621.47,621.9499,620.03,620.365,16308.154373
2026-03-02 13:28:00,620.37,621.5,619.98,621.21,16173.171775
2026-03-02 13:29:00,621.21,621.7475,620.7501,621.7475,12605.775281
2026-03-02 13:30:00,621.405,621.8,621.18,621.44,13598.700053
2026-03-02 13:31:00,621.44,622.7599,621.18,621.4,23194.066403
2026-03-02 13:32:00,621.865,622.4999,620.3901,621.504,15145.825492
2026-03-02 13:33:00,620.594,621.98,620.594,620.8,8099.158955
2026-03-02 13:34:00,620.805,623.04,620.805,622.98,30929.469273
2026-03-02 13:35:00,622.1001,623.16,621.58,622.005,19693.275626
2026-03-02 13:36:00,622.17,622.98,621.73,622.335,15655.32247
2026-03-02 13:37:00,622.42,622.79,621.5,621.712,12604.217393
2026-03-02 13:38:00,621.64,621.7801,620.62,621.034,18753.624769
2026-03-02 13:39:00,621.55,621.5899,620.5,621.21,10496.800535
2026-03-02 13:40:00,620.87,621.29,620.38,620.51,10550.97203
2026-03-02 13:41:00,620.34,621.5,620.3001,621.21,13804.464587
2026-03-02 13:42:00,621.21,621.78,621.12,621.56,9623.20211
2026-03-02 13:43:00,621.56,622.49,619.52,620.01,67004.694574
2026-03-02 13:44:00,620.04,620.45,618.45,618.955,25959.682552
2026-03-02 13:45:00,619.22,619.82,618.4,618.7707,12604.258649
2026-03-02 13:46:00,618.5,619.3999,618.07,618.2132,22060.273449
2026-03-02 13:47:00,618.29,619.8,617.8,619.8,26140.843568
2026-03-02 13:48:00,619.4,622.48,619.1001,619.12,35362.814322
2026-03-02 13:49:00,619.31,620.27,619.12,619.52,10783.876918
2026-03-02 13:50:00,619.02,619.63,618.49,618.49,13937.85252
2026-03-02 13:51:00,618.585,619.64,617.9,617.9,15235.075785
2026-03-02 13:52:00,618.38,620.39,617.89,620.39,14694.693896
2026-03-02 13:53:00,619.93,620.83,619.26,619.975,9743.632063
2026-03-02 13:54:00,620.5,620.5717,619.56,619.99,10144.089419
2026-03-02 13:55:00,619.6,619.8023,618.1001,618.24,23346.193641
2026-03-02 13:56:00,618.3,620,618.201,620,9157.54123
2026-03-02 13:57:00,619.0151,620.5999,618.98,619.711,9911.433416
2026-03-02 13:58:00,619.7,620.4599,618.66,618.93,14377.002136
2026-03-02 13:59:00,619.15,619.5,617.01,617.1026,22667.971178
2026-03-02 14:00:00,617.53,617.65,616.5501,616.88,19561.999839
2026-03-02 14:01:00,617,618.75,616.81,617.9213,20586.231789
2026-03-02 14:02:00,618.4999,619.1,617.5401,619.1,16735.967143
2026-03-02 14:03:00,619.5,621.3499,618.87,620.616,30799.087189
2026-03-02 14:04:00,620.36,620.87,619.99,620.185,14335.804895
2026-03-02 14:05:00,620.13,620.88,619.2301,620.0201,18490.223206
2026-03-02 14:06:00,620.0101,621.6,620.0101,621.52,25667.375253
2026-03-02 14:07:00,621.5776,621.5776,620.5001,620.6592,12843.573274
2026-03-02 14:08:00,621,621.48,619.4301,620.11,16328.328276
2026-03-02 14:09:00,620.11,621.3,619.73,621.08,8478.232239
2026-03-02 14:10:00,621.27,621.5,620.99,621.143,11421.720368
2026-03-02 14:11:00,621.4034,622.48,619.5,619.9114,56830.494077
2026-03-02 14:12:00,619.67,620.7,619.5,619.5301,13335.311527
2026-03-02 14:13:00,619.51,620,618,618,26890.460733
2026-03-02 14:14:00,618.1,618.77,617.55,618.3,16455.755545
2026-03-02 14:15:00,618.234,620.4631,618.234,620.105,17869.046918
2026-03-02 14:16:00,619.905,620.5,619.56,620.3154,12978.061548
2026-03-02 14:17:00,620.25,621.7999,620.0001,620.97,25020.127296
2026-03-02 14:18:00,621,621.29,620.25,620.25,16669.883309
2026-03-02 14:19:00,620.4654,620.6847,618.67,619.266,22229.640687
2026-03-02 14:20:00,619.285,620.89,619.0001,620.69,20712.034183
2026-03-02 14:21:00,620.69,620.86,619.11,619.11,18320.804329
2026-03-02 14:22:00,619.3,620.3,619,619.515,18319.019872
2026-03-02 14:23:00,619.99,620.55,619.2601,620.01,8291.473221
2026-03-02 14:24:00,620.35,620.8899,619.7801,620.1583,8809.635376
2026-03-02 14:25:00,620.54,620.65,619.9601,620.5199,16553.119669
2026-03-02 14:26:00,620.26,620.51,619.55,620.135,15854.974337
2026-03-02 14:27:00,620.135,621.6799,620.135,621.2001,28595.044589
2026-03-02 14:28:00,621.2909,621.365,620.03,620.03,27629.575923
2026-03-02 14:29:00,620.3532,620.51,618.6,619.99,19622.836564
2026-03-02 14:30:00,619.57,620.55,619.31,620.361,13499.834835
2026-03-02 14:31:00,620.6799,621.11,619.5801,620.6951,12900.082626
2026-03-02 14:32:00,621.11,622.49,620.2,620.4275,44910.085751
2026-03-02 14:33:00,620.93,621.5199,620.0601,620.645,19148.743949
2026-03-02 14:34:00,620.75,621.48,620.75,621.115,17648.872027
2026-03-02 14:35:00,621.14,621.66,620.33,620.33,11858.290103
2026-03-02 14:36:00,620.56,621.0176,620.1501,620.7682,10946.966593
2026-03-02 14:37:00,620.505,620.6999,620.06,620.38,11341.153823
2026-03-02 14:38:00,620.38,621.99,620.14,621.425,20905.366419
2026-03-02 14:39:00,620.9224,621.23,620.41,621,11249.812571
2026-03-02 14:40:00,620.975,621.5,620.32,620.7078,15517.157415
2026-03-02 14:41:00,620.5122,621.36,620.33,621.19,12608.560981
2026-03-02 14:42:00,620.855,621.57,620.71,621.25,11589.85655
2026-03-02 14:43:00,621.14,621.25,620.69,620.76,12018.919814
2026-03-02 14:44:00,621.2,621.2,620.36,620.36,9737.275624
2026-03-02 14:45:00,620.66,620.9499,620,620.05,14429.945191
2026-03-02 14:46:00,620.1193,620.56,619.86,620.56,15959.866773
2026-03-02 14:47:00,620.335,620.95,619,619.7,24305.000171
2026-03-02 14:48:00,619.7,619.9765,618.1401,619.465,17519.769063
2026-03-02 14:49:00,619.43,619.598,618.8,619.155,10898.876684
2026-03-02 14:50:00,619.155,619.49,618,618.8,24488.064937
2026-03-02 14:51:00,618.645,619.82,618.56,619.82,13384.86831
2026-03-02 14:52:00,619.99,620.4999,619.52,620.25,15752.297844
2026-03-02 14:53:00,620.25,620.4999,619.8,620.205,7940.793692
2026-03-02 14:54:00,620.205,622.06,620.01,620.73,50164.765259
2026-03-02 14:55:00,621,621.63,620.86,620.9892,10326.007947
2026-03-02 14:56:00,621.05,622.49,620.43,620.4301,53734.448339
2026-03-02 14:57:00,620.42,621,619.48,620.407,57691.717681
2026-03-02 14:58:00,620.5999,620.5999,619.08,619.62,10955.753227
2026-03-02 14:59:00,619.5571,621.47,619.2501,620.0901,19330.121101
2026-03-02 15:00:00,620.54,622,620.5,621.48,21365.334009
2026-03-02 15:01:00,621.07,621.07,619.8001,620.245,12728.990391
2026-03-02 15:02:00,619.8601,620.72,619.37,619.955,14693.204464
2026-03-02 15:03:00,619.955,623.54,619.955,622.45,205209.139376
2026-03-02 15:04:00,622.6569,623.4999,621.4,622.248,37541.374443
2026-03-02 15:05:00,622.1001,622.1001,621,621.5856,10510.452848
2026-03-02 15:06:00,621.507,622.6545,620.5,621.165,21149.859494
2026-03-02 15:07:00,621.165,621.9999,618.05,618.4123,32725.763753
2026-03-02 15:08:00,618.2472,618.2472,616.7641,617.515,37109.357325
2026-03-02 15:09:00,617.3726,618.6,617.3726,618.02,22261.733186
2026-03-02 15:10:00,617.88,619.51,617.5,618.295,30807.576797
2026-03-02 15:11:00,617.74,618.8499,617.37,618.4998,26622.50114
2026-03-02 15:12:00,618.335,618.3678,615.0101,615.6001,35637.021738
2026-03-02 15:13:00,615.75,616.8,613.64,614.3945,50138.583044
2026-03-02 15:14:00,614.2581,614.2581,612.01,612.365,35431.567707
2026-03-02 15:15:00,612.6,612.6,609.32,610.5,81850.513842
2026-03-02 15:16:00,610.5,614,610.5,612.6,65708.20464
2026-03-02 15:17:00,612.2001,613.5515,611.0101,612.906,33816.967158
2026-03-02 15:18:00,612.9,613.7399,612.0001,613.09,30375.230316
2026-03-02 15:19:00,613.085,613.5,612.21,613.065,26273.286156
2026-03-02 15:20:00,613.42,613.5,610.75,612.16,37083.946763
2026-03-02 15:21:00,612.4,613.52,611.56,612.2984,32674.61658
2026-03-02 15:22:00,612.115,612.75,611.2711,611.78,31975.078986
2026-03-02 15:23:00,612.18,614.49,611.7,614,25371.832373
2026-03-02 15:24:00,614.0253,616.4699,613.51,615.65,44881.855509
2026-03-02 15:25:00,615.94,615.98,614.2101,614.97,30168.845869
2026-03-02 15:26:00,614.56,615.037,612.53,612.62,24627.201751
2026-03-02 15:27:00,612.61,614.01,611.76,611.76,24496.438532
2026-03-02 15:28:00,611.9414,615,611.9414,613.832,20634.303135
2026-03-02 15:29:00,614.5,614.5,610.63,611.45,31958.370963
2026-03-02 15:30:00,610.97,612.43,610.3003,611.38,29926.677509
2026-03-02 15:31:00,610.84,613,610.5,612.47,20225.681583
2026-03-02 15:32:00,612.56,613.4699,612,613.3,13849.264763
2026-03-02 15:33:00,613.3,614,613.2,613.33,21718.138368
2026-03-02 15:34:00,613.65,614.43,613,613.38,19096.0386
2026-03-02 15:35:00,613.37,614.17,613.22,613.93,15994.585534
2026-03-02 15:36:00,613.92,615,613.5301,614.25,26855.057866
2026-03-02 15:37:00,614.49,615.62,614.29,614.91,21047.097698
2026-03-02 15:38:00,614.91,616.9743,614.57,616.325,28398.651895
2026-03-02 15:39:00,616.325,617.88,616.325,617.455,42129.486493
2026-03-02 15:40:00,617.69,618.01,616,616.2,49472.633354
2026-03-02 15:41:00,616.1,616.1,614.61,614.6101,26963.12415
2026-03-02 15:42:00,614.62,617.0084,614.6101,615.51,29473.76811
2026-03-02 15:43:00,615.92,616.3499,615.0501,615.19,22415.249709
2026-03-02 15:44:00,615.3,616.95,615.06,616.74,19255.906376
2026-03-02 15:45:00,616.385,617.41,616.0001,617.03,22203.02455
2026-03-02 15:46:00,617.03,617.52,616.54,616.92,23164.687065
2026-03-02 15:47:00,617.1484,617.8,617.12,617.77,34926.840157
2026-03-02 15:48:00,617.475,618.9799,616.94,618.25,39307.219942
2026-03-02 15:49:00,618.49,620.2,617.3401,619.715,47767.730564
2026-03-02 15:50:00,620.2,624.3899,619.92,623.5,103702.185436
2026-03-02 15:51:00,623.4246,623.75,620.72,621.06,54577.44964
2026-03-02 15:52:00,621.1501,621.55,619,619.86,51434.474176
2026-03-02 15:53:00,619.47,619.66,618,618.355,47218.532606
2026-03-02 15:54:00,618.4135,619.9999,617.88,618.16,54636.849324
2026-03-02 15:55:00,618.16,621.4699,618.12,620.1,47437.531726
2026-03-02 15:56:00,620.265,620.3699,618.47,618.47,34976.104018
2026-03-02 15:57:00,618.82,620.19,618.51,619.32,47969.857716
2026-03-02 15:58:00,619.24,619.64,618.6801,619.1953,93918.715986
2026-03-02 15:59:00,618.91,619.8,618.55,619,142917.677674
2026-03-03 09:30:00,581.64,589.4,577.57,583.13,321396.365128
2026-03-03 09:31:00,585.7099,585.7099,575.14,579.2,214564.254317
2026-03-03 09:32:00,579.11,579.8999,570.25,572.01,307923.637567
2026-03-03 09:33:00,572.59,585.51,571.5301,583.35,206857.817831
2026-03-03 09:34:00,582.61,582.69,575.25,576.25,109047.489081
2026-03-03 09:35:00,576.25,582,570.7001,580.505,145648.380428
2026-03-03 09:36:00,580.7,581.9999,575.11,578.9475,86136.101603
2026-03-03 09:37:00,579.11,583.2399,578.8862,582.65,98874.242686
2026-03-03 09:38:00,583,585.85,581.6992,582.245,133218.890902
2026-03-03 09:39:00,582.39,586.9999,581.834,582.09,86011.151192
2026-03-03 09:40:00,582,583,576.1,578.035,131406.451027
2026-03-03 09:41:00,578.035,580,577,578.51,79467.263407
2026-03-03 09:42:00,578.12,579.7699,576.6801,577.475,72120.636322
2026-03-03 09:43:00,577.625,583.7,577.625,579.7688,77770.430223
2026-03-03 09:44:00,580.2,581.4,574,574.58,138075.927216
2026-03-03 09:45:00,574.58,580.9999,574.0501,579.82,68356.32539
2026-03-03 09:46:00,579.348,581.56,578.31,579.27,65019.249382
2026-03-03 09:47:00,579.4598,581.4,576,580.9999,75462.231045
2026-03-03 09:48:00,580.01,583.02,579.5201,581.4106,73153.389181
2026-03-03 09:49:00,582.36,583.81,578.35,579.585,73198.601157
2026-03-03 09:50:00,579.74,582.53,579,582.45,61900.690685
2026-03-03 09:51:00,581.725,583.3899,577.1101,578.49,86808.640271
2026-03-03 09:52:00,578.3812,580.8,576.34,578,54152.62544
2026-03-03 09:53:00,577.68,582.6799,577.68,581.36,56605.48434
2026-03-03 09:54:00,581.24,583.01,577.5,579.176,75586.47445
2026-03-03 09:55:00,579.77,582.51,578.6201,579.32,47715.187732
2026-03-03 09:56:00,579.64,580.38,576.48,576.86,71587.507401
2026-03-03 09:57:00,576.7452,577.99,573.37,574.67,97638.046427
2026-03-03 09:58:00,574.65,578.54,574.5,577.04,81146.348398
2026-03-03 09:59:00,576.5001,577.53,572.6,573.0992,74652.407331
2026-03-03 10:00:00,572.6,577.33,572.3,573.82,76306.088381
2026-03-03 10:01:00,573.925,577.47,572.21,572.62,75726.709976
2026-03-03 10:02:00,572.66,574.99,571.02,573.31,107625.292825
2026-03-03 10:03:00,573.2701,575.63,572,574.0001,66453.098506
2026-03-03 10:04:00,574.0199,574.9999,571.5301,574,61407.167185
2026-03-03 10:05:00,574.29,575.45,571.33,572.4,87372.282268
2026-03-03 10:06:00,572.29,578.44,572.0001,577.715,102647.493229
2026-03-03 10:07:00,578.225,578.9799,574.2501,575.5,59385.217672
2026-03-03 10:08:00,575.01,575.5,571.7101,573.63,67632.057352
2026-03-03 10:09:00,573.94,574.74,572.2501,574.41,49408.116969
2026-03-03 10:10:00,573.63,573.95,571.39,572.385,52119.724931
2026-03-03 10:11:00,571.94,574.005,571.79,573.125,41356.130152
2026-03-03 10:12:00,573.02,576.6,570.46,571.09,89320.970178
2026-03-03 10:13:00,571.09,572.1899,567.6,570.69,211202.64668
2026-03-03 10:14:00,570.485,573,570.1775,571.389,56682.495753
2026-03-03 10:15:00,571.5,572.4,569.19,570.9999,91089.556094
2026-03-03 10:16:00,570.9999,570.9999,567.01,569.9599,97706.248437
2026-03-03 10:17:00,569.19,569.727,567.23,567.81,71935.068087
2026-03-03 10:18:00,567.68,570.44,567.68,568,73130.041989
2026-03-03 10:19:00,568,568.82,566.4201,566.915,85127.655608
2026-03-03 10:20:00,566.62,568.44,565.39,567.105,122566.063166
2026-03-03 10:21:00,567.17,567.61,564.14,564.613,191402.930135
2026-03-03 10:22:00,565,565.2,563.1501,563.41,101704.31479
2026-03-03 10:23:00,563.55,563.64,562.5,563.3591,136974.025201
2026-03-03 10:24:00,563.01,564,562,563.1,119459.217115
2026-03-03 10:25:00,562.95,563.3,559,559.31,239036.980342
2026-03-03 10:26:00,559.36,560.63,558.1801,560.0547,113799.639903
2026-03-03 10:27:00,560.14,560.5,558.29,558.745,93083.442574
2026-03-03 10:28:00,558.2901,559,557.1001,557.9,89617.382622
2026-03-03 10:29:00,558,558.76,557.09,558.149,68343.682792
2026-03-03 10:30:00,558.23,560.68,558.23,559.76,100178.290182
2026-03-03 10:31:00,559.46,564.44,559,563.4141,122375.407833
2026-03-03 10:32:00,563.7387,563.9899,562.4101,563.14,62383.938351
2026-03-03 10:33:00,563.14,563.82,560.22,561.1,69168.547724
2026-03-03 10:34:00,561.33,562.95,560,560.245,68996.614392
2026-03-03 10:35:00,560.49,563.1599,560.245,562.61,68022.501687
2026-03-03 10:36:00,562.22,563.25,561,562.9301,81475.844556
2026-03-03 10:37:00,563.215,563.5271,561.5,562.96,44294.424389
2026-03-03 10:38:00,562.2601,564.6499,561.5001,563,49507.499581
2026-03-03 10:39:00,562.99,565.7499,562.99,564.36,59136.969142
2026-03-03 10:40:00,564.01,567.4999,563.13,566.105,74440.745553
2026-03-03 10:41:00,565.9833,566.34,563.2001,565.33,43663.430562
2026-03-03 10:42:00,565.02,566.96,564.12,564.6946,68893.152175
2026-03-03 10:43:00,564.96,564.99,563,564.29,61343.127006
2026-03-03 10:44:00,564.2449,564.7499,563.5001,564.2893,31496.028424
2026-03-03 10:45:00,564.06,566.7999,564.06,564.74,43375.619241
2026-03-03 10:46:00,564.6,567.5,563.5401,566.3,62804.682471
2026-03-03 10:47:00,566.3,569.9,565.8,568.585,76993.594925
2026-03-03 10:48:00,569,569.4499,566.0001,567.095,49684.346005
2026-03-03 10:49:00,566.5401,567.5,563.5001,565.05,74278.386486
2026-03-03 10:50:00,565.0683,565.8799,564.09,565.35,38023.525729
2026-03-03 10:51:00,565.01,567.98,565.01,567.29,42116.553344
2026-03-03 10:52:00,567.3,569.9,566.66,567.44,66847.6161
2026-03-03 10:53:00,568.035,568.8252,567.27,568.135,44094.329335
2026-03-03 10:54:00,567.8201,571,567.2701,567.83,79862.798124
2026-03-03 10:55:00,567.925,570.7099,567.6,568.375,37944.654959
2026-03-03 10:56:00,569,571,568.78,570.6539,47717.867772
2026-03-03 10:57:00,570.55,570.8999,568.801,570.8999,41792.377298
2026-03-03 10:58:00,570.28,572.85,570.23,571.5551,76592.364798
2026-03-03 10:59:00,571.9799,574.79,571.0601,574.37,100633.142076
2026-03-03 11:00:00,574.02,575.6699,572.5001,573.1344,89543.534072
2026-03-03 11:01:00,572.5801,574.74,572.55,574.14,39049.134228
2026-03-03 11:02:00,574.3469,577.5,574,577.135,75841.238344
2026-03-03 11:03:00,577.135,578,576.2901,577.64,77703.341053
2026-03-03 11:04:00,577.575,581,577.4,580.1201,123275.627873
2026-03-03 11:05:00,580.9,582.84,580.5201,582.7056,104059.040542
2026-03-03 11:06:00,582.715,583.5475,582,582.334,96699.261574
2026-03-03 11:07:00,582.5021,583.01,580.2001,581.29,85600.010642
2026-03-03 11:08:00,581.7899,582.3899,580.2501,581.26,71250.666423
2026-03-03 11:09:00,581.385,581.385,578.25,579.265,84628.813375
2026-03-03 11:10:00,579.79,580.31,578.26,579.39,43728.592018
2026-03-03 11:11:00,579.245,579.245,576.47,577.755,63855.370708
2026-03-03 11:12:00,577.755,580.7484,577.755,580.345,41115.611775
2026-03-03 11:13:00,580.604,583,578.6601,583,66656.249287
2026-03-03 11:14:00,582.98,583.47,581.8,582.3522,32361.666923
2026-03-03 11:15:00,582.35,584.12,582.1001,583.51,61710.203494
2026-03-03 11:16:00,583.51,584.31,581.57,581.93,71249.895579
2026-03-03 11:17:00,582.01,583.18,581.57,582.88,24865.873883
2026-03-03 11:18:00,583,583.82,582.1001,583.43,36423.222927
2026-03-03 11:19:00,583.6,583.8,581.67,582.25,41096.257466
2026-03-03 11:20:00,581.7,583.98,581.2,582.611,36388.425719
2026-03-03 11:21:00,582.57,583.04,580.77,582.2501,43729.407332
2026-03-03 11:22:00,582.02,583.1799,581,581.81,45038.766227
2026-03-03 11:23:00,582.34,583.39,582.0501,582.825,18349.658446
2026-03-03 11:24:00,582.5501,583.64,582.34,583.6,26574.138099
2026-03-03 11:25:00,583.53,585.77,582.6801,585.56,82707.497138
2026-03-03 11:26:00,585.625,585.87,583.0201,583.8529,46961.998263
2026-03-03 11:27:00,584,585.34,583.1101,584.0501,34679.628229
2026-03-03 11:28:00,584.1,586,584.0001,584.7301,30041.899075
2026-03-03 11:29:00,585,585,583.0001,583.0001,24820.682479
2026-03-03 11:30:00,583.75,584.06,582.6588,583.23,22677.14383
2026-03-03 11:31:00,583.51,584.57,583.01,583.0101,33629.835627
2026-03-03 11:32:00,583.4737,583.4737,581.2001,582.355,46967.573235
2026-03-03 11:33:00,582.355,583.38,581.51,582.25,27037.937883
2026-03-03 11:34:00,582.5,585.75,582.2763,585.01,47356.590969
2026-03-03 11:35:00,584.86,586.6199,584.68,586.2901,43943.26986
2026-03-03 11:36:00,586.265,588.19,586.04,587.79,61516.310577
2026-03-03 11:37:00,587.79,588.88,587.0001,587.922,50184.148326
2026-03-03 11:38:00,587.499,587.499,585,587.0435,36662.329577
2026-03-03 11:39:00,586.51,588.5999,586.3001,588,38063.043911
2026-03-03 11:40:00,588.255,588.5081,587,588.2,31814.86928
2026-03-03 11:41:00,588.19,588.9,587.5,587.5,44981.787642
2026-03-03 11:42:00,587.3501,588.49,586,586.4851,36598.890178
2026-03-03 11:43:00,586.0001,589.4,585.8201,589,49141.053749
2026-03-03 11:44:00,588.72,590.61,588.1201,590.35,64322.757727
2026-03-03 11:45:00,590.51,591.49,590.16,590.7536,55278.136136
2026-03-03 11:46:00,590.78,593,590.3501,592.2,65300.758658
2026-03-03 11:47:00,591.8401,593.01,590.6001,592.28,65406.347734
2026-03-03 11:48:00,592.53,593,590.5001,592.3499,72731.229424
2026-03-03 11:49:00,592.34,592.34,590,591.45,39913.135662
2026-03-03 11:50:00,591.405,591.98,589.3,589.81,37041.734209
2026-03-03 11:51:00,589.846,590.5757,589.11,589.305,28136.503085
2026-03-03 11:52:00,589.3051,589.7999,588.2927,589.304,28975.72968
2026-03-03 11:53:00,589.61,592.3299,588.9601,591.2,53146.085296
2026-03-03 11:54:00,591.2699,592.06,590.2001,592.06,30757.381513
2026-03-03 11:55:00,591.6801,592.51,590.7701,591.5,25421.743628
2026-03-03 11:56:00,591.74,592.1659,590.41,591.49,26603.500992
2026-03-03 11:57:00,591.49,592.64,590.7301,592.07,22811.548229
2026-03-03 11:58:00,592.0001,592.8,590.51,590.7223,28968.34489
2026-03-03 11:59:00,590.73,592.47,590.43,591.3101,24115.47824
2026-03-03 12:00:00,591.655,593.16,590.8001,592.7751,35429.941742
2026-03-03 12:01:00,593.1049,593.16,591.6001,592.8183,23175.547734
2026-03-03 12:02:00,593.03,593.1599,591.6401,592.5,26719.323345
2026-03-03 12:03:00,592.7,592.9999,590.8501,591.0001,33342.277846
2026-03-03 12:04:00,591.43,592.47,590.731,591.7252,29471.742763
2026-03-03 12:05:00,591.6001,592.99,591.35,592.115,16733.046222
2026-03-03 12:06:00,592.115,592.115,589,590.775,57620.485174
2026-03-03 12:07:00,590.82,591.49,588.55,589.01,29794.319072
2026-03-03 12:08:00,588.955,590.17,588.3,589.765,51993.581024
2026-03-03 12:09:00,589.775,590.5,589.0501,589.64,21400.60038
2026-03-03 12:10:00,589.62,590.45,589.02,589.425,46760.575703
2026-03-03 12:11:00,589.5848,590,587.28,587.28,42546.279528
2026-03-03 12:12:00,587.555,588.9,587,588.1301,43269.725487
2026-03-03 12:13:00,588.515,588.89,586.32,586.6204,33758.914347
2026-03-03 12:14:00,586.81,588.46,586.5201,587.3582,26633.364983
2026-03-03 12:15:00,587.34,587.6851,586,586.0101,26487.494226
2026-03-03 12:16:00,586.68,587.3499,585.5001,585.7801,26180.292373
2026-03-03 12:17:00,586.407,587.14,585.9,586.955,16996.293609
2026-03-03 12:18:00,586.45,589.5,586.32,588.0001,60644.888349
2026-03-03 12:19:00,588.9999,589,587.92,588.3,21678.499786
2026-03-03 12:20:00,588.305,588.48,585.5,585.705,35058.414687
2026-03-03 12:21:00,585.705,587.5271,585.51,587.415,19142.32026
2026-03-03 12:22:00,587.4,587.82,586.07,587.18,16705.237631
2026-03-03 12:23:00,587.63,588,586.59,587.5,32778.226379
2026-03-03 12:24:00,587.51,588.5,586.6601,587.25,52439.210119
2026-03-03 12:25:00,587.462,588,587,587.12,19047.630998
2026-03-03 12:26:00,586.89,587.12,584.15,585.38,34543.710395
2026-03-03 12:27:00,585.7858,585.7858,584.5,584.5,18407.397765
2026-03-03 12:28:00,584.31,586,584.02,585.65,21289.537447
2026-03-03 12:29:00,585.51,587.6499,585.12,587.13,27383.390808
2026-03-03 12:30:00,587.13,587.4999,585,585.605,26198.691083
2026-03-03 12:31:00,585.0101,585.62,582.91,582.9741,28826.178057
2026-03-03 12:32:00,583,584.5,582.51,582.59,47828.319262
2026-03-03 12:33:00,582.52,583.9899,582.52,583.44,18188.713021
2026-03-03 12:34:00,583.01,584.5,582.68,584.5,25675.835853
2026-03-03 12:35:00,584.45,584.8,582.42,582.81,38403.231679
2026-03-03 12:36:00,582.6101,584.5,581.6,583.7801,36852.315085
2026-03-03 12:37:00,584,584.6199,582.531,583.52,20660.626117
2026-03-03 12:38:00,583.9999,584,582.301,582.99,13875.728387
2026-03-03 12:39:00,582.3019,583,581.81,582.235,21344.292188
2026-03-03 12:40:00,581.99,584.5,581.8001,584.21,29818.337327
2026-03-03 12:41:00,584.6199,585.6,584.0101,584.505,22057.166092
2026-03-03 12:42:00,584.02,585.38,584.0101,584.795,14573.008522
2026-03-03 12:43:00,584.865,586.8,584.5201,586,23463.469249
2026-03-03 12:44:00,586.18,587.11,585.39,586.8177,30228.815445
2026-03-03 12:45:00,586.7726,587.13,585.33,586.345,34741.213742
2026-03-03 12:46:00,586.345,587.7775,586.3,587.7775,23899.597899
2026-03-03 12:47:00,587.76,588.58,586.77,587.795,51952.68902
2026-03-03 12:48:00,587.83,588.58,586.8,587.78,20325.493604
2026-03-03 12:49:00,587.35,588.3009,586.85,587.56,14720.798965
2026-03-03 12:50:00,587.57,588.2903,586.871,587.31,16396.236636
2026-03-03 12:51:00,587.34,588.58,587.09,587.55,18344.175071
2026-03-03 12:52:00,587.808,587.808,585.7001,586.78,19254.076066
2026-03-03 12:53:00,586.99,587,583.4,584.075,35865.169919
2026-03-03 12:54:00,584.075,584.91,582.5,582.63,25032.209262
2026-03-03 12:55:00,582.63,582.9999,581.9401,582.3501,26865.966712
2026-03-03 12:56:00,582.25,583.93,582,583.56,33285.343096
2026-03-03 12:57:00,583.6976,584.3899,583.1301,583.8,15511.606411
2026-03-03 12:58:00,584.2,584.3,583.3001,584.0499,7623.128208
2026-03-03 12:59:00,583.3,584.2199,582.511,583.4999,20304.001117
2026-03-03 13:00:00,583,585.3992,582.29,585.3992,25037.13284
2026-03-03 13:01:00,585.29,586.5,584.87,586.06,23481.353882
2026-03-03 13:02:00,586.182,587.32,584.47,585.23,34843.70759
2026-03-03 13:03:00,584.53,584.775,583.5001,583.94,13734.453006
2026-03-03 13:04:00,583.7201,585.9999,583.501,585.365,11323.598197
2026-03-03 13:05:00,584.85,585.8499,584.7301,585.44,14380.75668
2026-03-03 13:06:00,585.34,587,585.0101,586.2034,15019.740302
2026-03-03 13:07:00,585.4101,586.615,585.4101,586.38,12590.608833
2026-03-03 13:08:00,585.89,586.61,585.75,586.305,7130.864109
2026-03-03 13:09:00,586.36,587.4099,585.8301,586.475,18845.445889
2026-03-03 13:10:00,586.2701,586.475,584.6601,584.84,14195.662395
2026-03-03 13:11:00,584.83,585.075,584,584.4451,14291.063614
2026-03-03 13:12:00,584.8299,586.39,584.495,586.39,16838.310093
2026-03-03 13:13:00,585.501,585.995,584.94,585.085,10935.363648
2026-03-03 13:14:00,584.57,586,583.5,585.0944,29054.576842
2026-03-03 13:15:00,585.77,586.4899,585.6001,586.4899,10816.170392
2026-03-03 13:16:00,585.81,586.66,585.77,586.285,8369.085533
2026-03-03 13:17:00,586.25,587.2999,585.8871,586.75,13965.627823
2026-03-03 13:18:00,586.855,586.855,586.05,586.8,8667.869235
2026-03-03 13:19:00,586.355,588.11,586.355,587.5481,18523.118086
2026-03-03 13:20:00,587.65,589.5,587.65,588.62,30041.290556
2026-03-03 13:21:00,588.625,590,588.311,589.655,22724.874408
2026-03-03 13:22:00,589.41,591,589,590.5779,42432.332299
2026-03-03 13:23:00,590.515,592.85,589.44,591.755,39041.447105
2026-03-03 13:24:00,591.755,592.58,591.3801,591.3801,21621.221207
2026-03-03 13:25:00,591.468,592.88,591.33,592.32,29809.327173
2026-03-03 13:26:00,592.37,592.9,591.06,591.9462,28797.121093
2026-03-03 13:27:00,591.605,591.8,590.1,590.605,25950.443918
2026-03-03 13:28:00,590.605,590.99,589.5101,590.3756,23903.558951
2026-03-03 13:29:00,590.121,590.4799,588.2101,588.93,23661.312176
2026-03-03 13:30:00,588.91,589.42,588.3001,589.405,9692.205418
2026-03-03 13:31:00,589.405,589.95,588.8701,589.365,12974.693349
2026-03-03 13:32:00,588.7501,591,588.51,590.592,21391.15126
2026-03-03 13:33:00,590.15,591.17,590.15,590.66,13905.414659
2026-03-03 13:34:00,590.655,591.4799,590.1601,590.86,8174.717381
2026-03-03 13:35:00,590.95,591.15,589.08,590.47,26457.955231
2026-03-03 13:36:00,590.85,591.43,589.66,591.3,19053.217848
2026-03-03 13:37:00,591.34,591.44,589.26,590.28,19530.726177
2026-03-03 13:38:00,589.771,592,589.57,591.44,20743.79278
2026-03-03 13:39:00,591.84,591.99,590.2601,590.5906,13064.569006
2026-03-03 13:40:00,590.5001,591.69,590.5001,591.67,9608.922565
2026-03-03 13:41:00,591.39,592.45,590.5,590.58,39774.370887
2026-03-03 13:42:00,590.78,591.49,590.2001,591,22282.487057
2026-03-03 13:43:00,590.45,591.93,590.2001,590.87,18166.158681
2026-03-03 13:44:00,590.66,591.1335,589.0801,589.52,25903.539962
2026-03-03 13:45:00,589.41,590.66,588.6101,590.045,29659.72514
2026-03-03 13:46:00,589.9001,590.23,588.37,588.8,17386.006798
2026-03-03 13:47:00,588.8,589.26,587.4901,587.62,22792.383561
2026-03-03 13:48:00,588.0347,588.4899,587.092,588.4899,30302.87403
2026-03-03 13:49:00,587.73,588.6,587.73,588.4423,19032.04777
2026-03-03 13:50:00,588,588.75,587.8401,588.639,21873.555598
2026-03-03 13:51:00,588.55,589.5,587.39,587.59,28866.237071
2026-03-03 13:52:00,587.8075,587.9973,586.5001,587.9973,21271.807066
2026-03-03 13:53:00,588.4099,588.4099,586.56,587.17,22681.262527
2026-03-03 13:54:00,587.23,587.8899,586.55,586.6,14545.514849
2026-03-03 13:55:00,586.875,587.005,585.08,585.0801,29315.414306
2026-03-03 13:56:00,585.4439,586.7499,585.1001,585.7501,23725.52117
2026-03-03 13:57:00,585.94,586.51,585.6601,586.25,11067.959433
2026-03-03 13:58:00,586.21,587.22,585.8401,586.51,12397.41759
2026-03-03 13:59:00,586.89,587,586.1,586.24,11725.65995
2026-03-03 14:00:00,586.495,587.35,586.1101,587.045,18013.096549
2026-03-03 14:01:00,587.045,588.15,587.045,587.927,14344.75563
2026-03-03 14:02:00,587.71,587.71,585.5701,585.58,25401.583266
2026-03-03 14:03:00,585.5801,586.98,585.5701,586.19,10656.903139
2026-03-03 14:04:00,586.15,586.54,585.8801,586.41,5206.442887
2026-03-03 14:05:00,586.31,587.13,585.2501,585.8,16768.792278
2026-03-03 14:06:00,585.8,586.3,584,585.4322,20546.466252
2026-03-03 14:07:00,584.1009,585.04,583.2201,583.68,28687.901882
2026-03-03 14:08:00,583.7165,584.13,581.49,581.49,55442.893899
2026-03-03 14:09:00,581.46,582.07,580.0601,580.35,39989.014016
2026-03-03 14:10:00,580.5,580.5,579,579.485,54880.697768
2026-03-03 14:11:00,579.505,580,578.33,579.49,60629.817707
2026-03-03 14:12:00,579.49,580.7999,578.9801,580.19,33624.881453
2026-03-03 14:13:00,580.2099,580.52,579.25,580.125,43261.413987
2026-03-03 14:14:00,579.79,580.1999,579.0301,579.3268,31099.390507
2026-03-03 14:15:00,579.57,580.5,578.23,579.88,42861.480722
2026-03-03 14:16:00,579.88,580.44,579.26,579.7499,24055.894069
2026-03-03 14:17:00,579.75,579.75,578.6101,578.87,17186.851313
2026-03-03 14:18:00,578.895,579.7499,575.52,575.54,92449.540161
2026-03-03 14:19:00,575.53,578,575.53,575.775,71084.424584
2026-03-03 14:20:00,575.95,579.96,575.775,578.46,56884.675369
2026-03-03 14:21:00,578.36,580.48,578.0001,578.035,42382.815163
2026-03-03 14:22:00,578.43,579.9699,577.865,579.5697,18909.837266
2026-03-03 14:23:00,579.5697,579.9199,578.15,579,21271.933914
2026-03-03 14:24:00,579,579.1399,577.82,577.98,23523.873082
2026-03-03 14:25:00,578,578.68,577.5,577.88,21975.078406
2026-03-03 14:26:00,577.55,578.23,575.74,575.9999,42489.278644
2026-03-03 14:27:00,575.605,575.9999,574,574,86456.844741
2026-03-03 14:28:00,574,574.8598,573.305,573.96,63017.839456
2026-03-03 14:29:00,573.4901,575,573.4901,573.98,32378.178362
2026-03-03 14:30:00,574.0158,575,573.02,574.8037,29408.51663
2026-03-03 14:31:00,574.9999,575.73,573.2001,574.9301,27905.145816
2026-03-03 14:32:00,574.9301,575.86,574,574.5,22710.223502
2026-03-03 14:33:00,574.5,575.4,574.38,574.38,18539.920433
2026-03-03 14:34:00,574.0801,574.6263,573.39,574.1751,29470.185139
2026-03-03 14:35:00,574.26,574.73,573.71,574,31382.514952
2026-03-03 14:36:00,574.1,574.5999,573.0201,573.3239,21400.283364
2026-03-03 14:37:00,573.5,578.365,573.05,578.365,71104.893786
2026-03-03 14:38:00,578.22,579.389,576.4901,577.04,34942.437147
2026-03-03 14:39:00,577.7899,577.7899,575.47,575.88,20410.187168
2026-03-03 14:40:00,576.07,576.59,574.76,575.21,25255.286694
2026-03-03 14:41:00,574.895,577.1645,574.52,575.735,30390.039738
2026-03-03 14:42:00,575.32,576.49,574.37,574.82,23587.427978
2026-03-03 14:43:00,574.4101,576,573.51,575.4301,28784.71022
2026-03-03 14:44:00,575.8599,576.9899,574.53,576.2,24436.234584
2026-03-03 14:45:00,576.4681,577.7,575.99,576.7167,27242.2478
2026-03-03 14:46:00,577.06,578.155,576.5001,577.255,28293.826214
2026-03-03 14:47:00,577.255,577.98,576.46,577.01,23916.060239
2026-03-03 14:48:00,577.62,577.89,574.51,575.625,34151.957906
2026-03-03 14:49:00,575.5,576.1599,573.5113,573.9,33658.99694
2026-03-03 14:50:00,573.9444,574.4099,572.4,573.28,40119.871176
2026-03-03 14:51:00,573.3267,573.8,570.03,570.6951,46234.197193
2026-03-03 14:52:00,570.5,570.5,567,567.22,103774.233725
2026-03-03 14:53:00,567.383,567.79,566.5001,567.045,44191.298142
2026-03-03 14:54:00,567.05,569.55,566.8301,569.02,57078.266836
2026-03-03 14:55:00,569.02,569.61,568.11,569.265,28116.851412
2026-03-03 14:56:00,569.265,570.634,569.265,570.23,28198.661373
2026-03-03 14:57:00,570,571.5,569.63,570.25,25814.484314
2026-03-03 14:58:00,570,570.52,568.0001,568.14,26493.394087
2026-03-03 14:59:00,568.565,569.8468,568.13,568.75,18205.452527
2026-03-03 15:00:00,568.5,569.3572,566.37,566.5,40342.183251
2026-03-03 15:01:00,566.59,568.48,565.51,567.05,80236.367681
2026-03-03 15:02:00,566.9,567.64,566.5001,567.26,26788.094959
2026-03-03 15:03:00,567.34,567.8999,565.5101,567.575,30327.176283
2026-03-03 15:04:00,567.7367,568.28,566.8101,567.66,23923.987922
2026-03-03 15:05:00,567.5451,568.86,567.3201,568.3,33074.09177
2026-03-03 15:06:00,568.3,568.42,565.1001,566.33,49652.07744
2026-03-03 15:07:00,566.66,567,565.41,566.09,26213.029638
2026-03-03 15:08:00,566.5,567.4999,565.7,566.17,31422.523604
2026-03-03 15:09:00,566.255,566.5,565.5,566.5,28499.543884
2026-03-03 15:10:00,566.305,568,566.305,567.09,35137.58123
2026-03-03 15:11:00,567.325,567.8099,566.31,567.031,16872.186792
2026-03-03 15:12:00,567.42,567.42,566.161,566.36,24952.910864
2026-03-03 15:13:00,566.33,568.86,565.41,568.551,32697.371536
2026-03-03 15:14:00,568.345,568.39,566.851,567.2,21158.256561
2026-03-03 15:15:00,567.2,569.79,566.921,569.52,42280.32528
2026-03-03 15:16:00,569.395,570.88,569.05,569.57,40314.674133
2026-03-03 15:17:00,569.11,569.75,567.081,567.081,38177.121157
2026-03-03 15:18:00,567.54,567.54,566.43,567.4,21124.842547
2026-03-03 15:19:00,567,568,566.4201,566.75,35523.063558
2026-03-03 15:20:00,567,569,566.66,568.3101,20683.769885
2026-03-03 15:21:00,569.146,569.1999,568,569.1799,26868.5139
2026-03-03 15:22:00,568.915,569.18,566.2101,566.48,41889.526825
2026-03-03 15:23:00,566.5,567.07,566.06,566.0623,28029.764279
2026-03-03 15:24:00,566.0101,568.33,566.01,567.51,29004.238674
2026-03-03 15:25:00,567.695,567.999,566.0201,566.77,19222.846674
2026-03-03 15:26:00,566.44,566.45,565.61,565.6807,34616.240719
2026-03-03 15:27:00,565.75,566,564.7,564.99,49658.116719
2026-03-03 15:28:00,565.09,566.11,564.761,565.98,35880.181587
2026-03-03 15:29:00,565.61,565.95,564.5,564.665,30748.014799
2026-03-03 15:30:00,564.5,566.4599,564.5,566.1614,25701.803604
2026-03-03 15:31:00,565.99,566.4599,564.8201,565.75,21369.04495
2026-03-03 15:32:00,565.0968,568.5,564.61,567.9,47097.070683
2026-03-03 15:33:00,568.092,568.9,567.3201,568.44,21840.873535
2026-03-03 15:34:00,568.41,568.75,567.21,567.88,31326.701137
2026-03-03 15:35:00,568.02,570.48,567.8,569.86,35624.098735
2026-03-03 15:36:00,569.81,572.16,569.81,571.28,51954.478307
2026-03-03 15:37:00,571.12,571.12,569.27,570.795,37002.621261
2026-03-03 15:38:00,570.97,571.1,569.0001,569.42,24132.319964
2026-03-03 15:39:00,569.68,569.99,568.77,569.2,22139.713596
2026-03-03 15:40:00,569.9999,571.24,569.2,570.785,25388.49315
2026-03-03 15:41:00,570.975,571,569.5201,569.965,25104.972855
2026-03-03 15:42:00,570.32,571.07,569.6101,570.55,18710.445198
2026-03-03 15:43:00,570.5401,571.15,569.7701,571.07,28814.222397
2026-03-03 15:44:00,571,571.3299,569.95,570.33,25419.902081
2026-03-03 15:45:00,570.3101,570.86,570.1301,570.85,18816.002998
2026-03-03 15:46:00,570.1983,572.28,570.1983,570.74,45117.656701
2026-03-03 15:47:00,570.52,571.6683,570.121,571.0001,26872.686252
2026-03-03 15:48:00,571.46,571.79,569.05,569.05,33749.130803
2026-03-03 15:49:00,569.64,570.36,566.9301,566.94,63341.841152
2026-03-03 15:50:00,567.31,569.75,566.6801,567.6217,34570.920752
2026-03-03 15:51:00,567.58,567.9999,565.234,565.68,58572.993661
2026-03-03 15:52:00,566,566.8699,562.2901,562.95,64859.293734
2026-03-03 15:53:00,562.86,564.5904,562.2801,564.29,59832.213102
2026-03-03 15:54:00,563.83,565.5524,563.25,563.76,57072.448478
2026-03-03 15:55:00,563.515,565.5799,562.5,565.27,73161.658567
2026-03-03 15:56:00,565.209,565.58,564.125,564.17,50734.758237
2026-03-03 15:57:00,564.23,564.9999,563.42,564.31,54250.711164
2026-03-03 15:58:00,564.23,564.64,564.05,564.545,57129.34945
2026-03-03 15:59:00,564.545,566.25,564.4301,565.52,149200.747977
2026-03-04 09:30:00,586.84,592.23,584.7401,587.0001,292426.627971
2026-03-04 09:31:00,587.99,591.5899,582.1401,585.645,131628.317856
2026-03-04 09:32:00,585.64,587.4899,581.2201,583.7301,88118.751477
2026-03-04 09:33:00,584.41,585.8499,580.101,585.8499,108337.526252
2026-03-04 09:34:00,585.7599,588.99,582.61,587.4493,85239.058314
2026-03-04 09:35:00,587.055,587.37,580.0201,581.61,82684.437039
2026-03-04 09:36:00,581.61,583.8799,580.52,581.035,71775.807669
2026-03-04 09:37:00,580.57,583.9,579.95,583.9,108170.477408
2026-03-04 09:38:00,583.5,584.1,580.1001,581.54,58995.420578
2026-03-04 09:39:00,581.13,584,578.57,579.0701,93043.971004
2026-03-04 09:40:00,579.86,580.95,577.7001,578.7161,73906.784117
2026-03-04 09:41:00,579.45,583.5,578.73,579.0701,84467.471394
2026-03-04 09:42:00,579.94,581.2999,576.5,580.93,84467.294579
2026-03-04 09:43:00,580.72,585.37,578.71,579.775,129834.740409
2026-03-04 09:44:00,579.8152,581,577.7802,577.7802,68105.1803
2026-03-04 09:45:00,577.78,579.97,576.3,579.0125,57142.64756
2026-03-04 09:46:00,578.825,582.38,578.281,581.505,60402.946594
2026-03-04 09:47:00,582.08,586.5,581.9,584.27,134735.539308
2026-03-04 09:48:00,584.03,585.83,579.08,580.4745,106551.718901
2026-03-04 09:49:00,580.49,585.95,580.49,584.765,69953.669734
2026-03-04 09:50:00,584.6979,587.78,584.5592,586.08,115244.239301
2026-03-04 09:51:00,585.5,586.01,581.59,583.645,69081.089145
2026-03-04 09:52:00,583.4037,585.3999,582.5001,584.5,56738.429379
2026-03-04 09:53:00,584,584.93,582.501,583.47,30007.821778
2026-03-04 09:54:00,583.24,584.1,579.7,580.992,88252.875178
2026-03-04 09:55:00,580.8,583.6899,580.0701,583,39882.361769
2026-03-04 09:56:00,583.15,584.8799,582,583,36571.461866
2026-03-04 09:57:00,582.9437,583.85,581.0101,582.3737,32321.425011
2026-03-04 09:58:00,581.6098,584.23,581.501,582.0401,38571.851866
2026-03-04 09:59:00,582,582.6,580.3,580.79,32297.193991
2026-03-04 10:00:00,581.32,583.4556,580.1,582.97,52888.161046
2026-03-04 10:01:00,582.725,587,582.44,586.79,92129.706519
2026-03-04 10:02:00,586.64,587.5999,585.4001,586.1009,75450.395533
2026-03-04 10:03:00,586.7695,587.35,584.4501,585,49007.477027
2026-03-04 10:04:00,584.74,588.03,583.0001,586.665,91225.701962
2026-03-04 10:05:00,586.665,587.91,584.31,584.43,52931.789924
2026-03-04 10:06:00,584.71,589.49,584.71,587.95,168511.200112
2026-03-04 10:07:00,587.79,588.72,586,588.14,52941.483469
2026-03-04 10:08:00,588.08,589.7699,587.0201,589.7699,55349.605215
2026-03-04 10:09:00,589.59,590.59,588.33,588.33,88499.083042
2026-03-04 10:10:00,588.3301,589.68,587.3001,587.67,47576.260716
2026-03-04 10:11:00,587.51,587.51,585.2401,587.4299,58334.454123
2026-03-04 10:12:00,586.85,589.68,586.18,588.78,54177.742849
2026-03-04 10:13:00,588.75,588.9899,587.27,587.27,49295.526591
2026-03-04 10:14:00,587.655,587.655,585.8,587.18,38480.61574
2026-03-04 10:15:00,587.3,589.4,586.5101,589,42984.084537
2026-03-04 10:16:00,589.39,590.64,588.2201,589.73,80059.949841
2026-03-04 10:17:00,589.495,591.4,588.91,591.0606,107063.304971
2026-03-04 10:18:00,591.2152,592.92,589.1567,592.71,116635.257499
2026-03-04 10:19:00,592.5356,596.65,592.0001,596.125,160419.160954
2026-03-04 10:20:00,596.32,598.74,596.1601,597.65,131693.280251
2026-03-04 10:21:00,597.58,600.6,597.13,599.675,206627.223905
2026-03-04 10:22:00,599.72,600.71,598,598.0901,141235.901909
2026-03-04 10:23:00,598.6854,599,596.32,598.18,75418.020709
2026-03-04 10:24:00,597.74,599.33,597.25,598.36,69981.83514
2026-03-04 10:25:00,598.75,601.86,596.4801,600.65,90757.816665
2026-03-04 10:26:00,600.0322,600.6612,597.5001,600,78398.599829
2026-03-04 10:27:00,600,601.13,599.3,600.78,87676.939807
2026-03-04 10:28:00,600.7799,601.2299,599.83,600.01,61233.778077
2026-03-04 10:29:00,600.1951,602.2167,599.0075,600.9725,86621.587081
2026-03-04 10:30:00,601,604.2,600.0201,602.9999,74025.811299
2026-03-04 10:31:00,602.55,602.8599,600.7301,602.8199,63311.738526
2026-03-04 10:32:00,601.99,602.82,600.21,600.753,34573.656834
2026-03-04 10:33:00,600.5,601.69,600,600.94,69698.518473
2026-03-04 10:34:00,601,601.69,599.5,600.0013,57022.384396
2026-03-04 10:35:00,600.445,601,597.57,599.2606,92423.084729
2026-03-04 10:36:00,598.795,601.52,598.78,599.98,80511.681243
2026-03-04 10:37:00,599.54,600.7139,597.455,598.51,65893.255717
2026-03-04 10:38:00,599,599.69,598.35,599.46,35891.897061
2026-03-04 10:39:00,599.76,600.5,596.6111,597.2063,58439.852974
2026-03-04 10:40:00,597.2748,599.4299,596.5701,598.43,80894.070271
2026-03-04 10:41:00,598.51,600.5,597.71,600.13,40316.929084
2026-03-04 10:42:00,600.28,602.7899,599.0001,601.345,67311.781815
2026-03-04 10:43:00,601.28,602.77,598.5001,599.295,41035.581557
2026-03-04 10:44:00,599.295,601.8499,598.88,600.425,33004.433744
2026-03-04 10:45:00,600.66,601.1,598.35,600.55,37958.341933
2026-03-04 10:46:00,601,601.56,600,601.215,23188.984606
2026-03-04 10:47:00,601.215,602.7,600,601.17,49458.99813
2026-03-04 10:48:00,600.795,603.03,600.62,601.7,51445.671693
2026-03-04 10:49:00,602,602,600.41,601.12,43073.372473
2026-03-04 10:50:00,601.455,604.63,601.0001,604.5349,55632.49465
2026-03-04 10:51:00,604.72,606.39,604.5,605.96,114082.045459
2026-03-04 10:52:00,605.99,606.4899,604.95,605.28,56759.139602
2026-03-04 10:53:00,605.28,605.7699,603,604.1,46188.514905
2026-03-04 10:54:00,604.1,604.7199,603,603.435,26180.415805
2026-03-04 10:55:00,603.7051,603.7051,602.0001,602.9,29370.268032
2026-03-04 10:56:00,602.245,604.5,601.76,604.17,48722.481873
2026-03-04 10:57:00,603.7,605.69,603.201,604.79,41488.127315
2026-03-04 10:58:00,604.3801,605.89,604.3801,605.585,26783.315825
2026-03-04 10:59:00,605.735,606.5,605,606.255,41282.937603
2026-03-04 11:00:00,606.255,606.99,605.7001,605.7001,47024.036434
2026-03-04 11:01:00,606.005,607.48,605.561,606.4099,43744.613893
2026-03-04 11:02:00,606.215,606.6986,604.69,605.065,49419.119957
2026-03-04 11:03:00,604.5021,606.2,603.6101,604.16,33526.348131
2026-03-04 11:04:00,603.9,605,603.8196,603.9,28136.230666
2026-03-04 11:05:00,603.875,604.175,602.09,602.3681,42335.96144
2026-03-04 11:06:00,602.385,605.5,602.0901,604.56,41155.098116
2026-03-04 11:07:00,604.77,606.3999,604.25,605.03,32531.634721
2026-03-04 11:08:00,604.77,605.32,603.3901,603.75,19131.928466
2026-03-04 11:09:00,603.606,604.98,603.13,603.13,18249.185015
2026-03-04 11:10:00,603.44,604.5,602.5,602.5,22893.530504
2026-03-04 11:11:00,602.48,603.07,601.5501,601.81,41720.020012
2026-03-04 11:12:00,601.855,601.89,598.5908,598.83,111746.459513
2026-03-04 11:13:00,599.0993,599.3902,597.85,598.3,54588.877584
2026-03-04 11:14:00,598.01,598.7599,597.44,598.22,48281.025866
2026-03-04 11:15:00,598.5125,599.77,597.1401,599,62422.161682
2026-03-04 11:16:00,599.43,599.97,598.59,598.82,24514.295895
2026-03-04 11:17:00,598.92,599.8,598.31,598.32,30679.149373
2026-03-04 11:18:00,598.27,599.5,597.7305,598.4401,28898.780325
2026-03-04 11:19:00,598.51,599.9,597.9,598.725,28164.509449
2026-03-04 11:20:00,598.4501,599.1,598.2,598.963,18876.308946
2026-03-04 11:21:00,598.5701,599.96,598.08,598.2001,38171.950804
2026-03-04 11:22:00,598.6,599,597.14,598.9899,32195.266329
2026-03-04 11:23:00,598.58,599.46,597.845,599.02,28157.934652
2026-03-04 11:24:00,599.35,599.41,597.8,598.63,30563.258811
2026-03-04 11:25:00,598.88,599.7,598.1001,598.7867,31400.095873
2026-03-04 11:26:00,598.88,599.8,598.71,599.33,21109.536297
2026-03-04 11:27:00,599.49,600,599,599.93,20635.941911
2026-03-04 11:28:00,599.77,599.8999,597.97,598.98,37594.271509
2026-03-04 11:29:00,598.55,598.83,598,598.05,17117.685036
2026-03-04 11:30:00,598.04,599.55,597.77,598.535,34636.142576
2026-03-04 11:31:00,598.68,600.065,597.7757,599.28,49847.573715
2026-03-04 11:32:00,599.5704,599.93,598.72,599.69,11642.389184
2026-03-04 11:33:00,599.61,601.8108,599.4,601.06,33193.377493
2026-03-04 11:34:00,601.2501,601.4999,598.91,599.0549,24988.357043
2026-03-04 11:35:00,598.775,600.49,598,599.675,38667.293882
2026-03-04 11:36:00,599.48,601.72,599.48,601.0713,23528.150469
2026-03-04 11:37:00,601.14,602.4585,600.9987,601.595,29966.980671
2026-03-04 11:38:00,601.6962,602.4999,600.32,601.7962,24859.833337
2026-03-04 11:39:00,601.98,601.98,601.0001,601.15,18158.297555
2026-03-04 11:40:00,601.47,603.8,601.06,603.61,28135.108108
2026-03-04 11:41:00,603.93,604.4999,603.1101,603.71,30617.126429
2026-03-04 11:42:00,603.71,604.2,603.26,603.9999,30914.958139
2026-03-04 11:43:00,603.83,604,603.0106,603.275,17354.816144
2026-03-04 11:44:00,603.0501,603.8899,602.93,603.21,21832.708101
2026-03-04 11:45:00,603.28,603.63,602.98,603.2463,22505.03056
2026-03-04 11:46:00,603.25,603.5425,603.12,603.17,8084.483498
2026-03-04 11:47:00,603.295,603.3199,602.1001,602.4675,39023.557434
2026-03-04 11:48:00,602.16,603,601.57,602.675,26998.976371
2026-03-04 11:49:00,602.6,602.84,602.2,602.415,13629.904356
2026-03-04 11:50:00,602.41,602.76,602,602.36,13486.920128
2026-03-04 11:51:00,602.59,603.51,602.2,603.1001,23516.976087
2026-03-04 11:52:00,603.2775,603.8,602.5001,603.4818,24373.670223
2026-03-04 11:53:00,603.73,604.83,603.2201,604.5,31648.201132
2026-03-04 11:54:00,604.69,604.98,603.7,604.01,22978.094652
2026-03-04 11:55:00,604,605,603.4132,603.62,71017.301231
2026-03-04 11:56:00,603.54,603.6,602.16,602.365,15783.706558
2026-03-04 11:57:00,602.19,603.1699,601.8801,602.5401,24591.081108
2026-03-04 11:58:00,602.54,603.17,602.02,602.795,16998.577271
2026-03-04 11:59:00,602.45,602.815,601.19,601.445,23884.57142
2026-03-04 12:00:00,601.8099,603.02,601.0801,602.8401,24584.391557
2026-03-04 12:01:00,603.09,603.74,602.6701,603.09,18890.977051
2026-03-04 12:02:00,603.32,603.74,602.68,602.925,14414.527309
2026-03-04 12:03:00,602.85,604.47,602.4789,603.2,29328.231859
2026-03-04 12:04:00,603.01,604.19,602.89,603.245,15653.510599
2026-03-04 12:05:00,603.3234,603.8,603,603.38,21047.026932
2026-03-04 12:06:00,603.12,603.3799,601.4001,601.9471,28914.151327
2026-03-04 12:07:00,602.12,602.15,599.49,599.635,44537.967765
2026-03-04 12:08:00,599.4,600.68,599.3901,600.68,57545.357624
2026-03-04 12:09:00,600.2794,600.2794,598.26,598.475,46175.880748
2026-03-04 12:10:00,598.475,599.135,597.09,598.86,57043.746612
2026-03-04 12:11:00,598.73,598.875,597.5163,597.905,16100.216348
2026-03-04 12:12:00,597.947,599.93,597.74,599.66,23534.632382
2026-03-04 12:13:00,599.4075,600.1199,597.4,598.0001,63469.455717
2026-03-04 12:14:00,598.1992,598.7999,598.02,598.265,13408.075005
2026-03-04 12:15:00,598.22,598.5,597.05,597.8,23088.100335
2026-03-04 12:16:00,597.8,598.49,597.5001,598.49,10186.041286
2026-03-04 12:17:00,598.1203,599.7753,598.1203,599.135,22009.081162
2026-03-04 12:18:00,599.26,600.4,599.07,599.5036,20192.205364
2026-03-04 12:19:00,599.5,600.4399,599.0801,600.2687,12503.588807
2026-03-04 12:20:00,600.2836,600.39,599.1,599.121,13076.720868
2026-03-04 12:21:00,599.29,599.96,598.51,598.52,14383.677051
2026-03-04 12:22:00,598.5,599.16,597.41,597.48,16266.472508
2026-03-04 12:23:00,597.4001,597.9999,596.01,596.4,49594.161272
2026-03-04 12:24:00,596.11,598.22,596.11,598.22,21293.066091
2026-03-04 12:25:00,597.35,598.7,597.2301,598.5,15221.298865
2026-03-04 12:26:00,598.5,598.5,597.58,597.965,13825.546755
2026-03-04 12:27:00,597.58,597.8099,597,597.01,17202.406873
2026-03-04 12:28:00,597.0484,597.29,596.1501,596.9801,12746.758913
2026-03-04 12:29:00,597.16,597.38,596,596.24,21751.412969
2026-03-04 12:30:00,596.37,596.7399,595.03,595.45,32466.727047
2026-03-04 12:31:00,595.45,595.91,594.96,595.24,36271.429722
2026-03-04 12:32:00,595.2001,595.4537,594.6001,594.73,22655.368123
2026-03-04 12:33:00,594.96,597.99,594.7,597.55,38788.403006
2026-03-04 12:34:00,597.48,597.9589,597,597.235,23048.625901
2026-03-04 12:35:00,597.329,597.5,595.3601,596.4,26656.930516
2026-03-04 12:36:00,596.25,596.35,595.3501,596.03,14618.667407
2026-03-04 12:37:00,596.03,596.7099,596.03,596.265,11187.356566
2026-03-04 12:38:00,596.49,596.67,596.01,596.67,14857.156769
2026-03-04 12:39:00,596.7591,597.6938,596.7591,597.36,23527.577258
2026-03-04 12:40:00,597.367,598.4499,597.2,597.62,19612.079177
2026-03-04 12:41:00,597.565,598.3299,597.4,597.57,19407.148977
2026-03-04 12:42:00,597.43,597.85,595.9101,596.31,22088.298608
2026-03-04 12:43:00,596.17,596.31,594.5501,594.56,31400.65655
2026-03-04 12:44:00,594.55,595.7299,594.3,595.1049,19621.415496
2026-03-04 12:45:00,595,595.1999,594.3,594.5001,20569.446858
2026-03-04 12:46:00,594.705,595.73,594.49,595.505,28119.951237
2026-03-04 12:47:00,595.73,595.89,595.1014,595.21,14189.436211
2026-03-04 12:48:00,595.45,595.7899,594.8362,595.33,20438.261786
2026-03-04 12:49:00,595.2125,595.2125,594.38,594.42,13248.770366
2026-03-04 12:50:00,594.65,594.6999,593.6501,594.36,28503.50351
2026-03-04 12:51:00,594.46,594.9972,593.67,593.67,17531.837913
2026-03-04 12:52:00,593.99,594.49,593.66,594.135,21738.107166
2026-03-04 12:53:00,594.01,595.76,594.01,594.82,32175.653763
2026-03-04 12:54:00,594.82,595.55,594.65,595.54,15579.793676
2026-03-04 12:55:00,595.5487,596.4799,595.24,595.7203,23419.01881
2026-03-04 12:56:00,595.6,595.6001,594.5001,595.355,23281.92127
2026-03-04 12:57:00,595.355,595.5899,594.89,594.89,5638.405367
2026-03-04 12:58:00,594.89,595.55,594.86,595.205,13173.045888
2026-03-04 12:59:00,595.2268,595.41,593.67,594,27536.758566
2026-03-04 13:00:00,594.4,596.53,593.6001,596.42,33825.686113
2026-03-04 13:01:00,596.484,596.6829,595.375,595.375,11930.71779
2026-03-04 13:02:00,595.375,596.74,595.08,596.595,13675.757616
2026-03-04 13:03:00,596.595,597,596.42,596.445,11866.112527
2026-03-04 13:04:00,596.29,596.8199,595.6873,595.75,6450.441148
2026-03-04 13:05:00,595.986,595.986,595,595.135,13659.118394
2026-03-04 13:06:00,595.1687,595.97,595,595.525,7515.249201
2026-03-04 13:07:00,595.42,597,595.35,596.4324,15529.044297
2026-03-04 13:08:00,596.57,597.0999,596,596.53,20781.598114
2026-03-04 13:09:00,596.56,597.11,595.81,596.34,15524.949119
2026-03-04 13:10:00,596.21,596.21,595.61,596.13,12259.822064
2026-03-04 13:11:00,595.895,596.07,595.0801,595.4967,15129.692993
2026-03-04 13:12:00,595.395,596.7899,595.26,596.23,8623.868237
2026-03-04 13:13:00,595.6001,596.06,595.41,595.7625,4705.894058
2026-03-04 13:14:00,595.825,598.07,595.825,597.535,48424.779962
2026-03-04 13:15:00,597.53,597.8768,596.6001,597.425,21492.568592
2026-03-04 13:16:00,597.425,597.9399,596.8866,597.62,10115.320281
2026-03-04 13:17:00,597.63,598.28,596.88,597.8,36501.365219
2026-03-04 13:18:00,598,598.4,597,597.2,26721.979316
2026-03-04 13:19:00,597.33,598.55,597.0001,598.275,18186.616563
2026-03-04 13:20:00,598.275,599.67,597.1801,597.485,22976.255454
2026-03-04 13:21:00,597.24,597.78,596.43,597.2101,19030.971975
2026-03-04 13:22:00,597.455,598.5,597.2,597.9137,12957.090188
2026-03-04 13:23:00,597.905,598.9,597.61,598.5852,6942.198149
2026-03-04 13:24:00,598.45,598.8999,596.5,597.235,18692.598446
2026-03-04 13:25:00,597.24,598.215,597,597.59,13363.275218
2026-03-04 13:26:00,598.2,599,597.78,598.425,9331.148379
2026-03-04 13:27:00,599.05,599.49,598.08,598.0901,20295.554409
2026-03-04 13:28:00,598.345,598.6,597.5401,598.17,11582.023347
2026-03-04 13:29:00,598.1,598.2292,597.5417,597.791,6684.143765
2026-03-04 13:30:00,597.92,598.49,597.54,598.0875,7652.323453
2026-03-04 13:31:00,597.94,598.5,597.94,598.2,5581.565014
2026-03-04 13:32:00,598.18,599,598.01,598.245,12990.817136
2026-03-04 13:33:00,598.44,598.44,597.27,598,10514.968233
2026-03-04 13:34:00,597.56,597.74,595.35,597.11,47474.591478
2026-03-04 13:35:00,597.63,599.1499,597.0001,599.1499,18083.293519
2026-03-04 13:36:00,599.15,599.7,598.4,599.7,21079.807446
2026-03-04 13:37:00,599.7,600.18,598.2,598.905,32640.111952
2026-03-04 13:38:00,598.5001,599.11,598.0001,599.11,13771.832137
2026-03-04 13:39:00,598.85,599.83,598.2701,598.99,11797.771631
2026-03-04 13:40:00,599.285,600.48,598.705,599.07,47160.799629
2026-03-04 13:41:00,599.07,600.4006,598.25,599.375,38999.311014
2026-03-04 13:42:00,599.75,599.75,597,598.59,20834.978222
2026-03-04 13:43:00,598.29,598.88,598.29,598.72,6250.979668
2026-03-04 13:44:00,598.87,599.1099,598.4101,598.66,8133.275089
2026-03-04 13:45:00,598.705,598.71,598.02,598.66,10322.034155
2026-03-04 13:46:00,598.66,599.09,598.02,598.2463,10887.973088
2026-03-04 13:47:00,598.315,598.8142,598.04,598.345,8928.573999
2026-03-04 13:48:00,598.1,598.36,597.66,598,9253.121384
2026-03-04 13:49:00,598.125,598.64,598.125,598.625,5347.614449
2026-03-04 13:50:00,598.26,598.76,597.8501,597.87,10188.602548
2026-03-04 13:51:00,598.19,598.19,596.0301,596.66,22126.42319
2026-03-04 13:52:00,596.66,596.99,595.2801,596.705,23925.047387
2026-03-04 13:53:00,596.95,597.5,596.3001,596.3001,8847.617273
2026-03-04 13:54:00,596.8,596.99,596.3101,596.3101,2109.933951
2026-03-04 13:55:00,596.62,596.92,596.17,596.55,11447.093832
2026-03-04 13:56:00,596.39,597.55,596.39,597.41,10044.946244
2026-03-04 13:57:00,597.41,597.7655,596.5,596.5,10626.034682
2026-03-04 13:58:00,596.32,596.92,596.0201,596.505,10711.748133
2026-03-04 13:59:00,596.39,597.77,596.1,597.425,11906.841121
2026-03-04 14:00:00,597.42,597.99,597.353,597.98,13324.652994
2026-03-04 14:01:00,597.7675,598.45,597.49,598.25,9755.263792
2026-03-04 14:02:00,598.51,599.25,598.345,598.52,16471.036928
2026-03-04 14:03:00,598.3701,598.62,597.965,597.965,16500.758026
2026-03-04 14:04:00,598.21,598.85,598,598.6,11763.032412
2026-03-04 14:05:00,598.51,598.625,598.15,598.15,7201.37006
2026-03-04 14:06:00,598.45,598.5087,598.141,598.47,4208.047487
2026-03-04 14:07:00,598.47,598.47,597.53,597.805,9504.78741
2026-03-04 14:08:00,597.81,598.1099,597.5001,597.68,4977.45878
2026-03-04 14:09:00,597.7,598.09,597.3101,597.311,13726.981797
2026-03-04 14:10:00,597.505,598.02,597.32,597.68,7612.427782
2026-03-04 14:11:00,597.82,597.86,597.225,597.23,9039.892308
2026-03-04 14:12:00,597.58,598.4399,597.35,598.4399,12530.551104
2026-03-04 14:13:00,598.44,599.48,598.4301,599.48,20761.785351
2026-03-04 14:14:00,599.36,599.4256,598.95,599.048,21510.140543
2026-03-04 14:15:00,598.94,599.5,598.75,599.5,18440.718193
2026-03-04 14:16:00,599.1222,599.6,599.01,599.375,7943.534731
2026-03-04 14:17:00,599.6,599.99,599.3,599.755,13184.801255
2026-03-04 14:18:00,599.6229,600.17,599,599,25823.119498
2026-03-04 14:19:00,598.86,599.4292,598.49,599.15,11756.33264
2026-03-04 14:20:00,598.75,599,598.1,598.92,6348.442463
2026-03-04 14:21:00,598.6962,598.9999,598.4401,598.4401,2812.597529
2026-03-04 14:22:00,598.69,598.69,597.902,597.91,7181.361151
2026-03-04 14:23:00,598.0333,598.48,597.66,598.345,10989.256315
2026-03-04 14:24:00,598.33,598.86,598.09,598.11,5753.908409
2026-03-04 14:25:00,598.34,598.34,597.83,598,6233.042128
2026-03-04 14:26:00,598,598.1,597.47,597.855,20255.516019
2026-03-04 14:27:00,597.4101,598.18,597.41,597.539,4343.164191
2026-03-04 14:28:00,597.8125,597.8125,597,597.3608,13530.830825
2026-03-04 14:29:00,597.14,597.69,597.11,597.4245,4572.9684
2026-03-04 14:30:00,597.3213,598.7899,597.1849,598.47,18509.517619
2026-03-04 14:31:00,598.47,599.09,598.21,599.09,10915.609437
2026-03-04 14:32:00,598.5001,599.1,598.36,599,11229.782963
2026-03-04 14:33:00,598.63,599.45,598.63,599.17,11340.204578
2026-03-04 14:34:00,598.97,599.01,597.8001,597.96,13381.919209
2026-03-04 14:35:00,598,598.9999,598,598.5,6273.521162
2026-03-04 14:36:00,598.9,599.2,598.4901,599.2,6581.553988
2026-03-04 14:37:00,599.1999,599.24,598.5,598.77,5971.495975
2026-03-04 14:38:00,598.6,599.4,598.5401,599.39,6969.24712
2026-03-04 14:39:00,599.34,599.9,599.27,599.7512,16623.185905
2026-03-04 14:40:00,599.9,599.99,599.12,599.6399,17139.138826
2026-03-04 14:41:00,599.4503,599.53,598.9801,599.53,7656.316007
2026-03-04 14:42:00,599.53,599.69,598.96,599.24,9987.943816
2026-03-04 14:43:00,599.27,599.27,598.755,598.86,7299.983131
2026-03-04 14:44:00,598.7625,599.19,598.53,598.765,3501.244725
2026-03-04 14:45:00,598.765,599.5,598.7,599.48,7270.805719
2026-03-04 14:46:00,599.56,599.56,598.53,598.75,7160.850868
2026-03-04 14:47:00,598.75,599,598.4,598.665,6350.442303
2026-03-04 14:48:00,599,599.7,599,599.41,12380.086972
2026-03-04 14:49:00,599.525,599.7,599.4,599.49,9917.180076
2026-03-04 14:50:00,599.56,599.99,599.3201,599.98,4513.115789
2026-03-04 14:51:00,599.3486,599.98,599.3201,599.5,6999.348444
2026-03-04 14:52:00,599.86,599.9,599.3201,599.7,4406.848502
2026-03-04 14:53:00,599.5,599.9799,599.3201,599.6,9062.883739
2026-03-04 14:54:00,599.9593,599.96,599.3401,599.56,5748.059766
2026-03-04 14:55:00,599.5,599.71,599.27,599.5,10096.959101
2026-03-04 14:56:00,599.6612,600.15,599.13,599.26,26463.315257
2026-03-04 14:57:00,599.1801,600.1299,598.98,599.4808,28576.9824
2026-03-04 14:58:00,599.72,600.165,599.38,599.38,17531.224886
2026-03-04 14:59:00,599.31,599.408,598.6,599.1,37625.789471
2026-03-04 15:00:00,598.53,598.989,598.5,598.501,9934.1804
2026-03-04 15:01:00,598.775,599.16,598.5,598.5,10916.742792
2026-03-04 15:02:00,598.75,598.97,598.3401,598.3401,4655.810114
2026-03-04 15:03:00,598.3,599.4999,598.1,599.38,24665.054413
2026-03-04 15:04:00,599.38,599.5,599.05,599.32,6874.646206
2026-03-04 15:05:00,599.4748,599.4748,598.5,598.625,13668.666585
2026-03-04 15:06:00,598.5,598.8937,598.21,598.21,16924.287612
2026-03-04 15:07:00,598.21,598.8099,595.55,595.595,54456.655337
2026-03-04 15:08:00,595.5,596.63,594.18,596,66087.330007
2026-03-04 15:09:00,596,596.03,594.291,595.252,40688.572972
2026-03-04 15:10:00,595.62,596.55,594.4,594.95,44566.626337
2026-03-04 15:11:00,594.45,595.45,594,594.1,34136.981925
2026-03-04 15:12:00,594.0001,594.3499,592.5,593.265,56400.871372
2026-03-04 15:13:00,593.265,593.5,592.03,592.4762,36669.608581
2026-03-04 15:14:00,592.1,592.9154,590.8,591.12,42594.55156
2026-03-04 15:15:00,591.385,591.7799,590.3001,591.11,42633.047891
2026-03-04 15:16:00,591.175,592.4999,590.5701,591.1001,47778.315877
2026-03-04 15:17:00,591.75,591.8964,589.71,590.07,45096.044599
2026-03-04 15:18:00,589.86,591.21,589.81,589.92,30367.039838
2026-03-04 15:19:00,590.05,590.13,589.22,589.785,21936.016123
2026-03-04 15:20:00,589.85,590.6499,589.57,589.875,21345.127898
2026-03-04 15:21:00,589.875,589.875,589.2701,589.51,22869.866335
2026-03-04 15:22:00,589.5569,591.24,589.51,590.84,50246.462783
2026-03-04 15:23:00,590.7501,591.51,590.14,590.6,45544.664693
2026-03-04 15:24:00,590.41,591.9599,590.22,591.165,44347.980841
2026-03-04 15:25:00,591.3954,592.65,590.701,591.56,51309.592896
2026-03-04 15:26:00,591.8,592.5,591.25,592.135,38512.429181
2026-03-04 15:27:00,592.135,592.5999,591.18,592.0389,34344.832994
2026-03-04 15:28:00,591.91,592.5399,591.3,592.3699,34348.767911
2026-03-04 15:29:00,591.85,592.99,590.5,590.5001,53920.845905
2026-03-04 15:30:00,590.5,590.9,589.5001,590.05,26866.602824
2026-03-04 15:31:00,590.05,590.2417,588.6,589.09,30461.449356
2026-03-04 15:32:00,589.17,589.79,589,589.288,22929.473885
2026-03-04 15:33:00,589.295,591,589.22,589.5001,28697.598541
2026-03-04 15:34:00,590.08,590.44,589.86,590.175,7129.164574
2026-03-04 15:35:00,589.91,590.44,589.5001,590,21302.421989
2026-03-04 15:36:00,590.01,590.95,589.8801,590.34,24404.289491
2026-03-04 15:37:00,590.645,591.5,590,590.5,46520.914289
2026-03-04 15:38:00,590.985,593.9483,590.23,593.81,79968.965331
2026-03-04 15:39:00,593.9999,595.5,592.7,595.5,57596.452421
2026-03-04 15:40:00,595.1,595.88,594.2751,595.38,32865.344967
2026-03-04 15:41:00,595.8799,597.415,595.3012,597.415,38995.274684
2026-03-04 15:42:00,597.1001,597.39,596.0001,596.6,37994.705782
2026-03-04 15:43:00,596.6983,597.59,595.89,597.5154,29584.806293
2026-03-04 15:44:00,597.405,598.7999,597.0601,598.6,36410.906082
2026-03-04 15:45:00,598.4371,598.63,596.2,598.3299,37345.773506
2026-03-04 15:46:00,597.5,597.8245,596.83,597.15,17067.697338
2026-03-04 15:47:00,597.4799,597.8999,596.8201,597.435,14931.734375
2026-03-04 15:48:00,597,598.61,597,598.44,40247.402742
2026-03-04 15:49:00,598.5999,599.48,598.0101,598.0101,48421.997493
2026-03-04 15:50:00,598.01,598.335,595.25,595.67,51252.377091
2026-03-04 15:51:00,595.44,597.5499,595.2501,597.08,30619.274029
2026-03-04 15:52:00,596.8,597.4999,596.2701,596.95,34931.604106
2026-03-04 15:53:00,596.635,597.47,596.3001,597.15,20406.852264
2026-03-04 15:54:00,597.24,598.22,597,598.05,41449.722255
2026-03-04 15:55:00,598.015,598.5472,597.52,598.365,45363.967615
2026-03-04 15:56:00,598.22,598.46,597.32,597.91,42469.592244
2026-03-04 15:57:00,597.79,598.9974,597.66,598.825,51392.785083
2026-03-04 15:58:00,598.9,598.98,597.76,597.975,89112.838947
2026-03-04 15:59:00,598,599.02,597,597.56,150313.727943
2026-03-05 09:30:00,594.385,599.06,592.31,598.025,133829.001658
2026-03-05 09:31:00,598.025,599,594.43,596.475,80591.513049
2026-03-05 09:32:00,597,601,596.695,599.6701,83482.482173
2026-03-05 09:33:00,600.8,603.53,599.6701,601.27,129128.749976
2026-03-05 09:34:00,601.27,601.66,595.0701,599,70037.919512
2026-03-05 09:35:00,599.15,603.38,598.21,598.2101,77289.473755
2026-03-05 09:36:00,598.97,601.28,597.66,600.495,55707.20702
2026-03-05 09:37:00,600.495,600.9799,595,596,72114.630082
2026-03-05 09:38:00,596,597.67,594,595.4607,51459.657535
2026-03-05 09:39:00,594.925,595.85,591.65,591.962,76018.632771
2026-03-05 09:40:00,591.99,592.3699,589.0001,589.3753,95399.98891
2026-03-05 09:41:00,589.28,593.3999,589,590.1725,75953.371259
2026-03-05 09:42:00,590,592.87,589.5,591.635,32589.757614
2026-03-05 09:43:00,591.38,592.9799,590.4,591.485,37575.178003
2026-03-05 09:44:00,591.39,591.96,589.28,589.65,39483.512763
2026-03-05 09:45:00,589.645,595,588.73,593.41,90923.541026
2026-03-05 09:46:00,592.98,596.249,592.5201,594.75,64156.015658
2026-03-05 09:47:00,594.54,596.57,594.5001,595.6101,41876.511191
2026-03-05 09:48:00,595.8424,596.7999,594.25,594.25,50044.972534
2026-03-05 09:49:00,594.535,596.98,594.0201,595.87,81095.296229
2026-03-05 09:50:00,596.3,598.97,595.9801,598.735,54982.860841
2026-03-05 09:51:00,598.5168,600.51,598.06,599.065,66766.404044
2026-03-05 09:52:00,599.09,599.2,595.2001,597.35,102217.81589
2026-03-05 09:53:00,597.3555,597.395,595,596.4,39911.698291
2026-03-05 09:54:00,596.4,597.7499,595,597.095,102066.148927
2026-03-05 09:55:00,596.8875,598.7999,596.5601,598.345,23011.915854
2026-03-05 09:56:00,598.34,601.3,597.8301,598.995,68910.218725
2026-03-05 09:57:00,598.995,601.85,598.98,601.6899,50402.884347
2026-03-05 09:58:00,601.24,602.3,600.5,600.84,53921.349241
2026-03-05 09:59:00,600.925,601.36,595.24,596.125,68982.727787
2026-03-05 10:00:00,596.125,599,595.611,596.7,60759.359635
2026-03-05 10:01:00,597.245,598.47,596.74,597.35,43318.280621
2026-03-05 10:02:00,598,598.47,595.37,596.105,36659.861618
2026-03-05 10:03:00,595.74,597.4799,595.74,596.51,16176.104878
2026-03-05 10:04:00,596.5001,598.7999,596.5001,598.3051,26535.14409
2026-03-05 10:05:00,598.61,598.8,597,597.55,17899.436557
2026-03-05 10:06:00,597.9999,599.49,597.335,598.38,22462.403466
2026-03-05 10:07:00,598.9799,599.17,597.0101,597.89,18822.77756
2026-03-05 10:08:00,597.5,598.9,596.5,598.35,23726.714588
2026-03-05 10:09:00,598.35,601.48,597.53,600.17,48467.503811
2026-03-05 10:10:00,600.3171,601.78,599.45,600,46848.012899
2026-03-05 10:11:00,599.91,601.4999,598.2001,599.755,40366.078192
2026-03-05 10:12:00,599.75,601.15,598.2,598.585,31406.460618
2026-03-05 10:13:00,598.585,600.2,598,600.2,22593.593688
2026-03-05 10:14:00,600.4487,600.9999,597.2701,598.3811,52678.386571
2026-03-05 10:15:00,598.255,598.4317,596.1,597.95,42024.677618
2026-03-05 10:16:00,597.61,598.1999,595.46,597.29,39975.995847
2026-03-05 10:17:00,597.29,597.5,594.32,595.625,36003.773128
2026-03-05 10:18:00,595.51,596.14,594.3901,595.05,24971.818455
2026-03-05 10:19:00,595.29,595.29,593.29,593.745,35990.375253
2026-03-05 10:20:00,593.5,594.5999,592.5201,593.4371,55765.015785
2026-03-05 10:21:00,593,595,592.55,593.2,37974.108719
2026-03-05 10:22:00,593,593.69,590.67,591.5,50452.357557
2026-03-05 10:23:00,591.5,592.47,590.5101,590.8151,38571.453554
2026-03-05 10:24:00,590.88,591.03,588.8001,589.375,108680.579018
2026-03-05 10:25:00,589.3001,591.9999,589.3,591.01,54776.085261
2026-03-05 10:26:00,591.296,591.5299,590.01,590.25,29575.340978
2026-03-05 10:27:00,590,590.9899,589.2201,590.07,44743.09676
2026-03-05 10:28:00,590.275,592.0999,590.2,591.58,37014.492238
2026-03-05 10:29:00,591.4398,591.88,590.5001,591.44,25440.089877
2026-03-05 10:30:00,591.33,591.7,585.45,586.15,133994.840691
2026-03-05 10:31:00,585.725,586.7033,584.49,585.3899,151750.97493
2026-03-05 10:32:00,585,587.3499,584.59,586.2901,52993.578287
2026-03-05 10:33:00,586.29,588.59,586.29,586.975,57298.897095
2026-03-05 10:34:00,587.05,588.69,587.05,587.82,39245.139983
2026-03-05 10:35:00,587.84,588.99,586.46,588.99,35227.085061
2026-03-05 10:36:00,588.96,590.49,587.0001,587.845,40330.082769
2026-03-05 10:37:00,588.5,592.9738,587.895,592.13,63901.203862
2026-03-05 10:38:00,592.47,593.61,591.8201,593,54615.787793
2026-03-05 10:39:00,593.01,593.8,592.13,592.37,44314.10788
2026-03-05 10:40:00,592.37,593.99,592.042,592.792,32963.733868
2026-03-05 10:41:00,592.4001,593.09,590.5001,590.94,43165.765501
2026-03-05 10:42:00,590.985,591.3889,588,590.88,61574.581695
2026-03-05 10:43:00,590.7423,591.0175,588.73,589.68,31741.31552
2026-03-05 10:44:00,589.93,591.41,589.09,590.475,21487.790697
2026-03-05 10:45:00,590,591.02,588.89,589.4095,20856.035628
2026-03-05 10:46:00,588.6501,590.28,588,589.6855,19780.99923
2026-03-05 10:47:00,590.49,590.66,589.2,589.2,12944.306345
2026-03-05 10:48:00,589,591.56,588.56,590.78,25832.998904
2026-03-05 10:49:00,590.78,591.5,589.5,590.43,25744.555254
2026-03-05 10:50:00,590.86,593,590,593,35687.011935
2026-03-05 10:51:00,593.23,594.39,592.2001,593.93,45519.760607
2026-03-05 10:52:00,593.845,594.15,592.5,592.9744,20991.046851
2026-03-05 10:53:00,593.0001,594.4899,592.37,593.78,30223.504595
2026-03-05 10:54:00,594.5,596.17,593.62,595.01,38239.591782
2026-03-05 10:55:00,594.97,596.7999,594.8125,595.875,29827.864872
2026-03-05 10:56:00,596,596.125,593.4001,594.5,28376.039561
2026-03-05 10:57:00,594.5,596,594.4875,595.245,22148.511322
2026-03-05 10:58:00,594.91,595.54,594.3988,595.025,15542.825874
2026-03-05 10:59:00,595.44,595.7,594.14,594.34,14364.827789
2026-03-05 11:00:00,594.08,594.08,592.6,592.66,24911.401963
2026-03-05 11:01:00,592.45,593.52,592.45,592.73,21950.379852
2026-03-05 11:02:00,593.0601,593.0601,590.63,590.93,32187.542464
2026-03-05 11:03:00,590.73,591.95,590.5,591.135,18053.556282
2026-03-05 11:04:00,591,591.34,589.0001,590.675,64231.8097
2026-03-05 11:05:00,590.495,591.4999,590.16,591.175,20196.231902
2026-03-05 11:06:00,591.175,592.8742,590.4,592.48,20943.027223
2026-03-05 11:07:00,592.8641,593,591.2501,592.04,20470.295917
2026-03-05 11:08:00,591.76,591.76,590.51,590.66,14074.131421
2026-03-05 11:09:00,590.4,590.7899,587.7,589.67,65701.172429
2026-03-05 11:10:00,589.3887,589.3887,587.7001,587.96,21443.61738
2026-03-05 11:11:00,587.96,589.54,587.4201,589.0001,27172.335047
2026-03-05 11:12:00,589,589.95,588.33,588.83,17463.453368
2026-03-05 11:13:00,588.835,590.7,588.835,589.9151,23135.049694
2026-03-05 11:14:00,590.3999,590.3999,588.38,589.6587,18903.195637
2026-03-05 11:15:00,589.395,589.56,587.7,588,24535.860445
2026-03-05 11:16:00,588.545,589.49,587,589.045,38509.818094
2026-03-05 11:17:00,589.0301,589.0301,587.4901,588.3,16357.106769
2026-03-05 11:18:00,588.3,589.18,588.1875,588.75,19058.798682
2026-03-05 11:19:00,588.6,588.99,587.17,587.83,28965.262296
2026-03-05 11:20:00,587.83,589.12,587.83,588.75,27079.680372
2026-03-05 11:21:00,588.925,588.925,587,587.79,29998.430782
2026-03-05 11:22:00,588.11,589.9899,587.945,589.745,33077.775789
2026-03-05 11:23:00,589.7963,590.3999,588,588.53,34374.813483
2026-03-05 11:24:00,588.6475,588.6475,587.25,587.26,20073.646167
2026-03-05 11:25:00,587.57,588.78,586.7501,587.555,46241.757225
2026-03-05 11:26:00,587.5,587.5,585.6001,586.41,47382.166847
2026-03-05 11:27:00,586.1675,586.67,585.6401,586.285,24247.506285
2026-03-05 11:28:00,586.05,587,585.99,586.26,20616.227654
2026-03-05 11:29:00,586.26,587.38,585.91,587.11,27931.524748
2026-03-05 11:30:00,586.99,587.5999,586.5575,586.995,20015.787411
2026-03-05 11:31:00,587.1165,588,587.0001,587.9699,21562.033088
2026-03-05 11:32:00,587.37,587.97,586.25,586.545,22584.035607
2026-03-05 11:33:00,586.77,588.3112,586.675,587.585,19183.732862
2026-03-05 11:34:00,587.585,587.68,586.5,587.05,16339.004292
2026-03-05 11:35:00,587.05,587.6,586.5,587.25,7160.045451
2026-03-05 11:36:00,587.22,588.215,587.18,587.5,16998.389115
2026-03-05 11:37:00,587.425,588.7,587.1801,587.8801,18716.339289
2026-03-05 11:38:00,588.255,588.6999,587.48,587.66,12864.469281
2026-03-05 11:39:00,587.74,588.99,587.3301,587.75,12705.436669
2026-03-05 11:40:00,588,588.77,587.75,588.2,11898.1669
2026-03-05 11:41:00,587.99,588,586.04,586.345,27363.967868
2026-03-05 11:42:00,586.345,587.3799,585,586.62,52325.853581
2026-03-05 11:43:00,586.515,586.87,586.03,586.82,14324.273483
2026-03-05 11:44:00,587,587.4999,586.58,586.91,15020.720073
2026-03-05 11:45:00,586.905,588.2,586.12,587.6,41415.477392
2026-03-05 11:46:00,587.6,588.04,586.7,586.92,10981.353875
2026-03-05 11:47:00,586.91,587.77,586.59,587.65,10638.374878
2026-03-05 11:48:00,587.65,587.78,586.6,587.105,16311.243287
2026-03-05 11:49:00,587.105,587.5,585.6,585.895,18121.229659
2026-03-05 11:50:00,586,586.91,585.2901,586.5,17553.672784
2026-03-05 11:51:00,586.5,586.73,585.84,586.485,21656.489244
2026-03-05 11:52:00,586.485,586.77,585.7,586.2,24627.354634
2026-03-05 11:53:00,586.001,586.73,586,586.4,16331.185145
2026-03-05 11:54:00,586.365,586.8,586.0001,586.435,11099.610959
2026-03-05 11:55:00,586.435,586.435,582.5001,582.84,115135.727665
2026-03-05 11:56:00,582.755,583.99,582.27,582.45,81872.083495
2026-03-05 11:57:00,582.9662,583,582.25,582.66,21599.384143
2026-03-05 11:58:00,582.75,583.0012,581.26,581.62,61077.016973
2026-03-05 11:59:00,581.62,582,579.61,579.61,98435.82263
2026-03-05 12:00:00,579.88,580.7499,579.12,580,57408.214675
2026-03-05 12:01:00,579.985,579.99,578.01,579.4,52978.429236
2026-03-05 12:02:00,579.9,580.4,578.6,579.77,33521.827058
2026-03-05 12:03:00,579.7799,581.49,579,581.48,26702.360706
2026-03-05 12:04:00,581.49,582.48,581.0901,582,44966.309214
2026-03-05 12:05:00,581.9715,582.1,580.865,582,44010.434887
2026-03-05 12:06:00,582.05,582.4,580.7147,580.99,64430.128931
2026-03-05 12:07:00,580.52,580.8075,578.2501,578.915,38769.972854
2026-03-05 12:08:00,578.62,580.35,578.62,579.9,22533.542918
2026-03-05 12:09:00,580.044,580.75,578.5,578.7,26385.880663
2026-03-05 12:10:00,578.76,579.33,577.33,577.33,46456.999713
2026-03-05 12:11:00,577.27,579,577.12,578.82,33161.379124
2026-03-05 12:12:00,578.75,581,578.16,580.96,21163.977869
2026-03-05 12:13:00,580.7,580.98,578.99,579.36,26937.2674
2026-03-05 12:14:00,579.36,580.3785,579.01,580,15764.478104
2026-03-05 12:15:00,580.1325,580.2225,578.5001,578.62,23925.466082
2026-03-05 12:16:00,578.95,579.51,578.29,578.64,15910.087164
2026-03-05 12:17:00,578.4868,578.8699,577.72,578.0401,25880.538844
2026-03-05 12:18:00,578.04,578.22,577.25,577.435,33089.697405
2026-03-05 12:19:00,577.25,577.38,575.51,575.93,59837.171119
2026-03-05 12:20:00,576.26,576.9999,575.28,575.57,39487.008744
2026-03-05 12:21:00,575.64,575.89,574.01,574.52,81504.747361
2026-03-05 12:22:00,574.5525,577.41,574.5525,576.77,41280.041333
2026-03-05 12:23:00,576.77,577.2699,576.4201,576.71,24312.136661
2026-03-05 12:24:00,576.645,577.535,576.01,576.33,31756.122108
2026-03-05 12:25:00,576.33,576.8899,574.68,574.7,37314.995484
2026-03-05 12:26:00,574.6,575.54,574.0525,575.1799,32895.465837
2026-03-05 12:27:00,574.83,575.9999,574.11,574.7599,36212.443688
2026-03-05 12:28:00,575.13,575.9999,574.7,575.55,28919.87388
2026-03-05 12:29:00,575.5,575.8699,573.0001,573.62,36258.484556
2026-03-05 12:30:00,573.88,574.13,571.55,571.56,53328.866203
2026-03-05 12:31:00,571.775,571.775,569,569.33,84921.042486
2026-03-05 12:32:00,569.1458,569.48,568.0001,569.33,75541.803151
2026-03-05 12:33:00,569.22,570.67,568.5,569.035,52513.35993
2026-03-05 12:34:00,569.5199,569.5199,568.49,568.835,32567.722034
2026-03-05 12:35:00,568.835,570,568.2,568.6,51747.032936
2026-03-05 12:36:00,568.2001,569.3399,568,568.2001,36169.452269
2026-03-05 12:37:00,568.43,570.2699,567.5,569.94,78713.360607
2026-03-05 12:38:00,569.621,570.7,567.3,567.65,57937.596224
2026-03-05 12:39:00,567.575,568.799,567.1,567.84,66036.21905
2026-03-05 12:40:00,567.79,568.6999,566.66,567.66,43709.91465
2026-03-05 12:41:00,567.56,567.58,566.13,566.66,43125.563349
2026-03-05 12:42:00,566.54,567.38,565.75,567.155,54596.832981
2026-03-05 12:43:00,567.227,567.97,566.01,566.32,52134.071783
2026-03-05 12:44:00,566.32,566.9999,565.4201,566.39,44196.076435
2026-03-05 12:45:00,566.495,566.6937,565.72,566.4429,31269.044487
2026-03-05 12:46:00,566.325,566.69,564.945,565.26,56741.16829
2026-03-05 12:47:00,565.345,566.44,564.89,565.83,32850.541952
2026-03-05 12:48:00,566.2,566.2599,563.001,563.395,64440.007399
2026-03-05 12:49:00,563.395,563.395,561.27,562.075,80517.307219
2026-03-05 12:50:00,562.075,562.3899,561,561.29,129847.950125
2026-03-05 12:51:00,561.38,563.9199,561.32,562.6,52782.384334
2026-03-05 12:52:00,562.92,564.9699,561.5001,564.52,70122.894629
2026-03-05 12:53:00,563.63,565.26,563,563.2,66797.679116
2026-03-05 12:54:00,563.5,563.5,561.57,562.91,51587.006595
2026-03-05 12:55:00,562.915,563.3999,561.5001,562.145,33745.390264
2026-03-05 12:56:00,562.145,562.77,560.5501,561.14,54874.714731
2026-03-05 12:57:00,561,561.4599,560.5,560.885,39080.692958
2026-03-05 12:58:00,561.25,562.7,560.415,560.7437,43690.604708
2026-03-05 12:59:00,560.6675,561.649,559.1,560.505,76150.76479
2026-03-05 13:00:00,560.02,562.09,560,561.92,42688.365991
2026-03-05 13:01:00,561.51,563.38,561.0001,563.28,34267.654457
2026-03-05 13:02:00,563.3799,564,562.2301,562.462,51257.377491
2026-03-05 13:03:00,562.83,563.5702,562.1,562.305,33474.110188
2026-03-05 13:04:00,562.305,563.65,562,563.325,31026.07573
2026-03-05 13:05:00,563.03,564,562.5001,563.965,44025.884919
2026-03-05 13:06:00,563.67,564.5,562.74,563.085,46611.519588
2026-03-05 13:07:00,563.085,565.6602,563.085,565.515,41072.37837
2026-03-05 13:08:00,565.68,565.9722,563.1901,563.59,45234.741056
2026-03-05 13:09:00,563.7265,564.075,562.98,563.76,30097.245198
2026-03-05 13:10:00,563.935,563.935,562.05,562.755,34892.998719
2026-03-05 13:11:00,562.9999,563.11,560.725,561.0225,57570.173385
2026-03-05 13:12:00,561.08,565.689,561.08,564.97,42648.239648
2026-03-05 13:13:00,564.745,565.49,564.0001,565.135,25407.963322
2026-03-05 13:14:00,565.135,566.18,563.17,564.835,53845.928842
2026-03-05 13:15:00,564.67,565.672,564.14,564.235,41719.174519
2026-03-05 13:16:00,564.235,566,564.1813,564.33,30207.976593
2026-03-05 13:17:00,564.33,565.19,563.15,563.93,42650.680566
2026-03-05 13:18:00,564.096,565.4,563.31,564.06,29106.575124
2026-03-05 13:19:00,564.11,564.14,561.65,561.9185,40214.088498
2026-03-05 13:20:00,561.81,562.3299,560.03,560.755,57265.303153
2026-03-05 13:21:00,560.8137,561.84,559.95,560,61967.144148
2026-03-05 13:22:00,560.65,563.5999,559.72,561.9601,77171.060097
2026-03-05 13:23:00,562.07,563.6,561.87,562.03,22744.19343
2026-03-05 13:24:00,562.815,563.42,562.03,562.75,14017.312889
2026-03-05 13:25:00,562.645,562.645,560.2501,561.28,16764.73414
2026-03-05 13:26:00,561.22,561.845,560.6,561.605,24785.745556
2026-03-05 13:27:00,561.8,563.17,561.77,561.95,19086.368312
2026-03-05 13:28:00,562,562.43,561,561.735,12943.500757
2026-03-05 13:29:00,561.47,561.735,560,560.14,32763.426693
2026-03-05 13:30:00,560.32,562,560.1,561,32892.733201
2026-03-05 13:31:00,560.89,562.7,560.8,562.2901,29315.118879
2026-03-05 13:32:00,562.5,562.5,560.8,561.345,19925.352422
2026-03-05 13:33:00,561.445,562.465,561.222,561.99,12733.107404
2026-03-05 13:34:00,562.19,564.18,562.19,563.12,58946.65281
2026-03-05 13:35:00,563.5744,564.98,562.71,563.83,25586.634153
2026-03-05 13:36:00,563.83,565.5,563.63,565.285,39255.958415
2026-03-05 13:37:00,565.285,566.2428,564.7801,566,36410.881863
2026-03-05 13:38:00,566.13,567.6199,565.82,566.925,55336.207704
2026-03-05 13:39:00,566.965,567.61,564.3451,565.31,66226.373441
2026-03-05 13:40:00,564.62,567.94,563.3717,567.625,48318.255171
2026-03-05 13:41:00,567.625,567.8423,566.375,566.375,23838.50903
2026-03-05 13:42:00,566.1751,568.9999,566.175,567.4839,49548.897219
2026-03-05 13:43:00,568.3999,568.3999,566.0489,567.165,22225.918701
2026-03-05 13:44:00,567.48,568,566.8401,567.26,20042.647734
2026-03-05 13:45:00,567.67,568.3,567,567.6601,22524.022977
2026-03-05 13:46:00,567.11,567.41,566.1693,566.995,18848.846754
2026-03-05 13:47:00,567.13,567.7999,566.6601,567.3263,12636.542235
2026-03-05 13:48:00,567,567.39,565,565.495,18671.515686
2026-03-05 13:49:00,565.495,566.99,565.001,566.7296,16539.601046
2026-03-05 13:50:00,566.785,567.1599,566.0701,566.355,11498.459332
2026-03-05 13:51:00,566.252,566.61,565.01,565.01,13828.326424
2026-03-05 13:52:00,565,565.41,564.17,564.5046,28370.132883
2026-03-05 13:53:00,564.79,566.13,564.3,565.755,25566.772558
2026-03-05 13:54:00,566.13,566.3,564.26,564.5,14706.329112
2026-03-05 13:55:00,564.25,565.47,563.8813,565.165,30050.270631
2026-03-05 13:56:00,564.505,565.56,564.2501,564.3,13024.437984
2026-03-05 13:57:00,564.875,565.9,564.2501,565.9,15090.039141
2026-03-05 13:58:00,565.8762,567.1925,565.835,566.575,27926.732737
2026-03-05 13:59:00,566.5,567.2799,566.27,566.885,8392.46887
2026-03-05 14:00:00,567.15,568.1,566.12,568.1,22169.419583
2026-03-05 14:01:00,567.875,569.29,567.875,568.725,44791.452932
2026-03-05 14:02:00,568.725,570.3,568.4501,570,53867.333899
2026-03-05 14:03:00,569.7,569.8,568.565,568.565,29973.488806
2026-03-05 14:04:00,568.5,570.055,568.5,569.64,31993.054867
2026-03-05 14:05:00,569.59,570.43,569.17,569.6851,33643.714033
2026-03-05 14:06:00,569.71,570.49,569.262,569.5001,24633.641292
2026-03-05 14:07:00,569.5,570.09,569.21,569.56,19014.977072
2026-03-05 14:08:00,569.78,569.78,568.1101,568.83,28015.015995
2026-03-05 14:09:00,568.77,569.15,568.03,568.03,17554.575659
2026-03-05 14:10:00,568.245,568.44,567.25,568,24953.675724
2026-03-05 14:11:00,568.2,568.87,567.905,568.41,13439.876664
2026-03-05 14:12:00,568.41,568.7,567.27,568.339,16786.484558
2026-03-05 14:13:00,568.69,569.4899,568.23,568.64,16536.218944
2026-03-05 14:14:00,568.845,569.7552,568.605,569.6714,20629.270699
2026-03-05 14:15:00,569.5478,569.95,568.4977,568.51,18774.061235
2026-03-05 14:16:00,568.855,570,568.0401,569.635,28926.088281
2026-03-05 14:17:00,569.24,569.75,569.15,569.3,14091.236257
2026-03-05 14:18:00,569.25,570,569.1,569.45,18121.519209
2026-03-05 14:19:00,569.425,569.8099,567.3901,568.405,22517.341884
2026-03-05 14:20:00,568.76,569.76,567.99,568.79,20988.276743
2026-03-05 14:21:00,568.56,569.37,567.25,567.59,15498.264811
2026-03-05 14:22:00,567.595,567.94,566.13,566.565,43095.685994
2026-03-05 14:23:00,566.565,566.88,565.5001,566.015,29605.835595
2026-03-05 14:24:00,566.25,566.25,565,565.33,15592.397453
2026-03-05 14:25:00,565.37,565.535,563.2,564.5399,59845.07065
2026-03-05 14:26:00,563.856,566.017,563.77,565.53,49553.223563
2026-03-05 14:27:00,565.3,566.2,563.84,564.4,19206.146085
2026-03-05 14:28:00,564.2208,565.26,564.21,564.514,28170.385745
2026-03-05 14:29:00,564.64,565.11,564.4775,564.84,11711.158262
2026-03-05 14:30:00,565.01,565.21,563.2,563.75,21481.657362
2026-03-05 14:31:00,563.91,564.44,563.2001,563.8,26354.336159
2026-03-05 14:32:00,563.7,564.23,563.39,563.57,14963.499274
2026-03-05 14:33:00,564,564.9544,563.2,564.36,30537.818905
2026-03-05 14:34:00,564.425,564.7563,562.85,563.105,40416.885801
2026-03-05 14:35:00,562.9773,563.9599,562.9773,563.7499,17354.587859
2026-03-05 14:36:00,563.01,563.95,562.86,563.39,12919.442049
2026-03-05 14:37:00,563.8999,563.8999,562.685,563.6164,17465.64647
2026-03-05 14:38:00,563.54,564,563.42,563.99,28667.717483
2026-03-05 14:39:00,563.99,564.99,563.61,564.545,25007.656273
2026-03-05 14:40:00,564.69,565.8199,564.0501,565.2501,24282.858831
2026-03-05 14:41:00,565.49,565.67,565.2001,565.3763,14456.359517
2026-03-05 14:42:00,565.35,566.37,565.0101,566,30381.872206
2026-03-05 14:43:00,566.1925,566.1925,564.22,564.5,25586.232298
2026-03-05 14:44:00,564.4324,564.8158,563.92,564.19,19811.045525
2026-03-05 14:45:00,564.19,564.8399,563.405,564.7295,24863.692442
2026-03-05 14:46:00,564.67,567,564.6019,565.65,32121.03402
2026-03-05 14:47:00,565.65,565.65,564.635,565.58,14487.514212
2026-03-05 14:48:00,565.18,566.1,565.1301,565.1301,8252.319207
2026-03-05 14:49:00,565.58,565.9599,564.35,565.525,22185.393352
2026-03-05 14:50:00,565.1001,566.54,565.1,565.8899,26383.482143
2026-03-05 14:51:00,565.73,565.73,564.14,564.23,20015.340582
2026-03-05 14:52:00,564.09,565.36,564,564.73,31425.797293
2026-03-05 14:53:00,565.01,565.2265,564.14,564.415,11432.193211
2026-03-05 14:54:00,564.14,564.42,562,562.56,35598.899346
2026-03-05 14:55:00,562.525,562.645,560.5,561.13,45558.311478
2026-03-05 14:56:00,561.13,562.42,560.81,562.26,39245.91236
2026-03-05 14:57:00,561.96,563,561.96,562.44,18951.014746
2026-03-05 14:58:00,562.47,563.54,561.785,563.34,24217.295138
2026-03-05 14:59:00,563.395,563.72,562.0001,562.55,23183.129138
2026-03-05 15:00:00,562.55,562.55,560.5,560.551,33016.75619
2026-03-05 15:01:00,561.275,562.6499,561.01,561.415,16089.628115
2026-03-05 15:02:00,561.4474,561.79,561.1,561.54,10765.433426
2026-03-05 15:03:00,561.64,562.44,561.0401,562,16964.663471
2026-03-05 15:04:00,561.9999,565.55,561,565.15,51055.843762
2026-03-05 15:05:00,565.15,565.5499,563.66,564.345,29942.987821
2026-03-05 15:06:00,563.76,564.6,562.1801,563.67,23456.123073
2026-03-05 15:07:00,563.63,564.87,563.5,563.5,16682.263808
2026-03-05 15:08:00,563.7,565.2,562.505,565.054,26379.402246
2026-03-05 15:09:00,564.61,565.9,564.39,565.565,31045.615665
2026-03-05 15:10:00,565.9,566.95,565.24,566.86,34731.558787
2026-03-05 15:11:00,566.8825,568.25,566.42,566.6617,49470.277472
2026-03-05 15:12:00,566.92,567.56,565.68,565.92,21943.069024
2026-03-05 15:13:00,566.1499,566.57,565.5492,566,17569.31485
2026-03-05 15:14:00,566.04,566.5499,565.41,565.92,15310.352168
2026-03-05 15:15:00,565.92,567.2,565.92,566.6,19501.818349
2026-03-05 15:16:00,566.58,566.748,565.04,566.275,21329.550298
2026-03-05 15:17:00,566.1,566.75,566.0501,566.08,14933.569298
2026-03-05 15:18:00,566.36,567.0999,565.4938,567.0999,33265.8406
2026-03-05 15:19:00,566.7,567.4766,565.7,566.47,32339.557904
2026-03-05 15:20:00,566.47,566.47,565.14,565.84,21252.427084
2026-03-05 15:21:00,566.025,566.7,565.7501,566.4182,15971.510633
2026-03-05 15:22:00,566.6,567.58,565.77,565.985,36743.402997
2026-03-05 15:23:00,566.2099,567.5,565.76,567.26,18108.98962
2026-03-05 15:24:00,567.4999,567.82,566.8701,567.5,25970.968404
2026-03-05 15:25:00,568,568.8,567.35,568.345,43005.269757
2026-03-05 15:26:00,568.64,569.08,568.0601,569.05,18602.858557
2026-03-05 15:27:00,568.755,568.8712,567.6901,567.856,30757.835527
2026-03-05 15:28:00,567.69,568.4999,566.6,566.625,22899.368468
2026-03-05 15:29:00,566.6,566.839,565.77,565.81,29110.427946
2026-03-05 15:30:00,565.77,566.83,565.56,566.5595,27870.853242
2026-03-05 15:31:00,566.51,566.85,565.21,565.485,27808.250882
2026-03-05 15:32:00,565.525,567.8599,565.525,567.67,37524.380302
2026-03-05 15:33:00,567.29,567.6,566.36,567.6,20654.697797
2026-03-05 15:34:00,567.5,567.9,566.76,566.84,14713.899522
2026-03-05 15:35:00,566.44,567.3707,566.44,566.44,14272.962068
2026-03-05 15:36:00,566.445,567.5,566.445,567,14659.460053
2026-03-05 15:37:00,567.34,568.08,566.9275,567.7987,27392.933901
2026-03-05 15:38:00,567.85,568.7,567.85,568.7,26200.917422
2026-03-05 15:39:00,568.0101,569.3,568.0101,568.245,41076.04177
2026-03-05 15:40:00,568.47,569.5,568.0201,568.8101,22477.13657
2026-03-05 15:41:00,569.055,569.5,568.5801,569.19,24800.455568
2026-03-05 15:42:00,569.2,570.5199,569.1801,570.26,35403.366691
2026-03-05 15:43:00,570.26,570.3,568.26,568.26,40043.32743
2026-03-05 15:44:00,568.75,568.8352,567.33,568.61,39241.263492
2026-03-05 15:45:00,568.61,568.7375,567.3501,568.05,32861.779038
2026-03-05 15:46:00,568.5,568.5,567.2,567.3385,29330.676714
2026-03-05 15:47:00,567.0201,568,566.92,567.49,26703.64491
2026-03-05 15:48:00,567.595,568.2,567.12,567.76,22333.754984
2026-03-05 15:49:00,568,568.36,567.3,568.025,18016.659967
2026-03-05 15:50:00,567.83,568.9999,567.25,567.74,32090.412247
2026-03-05 15:51:00,567.74,568,566.69,566.8075,41834.070487
2026-03-05 15:52:00,566.8599,567.47,566.19,567,38327.845542
2026-03-05 15:53:00,566.545,566.96,565.8,565.8001,41177.525363
2026-03-05 15:54:00,565.63,566.47,565.5,565.68,34964.168972
2026-03-05 15:55:00,565.36,566,562.62,563.25,100181.11391
2026-03-05 15:56:00,563.35,564.8,562.825,564.8,47101.923291
2026-03-05 15:57:00,564.705,566,564.705,565.84,60224.288436
2026-03-05 15:58:00,565.84,566.5,564.98,565.08,90340.258926
2026-03-05 15:59:00,565.28,566,564.72,565.55,115028.694547
2026-03-06 09:30:00,548.25,552.2799,546,548.99,316273.472898
2026-03-06 09:31:00,549.22,550.87,545.2001,547.2,105945.091236
2026-03-06 09:32:00,546.18,555.47,545.17,555.17,128384.392861
2026-03-06 09:33:00,555.31,557.5,550.5,553.625,82489.008937
2026-03-06 09:34:00,554,555.4,552,554.71,64801.125871
2026-03-06 09:35:00,554.9,556,551.53,553.91,92892.864601
2026-03-06 09:36:00,553.91,555.3205,548.37,548.82,85872.287778
2026-03-06 09:37:00,549.45,551.46,547.88,549,53074.565716
2026-03-06 09:38:00,549.24,551.9999,548.2197,550.305,57929.380224
2026-03-06 09:39:00,549.5063,551.1899,547,547.7392,64003.24723
2026-03-06 09:40:00,548.46,549.7,547.79,547.79,49406.874445
2026-03-06 09:41:00,547.61,552.49,547.6,551.7701,57225.896377
2026-03-06 09:42:00,551.9799,552.91,549.55,551.3054,40423.016911
2026-03-06 09:43:00,551.7,557.63,550.5055,553.2,99284.886379
2026-03-06 09:44:00,553.2,553.8499,549.47,553.8499,49456.052683
2026-03-06 09:45:00,553.09,558.87,552.1501,558.5257,95649.408638
2026-03-06 09:46:00,558.79,559.5,557.1201,557.2101,75445.393583
2026-03-06 09:47:00,557.58,557.75,555.13,557.74,74495.693874
2026-03-06 09:48:00,557.62,558.5,556.21,557.39,51697.686103
2026-03-06 09:49:00,557,558.68,555.57,556.13,59706.516093
2026-03-06 09:50:00,556.505,561.05,555.78,559.47,99404.021914
2026-03-06 09:51:00,559.48,562.58,559.2101,561.85,87006.521506
2026-03-06 09:52:00,561.4301,562.8,559.86,562.7499,59900.378528
2026-03-06 09:53:00,562.1776,562.6247,561,562.3,46806.549275
2026-03-06 09:54:00,562.48,563.96,561.48,563.395,65465.46903
2026-03-06 09:55:00,563.395,565.5,562.6238,563.6701,70140.590754
2026-03-06 09:56:00,563.41,563.49,559.3301,561.9999,92579.393651
2026-03-06 09:57:00,561,562,559.6226,561,39541.783154
2026-03-06 09:58:00,560,562.43,559.34,562.065,60361.307558
2026-03-06 09:59:00,562.26,565,561.35,564.32,69058.576442
2026-03-06 10:00:00,563.4282,566.66,563.01,565.49,86663.387847
2026-03-06 10:01:00,565.21,567.52,564.79,565.7092,80317.194308
2026-03-06 10:02:00,565.63,568.07,565.35,567.94,55556.683172
2026-03-06 10:03:00,567.8128,568.25,564.14,564.8,99845.03406
2026-03-06 10:04:00,564.1501,567,564.1456,566.98,39557.964846
2026-03-06 10:05:00,566.82,567.12,563.24,564.8599,89875.470199
2026-03-06 10:06:00,564.85,565.17,562.1901,564.36,71932.857758
2026-03-06 10:07:00,564.17,567,561.33,561.33,75110.651169
2026-03-06 10:08:00,561.26,564.2473,560.1801,562,62408.377101
2026-03-06 10:09:00,561.97,562.83,560.22,560.22,41694.139169
2026-03-06 10:10:00,560.24,561.02,554.21,556.39,113732.655975
2026-03-06 10:11:00,557.03,562.44,556.2,562.44,87744.221704
2026-03-06 10:12:00,561.0901,565.159,561.0901,563.8,44588.780421
2026-03-06 10:13:00,563.8,565.48,563.0301,564.99,36539.394907
2026-03-06 10:14:00,565.3263,565.5999,562.8,564.235,40498.959612
2026-03-06 10:15:00,564.9999,566,563.5,565.3299,34627.865107
2026-03-06 10:16:00,564.48,566.35,563,563,57679.049661
2026-03-06 10:17:00,564.2,565.58,563.2001,564.77,33868.748008
2026-03-06 10:18:00,564.96,565.99,564.1092,564.4083,23849.866806
2026-03-06 10:19:00,564.515,565.9999,563.51,565.4,45055.680572
2026-03-06 10:20:00,565.2,565.4941,563,563.13,30955.837024
2026-03-06 10:21:00,563.02,564.7,562.081,564.21,38816.033947
2026-03-06 10:22:00,564.92,566.83,563.82,566.135,49455.74317
2026-03-06 10:23:00,566.63,567.36,565.7901,566.39,40355.193004
2026-03-06 10:24:00,566.78,568,566.395,566.8815,40329.187172
2026-03-06 10:25:00,567.12,567.99,565.82,567.245,37788.167152
2026-03-06 10:26:00,567.1269,567.5,566.47,566.958,21698.915536
2026-03-06 10:27:00,567,567.9899,565.0001,566.615,42910.568422
2026-03-06 10:28:00,566.3534,567.1341,565.3001,565.6951,21502.522801
2026-03-06 10:29:00,565.695,566.2,563.5,564.3974,60013.895012
2026-03-06 10:30:00,564.92,565.61,563.5,563.6911,23974.714389
2026-03-06 10:31:00,563.6911,568.01,563.6911,567.24,51753.278091
2026-03-06 10:32:00,566.85,567.6942,564.64,565.485,25023.661557
2026-03-06 10:33:00,565.48,565.48,563.1075,563.75,40284.065017
2026-03-06 10:34:00,563.51,564.18,562.5001,562.97,33730.369728
2026-03-06 10:35:00,563.005,566.6999,562.21,565.8,35146.770995
2026-03-06 10:36:00,566.05,566.5,564.63,564.63,23462.067973
2026-03-06 10:37:00,565.99,565.99,563.38,563.56,25171.18851
2026-03-06 10:38:00,564.0301,565.74,562.8,565.5647,26881.143588
2026-03-06 10:39:00,565.77,566.01,564,564.59,16473.994817
2026-03-06 10:40:00,564.505,564.88,563.1,564.461,19543.699163
2026-03-06 10:41:00,564.13,564.5,563.09,564.35,15665.263916
2026-03-06 10:42:00,564.2123,565.8,563.8,564.1,19194.638682
2026-03-06 10:43:00,564.25,565.1999,563.1,563.1679,17786.065532
2026-03-06 10:44:00,563.67,564.9599,563.3645,564.51,13552.641947
2026-03-06 10:45:00,564.05,564.4699,562.0101,562.2,31495.651433
2026-03-06 10:46:00,562.1201,562.68,559.4276,559.945,50585.223778
2026-03-06 10:47:00,559.95,561.61,559.94,561.29,25533.786615
2026-03-06 10:48:00,561.04,561.6499,560.5501,561.22,28661.868817
2026-03-06 10:49:00,561.22,561.92,560.33,560.5,30604.0905
2026-03-06 10:50:00,560.3051,560.3051,557.49,558.1999,41807.875692
2026-03-06 10:51:00,557.4144,559,557.2001,558.0914,43956.945607
2026-03-06 10:52:00,558.08,558.633,557.1001,557.675,30570.1228
2026-03-06 10:53:00,557.675,559,557.6271,558.835,24346.095798
2026-03-06 10:54:00,558.96,560.3199,558.24,558.905,26802.496688
2026-03-06 10:55:00,558.63,560.8,558.48,559.885,43213.988845
2026-03-06 10:56:00,559.635,563.58,559.635,562.52,45051.757561
2026-03-06 10:57:00,562.05,563.42,561.58,562.52,39779.929781
2026-03-06 10:58:00,562.238,563.188,561.58,562.865,21136.980765
2026-03-06 10:59:00,562.95,563.4,560.5101,560.5101,22187.058458
2026-03-06 11:00:00,561.25,561.546,559.29,560.8199,29925.98968
2026-03-06 11:01:00,560.64,560.75,559.5,559.815,21715.378804
2026-03-06 11:02:00,559.51,560.7,558.34,560.12,26621.583017
2026-03-06 11:03:00,559.885,561.61,559.57,561.0408,44757.76854
2026-03-06 11:04:00,561.61,561.69,559.9329,560.5204,30212.067043
2026-03-06 11:05:00,560.36,562.9899,559.7101,562.56,38774.014689
2026-03-06 11:06:00,562.56,563.1676,561,561.13,24940.865222
2026-03-06 11:07:00,561.01,561.69,560.0601,561.4808,14140.930364
2026-03-06 11:08:00,560.995,562.8,560.995,562.335,14894.245087
2026-03-06 11:09:00,562.335,563.2,561.87,562,28414.918409
2026-03-06 11:10:00,562.2497,562.3086,561.15,561.37,10649.333815
2026-03-06 11:11:00,561.37,561.49,559.307,560.87,23304.94665
2026-03-06 11:12:00,561,561,559.3,559.89,15653.807504
2026-03-06 11:13:00,560.29,560.95,559.755,560.13,12262.071842
2026-03-06 11:14:00,559.822,560.8999,558.6,560.682,25746.611542
2026-03-06 11:15:00,560.9999,561.7999,560.47,561.73,12529.453281
2026-03-06 11:16:00,561.49,562.6999,560.1397,560.8777,27550.116734
2026-03-06 11:17:00,560.88,561.69,560.33,561.25,13087.454971
2026-03-06 11:18:00,561.25,562.55,561.185,562.24,26805.795318
2026-03-06 11:19:00,562.085,563.33,561.7175,562.775,36566.41978
2026-03-06 11:20:00,563.17,563.735,562.08,563.38,41604.974893
2026-03-06 11:21:00,563.0301,564.74,562,562.345,48756.098151
2026-03-06 11:22:00,561.83,562.9399,561.63,562.29,23894.980742
2026-03-06 11:23:00,562.29,566.59,562.08,565.5,64772.401163
2026-03-06 11:24:00,565.7,567.25,564.43,566.99,60113.675989
2026-03-06 11:25:00,567.25,568.88,566.03,566.25,67190.418881
2026-03-06 11:26:00,566.25,566.805,564.86,565.115,45139.766353
2026-03-06 11:27:00,565.115,566.35,564.5776,565.69,27227.641802
2026-03-06 11:28:00,565.2,567.4331,565.2,566.14,28426.984408
2026-03-06 11:29:00,566.62,567.85,565.9445,567.66,30679.975669
2026-03-06 11:30:00,567.7439,567.88,566.31,566.46,33274.720229
2026-03-06 11:31:00,566.38,568.7999,566.0396,568.57,37116.646416
2026-03-06 11:32:00,568.57,570.7299,568.57,570.1004,105988.36931
2026-03-06 11:33:00,569.7371,570.3,568.73,569.385,37697.420646
2026-03-06 11:34:00,569.385,569.9999,568,569.0963,28600.011407
2026-03-06 11:35:00,569.005,569.44,568.4101,569.275,23628.933446
2026-03-06 11:36:00,569.165,570.4399,567.27,570.09,44947.962905
2026-03-06 11:37:00,570.095,570.9,569.23,570.29,44841.439635
2026-03-06 11:38:00,570.3,570.7,568.7601,569.29,18758.867659
2026-03-06 11:39:00,569.3141,569.3141,568.03,568.26,26375.808854
2026-03-06 11:40:00,568.37,568.37,566.56,566.9999,29558.073994
2026-03-06 11:41:00,567,567.3499,565.77,566.36,25908.51525
2026-03-06 11:42:00,566.01,567.13,566.01,567.0999,14450.19709
2026-03-06 11:43:00,567.1,568.3,566.8,568.26,23195.051386
2026-03-06 11:44:00,568.29,568.2999,566.83,567.125,12947.590117
2026-03-06 11:45:00,567.25,567.96,567.17,567.35,13085.158267
2026-03-06 11:46:00,567.28,567.88,565.56,566.01,26617.102411
2026-03-06 11:47:00,565.995,567.3499,564.8,565,26990.751962
2026-03-06 11:48:00,565,567,563.689,566.97,37915.670224
2026-03-06 11:49:00,566.735,567,565.0001,566.04,18262.369458
2026-03-06 11:50:00,566.42,567.125,566.01,566.5861,12249.609184
2026-03-06 11:51:00,566.3949,568,565.8501,566.0611,27836.570032
2026-03-06 11:52:00,566.425,566.57,564.1301,565.01,20115.946351
2026-03-06 11:53:00,565,566,565,566,11119.140274
2026-03-06 11:54:00,565.93,566.19,564.02,564.0512,22099.529251
2026-03-06 11:55:00,564.4183,564.685,563.18,564,28686.368139
2026-03-06 11:56:00,564.39,565.01,562.38,562.615,30536.390489
2026-03-06 11:57:00,562.85,565.43,562.0101,564.9334,26703.405365
2026-03-06 11:58:00,564.993,565.8199,563.84,565.2324,25828.586264
2026-03-06 11:59:00,565.6,566,565,565.5351,27685.51598
2026-03-06 12:00:00,565.535,565.9699,564.26,564.3594,13531.72112
2026-03-06 12:01:00,564.51,565.0599,563.5801,564.0343,10375.438062
2026-03-06 12:02:00,563.9,564.65,563.51,564.22,15720.886768
2026-03-06 12:03:00,563.89,566.45,563.89,566.115,24593.644486
2026-03-06 12:04:00,565.78,566.88,565.05,565.3989,21630.911816
2026-03-06 12:05:00,565.3997,566,564.2421,565.24,19673.85998
2026-03-06 12:06:00,564.6801,565.999,564.16,564.7,18502.886911
2026-03-06 12:07:00,565,565.4933,564.3,564.5,7712.644491
2026-03-06 12:08:00,564.84,566.69,564.3001,565.11,20053.45505
2026-03-06 12:09:00,564.7601,565.5827,564.3,564.5,24731.937484
2026-03-06 12:10:00,564.495,565,562.88,562.9,32010.485155
2026-03-06 12:11:00,563.43,564.3599,562.0501,562.864,21513.342159
2026-03-06 12:12:00,562.82,563.5,562.4505,562.85,11490.356395
2026-03-06 12:13:00,563.1,563.67,562.56,563,18289.874329
2026-03-06 12:14:00,563,564.2299,563,563.655,15211.405116
2026-03-06 12:15:00,564.22,564.3999,562.1389,562.325,18622.427529
2026-03-06 12:16:00,562.77,562.7823,561.04,561.44,30220.988478
2026-03-06 12:17:00,561.5478,562.4,561.0001,561.84,16853.781208
2026-03-06 12:18:00,561.84,563.5,561.84,562.635,14071.063158
2026-03-06 12:19:00,562.63,562.88,561.7,562.095,13339.77373
2026-03-06 12:20:00,562.64,562.64,561.2,561.67,16236.781201
2026-03-06 12:21:00,561.5,562.499,561.2401,561.85,11307.96037
2026-03-06 12:22:00,561.85,563.5023,561.37,562.53,19576.753485
2026-03-06 12:23:00,562.345,563,561.09,561.19,21448.945889
2026-03-06 12:24:00,561.3898,561.9899,560.5,561.315,31528.511852
2026-03-06 12:25:00,561.36,562.6199,560.3001,561.139,17310.549802
2026-03-06 12:26:00,560.5,560.7,559.62,559.99,40856.554482
2026-03-06 12:27:00,559.99,561.8999,559.7,561.22,26625.950954
2026-03-06 12:28:00,561.01,561.44,560.41,561.14,15773.986802
2026-03-06 12:29:00,561.27,561.5,559.66,560.17,28810.657185
2026-03-06 12:30:00,559.74,560.055,558.41,558.41,27949.49553
2026-03-06 12:31:00,558.2425,559.22,557.4801,558.72,42652.76995
2026-03-06 12:32:00,559.21,559.21,558.0001,558.6,15895.408398
2026-03-06 12:33:00,558.51,559.17,558.2801,558.67,17544.526111
2026-03-06 12:34:00,558.67,559.023,558.2,558.365,14501.815772
2026-03-06 12:35:00,558.2,558.9999,556.4101,556.765,29996.125972
2026-03-06 12:36:00,556.765,557.1199,555.5559,555.5559,50262.223135
2026-03-06 12:37:00,555.55,555.9999,554.74,555.2199,39869.915013
2026-03-06 12:38:00,554.98,555.5,554.5001,555,27201.274722
2026-03-06 12:39:00,555.11,555.49,553.4836,554.8,35080.033781
2026-03-06 12:40:00,555,555.4991,553.8025,554.0501,33562.9679
2026-03-06 12:41:00,553.8,555,553.71,554.75,21308.983569
2026-03-06 12:42:00,554.98,554.98,554.04,554.7075,18111.895086
2026-03-06 12:43:00,554.675,556.48,554.5,555.81,27873.905203
2026-03-06 12:44:00,556,557.04,555.48,556.42,40836.721792
2026-03-06 12:45:00,556.5979,557,556.02,556.5,19615.04169
2026-03-06 12:46:00,556.65,556.65,555.48,556.25,27016.488619
2026-03-06 12:47:00,556.03,556.8,555.9,556.42,15098.40127
2026-03-06 12:48:00,555.9,558.28,555.75,557.57,36069.210804
2026-03-06 12:49:00,557.535,557.9799,557.0001,557.405,22286.039831
2026-03-06 12:50:00,557.505,559,557.505,558.6,27480.180118
2026-03-06 12:51:00,558.77,558.8,557.46,557.5,26572.342019
2026-03-06 12:52:00,557.795,557.795,556.25,556.585,21625.440033
2026-03-06 12:53:00,556.585,557.63,556.49,556.825,13434.261021
2026-03-06 12:54:00,556.27,556.9499,555.7201,556.17,15980.484953
2026-03-06 12:55:00,556.065,556.9,555.1,555.1,19672.891981
2026-03-06 12:56:00,555.49,556.3999,554.1,555.27,26768.564181
2026-03-06 12:57:00,555.91,555.91,554.63,554.822,13563.805297
2026-03-06 12:58:00,554.25,554.99,552.51,553.01,29173.256783
2026-03-06 12:59:00,552.8307,553.5365,552.51,552.51,24274.646259
2026-03-06 13:00:00,552.46,553.5099,551.56,552.74,28019.49856
2026-03-06 13:01:00,553.04,554.94,552.8801,554.39,25723.728713
2026-03-06 13:02:00,554.57,554.57,552.7601,552.7601,24252.315482
2026-03-06 13:03:00,552.8,553.245,552.06,552.06,18657.384207
2026-03-06 13:04:00,552.99,553.79,552,552.6663,21344.499551
2026-03-06 13:05:00,552.5,553.8599,552.1001,553.54,26887.975235
2026-03-06 13:06:00,553.54,553.96,553,553,21805.242385
2026-03-06 13:07:00,552.9827,553.799,552.77,553.395,10224.825929
2026-03-06 13:08:00,553.395,554.689,553.0001,554.22,14298.177727
2026-03-06 13:09:00,554.5,555.035,554.087,554.555,19680.590478
2026-03-06 13:10:00,554.67,555,554.0001,554.738,18504.548085
2026-03-06 13:11:00,555.0199,556.4899,554.715,556.3709,27976.893929
2026-03-06 13:12:00,556.35,556.98,555.8101,556.74,26416.069374
2026-03-06 13:13:00,556.74,558.45,556.55,558.16,26140.46172
2026-03-06 13:14:00,558.225,558.7899,557.9401,558.625,31260.926727
2026-03-06 13:15:00,558.41,558.85,557.6795,558.18,29871.045087
2026-03-06 13:16:00,557.76,558,556.7001,557.08,20369.122585
2026-03-06 13:17:00,556.9453,557.02,555.4862,555.95,24207.543787
2026-03-06 13:18:00,555.95,556.4422,555.31,555.6951,14449.84813
2026-03-06 13:19:00,555.695,555.95,553.56,555.3693,30938.325597
2026-03-06 13:20:00,555.36,557.3799,555.36,556.02,33552.413297
2026-03-06 13:21:00,556.53,557.18,555.59,556.64,13786.348493
2026-03-06 13:22:00,556.64,556.7465,555.375,555.375,28243.10543
2026-03-06 13:23:00,555.61,557.51,555.27,557.485,27296.176123
2026-03-06 13:24:00,557.7,557.89,555.0801,557.4,33055.035876
2026-03-06 13:25:00,557.3628,557.3639,555.79,556.7559,33352.131197
2026-03-06 13:26:00,556.5,556.5,554.78,556.4278,25995.456572
2026-03-06 13:27:00,556.32,557.1799,555.5,555.725,17735.105176
2026-03-06 13:28:00,555.6551,556.9099,555.18,556.55,14008.251212
2026-03-06 13:29:00,556.55,556.9099,555.88,556.21,14111.707501
2026-03-06 13:30:00,556.225,556.91,555.9898,556.14,14242.454241
2026-03-06 13:31:00,556.48,557.18,556.13,556.675,20893.235897
2026-03-06 13:32:00,556.8591,557.5199,556.64,557.08,19070.938041
2026-03-06 13:33:00,556.9832,558.3899,556.36,557.9691,17883.119662
2026-03-06 13:34:00,558.19,558.21,556.82,557.175,17785.308948
2026-03-06 13:35:00,557.5,558.2899,556.86,557.605,18528.830526
2026-03-06 13:36:00,557.615,558.2899,557.2301,557.59,16915.796458
2026-03-06 13:37:00,558,558.5,556.5195,557.03,27046.130269
2026-03-06 13:38:00,556.995,558,556.8,557.745,10740.431892
2026-03-06 13:39:00,557.99,558.517,557.5,557.71,22701.138628
2026-03-06 13:40:00,557.815,558.5,557.41,557.44,14652.571226
2026-03-06 13:41:00,557.66,558.36,557.39,557.81,15758.511621
2026-03-06 13:42:00,558.089,559.29,557.7059,558.34,28406.451301
2026-03-06 13:43:00,558.315,558.9999,558.22,558.87,15754.661873
2026-03-06 13:44:00,558.83,559.11,558.0001,558.37,21845.878741
2026-03-06 13:45:00,558.38,558.38,556.9201,557.735,29076.530973
2026-03-06 13:46:00,557.735,558.5,556.92,557.26,22214.951896
2026-03-06 13:47:00,557.26,557.9999,556.4,556.7442,11296.486527
2026-03-06 13:48:00,557.1,557.56,556.5801,557.25,15590.495535
2026-03-06 13:49:00,557.1,557.68,556.5701,557.44,16856.475059
2026-03-06 13:50:00,557.47,557.49,555.67,555.82,19468.677586
2026-03-06 13:51:00,555.57,556.042,554.535,554.9,23971.621417
2026-03-06 13:52:00,554.69,555.1695,554.3801,554.69,17389.490161
2026-03-06 13:53:00,554.425,554.9999,552.4,553.29,39365.676831
2026-03-06 13:54:00,553.255,553.255,551.54,552.3638,51089.280595
2026-03-06 13:55:00,552.3,553.5164,552.25,553.5164,34199.864063
2026-03-06 13:56:00,553.66,553.69,552.8,552.83,16724.936211
2026-03-06 13:57:00,552.7926,553.31,552.4401,552.51,16328.881979
2026-03-06 13:58:00,552.805,553.6,552.37,553.405,14443.172527
2026-03-06 13:59:00,553.12,553.4099,552.09,552.7496,19061.268504
2026-03-06 14:00:00,552.93,553.32,552.6,552.95,10788.006362
2026-03-06 14:01:00,553.07,553.1699,552.01,552.7,16110.095624
2026-03-06 14:02:00,552,552.54,551.37,552.06,26550.040715
2026-03-06 14:03:00,552.2684,552.6,551.8268,552.45,8599.789116
2026-03-06 14:04:00,552.45,553.5,552.45,553.3231,20356.934714
2026-03-06 14:05:00,553.01,553.2899,552.2501,552.895,25034.56835
2026-03-06 14:06:00,552.89,553.7699,552.25,553.05,27386.197188
2026-03-06 14:07:00,553.545,555.99,553.3401,554.5781,35012.824985
2026-03-06 14:08:00,554.9239,555.2236,553.48,554.65,22142.726339
2026-03-06 14:09:00,554.32,555.99,554.32,555.6105,21354.153695
2026-03-06 14:10:00,555.2259,556.84,555,556.75,26402.029674
2026-03-06 14:11:00,556.84,556.9899,555.3425,555.745,22404.712475
2026-03-06 14:12:00,555.75,557,555.5001,556.5,20865.774314
2026-03-06 14:13:00,556.2,556.9999,555.81,556.07,18241.036645
2026-03-06 14:14:00,556.28,556.67,554.66,555.99,20890.714168
2026-03-06 14:15:00,555.1,555.8599,553.45,554.045,20038.82899
2026-03-06 14:16:00,554.1649,554.59,553.735,554,10834.907474
2026-03-06 14:17:00,553.82,553.9999,551.875,552.4735,23521.146686
2026-03-06 14:18:00,552.325,553.2099,551,551.425,26350.718543
2026-03-06 14:19:00,551.75,552.5299,551.1,551.4,16680.244816
2026-03-06 14:20:00,551.55,551.7899,551.04,551.495,16518.534273
2026-03-06 14:21:00,551.495,552,550.87,551.26,16327.084735
2026-03-06 14:22:00,551.03,551.125,550.5,550.835,18827.098365
2026-03-06 14:23:00,550.956,553.23,550.2301,552.315,31832.817647
2026-03-06 14:24:00,552.315,552.5399,550.5101,550.855,24367.041903
2026-03-06 14:25:00,550.785,551.24,550.3,550.98,17820.637035
2026-03-06 14:26:00,550.66,551.635,550.5,551.45,19961.008986
2026-03-06 14:27:00,551.45,552.76,551.1401,552.1751,19466.884762
2026-03-06 14:28:00,552,552.9699,551.7832,551.7832,17680.087311
2026-03-06 14:29:00,552.05,552.97,552.01,552.01,20011.071237
2026-03-06 14:30:00,552,552.59,551.2286,551.8,15859.990843
2026-03-06 14:31:00,551.6,551.89,551,551.73,18391.568083
2026-03-06 14:32:00,551.695,551.9999,550.7901,551.55,11034.514812
2026-03-06 14:33:00,551.21,551.42,550.8885,551.265,11169.568601
2026-03-06 14:34:00,551.3,551.545,550.74,551.205,7698.951358
2026-03-06 14:35:00,551.1,551.8999,551,551.14,9907.525638
2026-03-06 14:36:00,550.94,551.158,550.46,551.1,11287.831796
2026-03-06 14:37:00,550.75,551.3055,550.6757,550.76,9923.759562
2026-03-06 14:38:00,550.79,551,549.68,550.375,51622.674746
2026-03-06 14:39:00,550.485,550.92,550.05,550.24,11844.836655
2026-03-06 14:40:00,550.24,550.4999,549.43,550.15,22228.596976
2026-03-06 14:41:00,550.262,550.9999,549.37,550.22,24807.474751
2026-03-06 14:42:00,550.55,550.9811,549.41,550,22500.508549
2026-03-06 14:43:00,550.01,550.1619,549.01,549.0601,18629.395625
2026-03-06 14:44:00,549.26,549.87,548.8801,549,24324.921105
2026-03-06 14:45:00,549.25,549.25,548.5,548.75,30900.976166
2026-03-06 14:46:00,548.68,548.9999,548.29,548.69,18782.305529
2026-03-06 14:47:00,548.4,548.655,547.49,547.9999,37853.635699
2026-03-06 14:48:00,547.645,549.04,547.2,548.78,30438.645621
2026-03-06 14:49:00,548.5726,549.18,548.0001,548.525,20516.233065
2026-03-06 14:50:00,548.33,549.11,548.17,548.17,21219.409377
2026-03-06 14:51:00,548.02,548.5368,546.634,546.94,36150.558379
2026-03-06 14:52:00,546.94,548.04,546.5401,547.74,29265.145394
2026-03-06 14:53:00,548.14,548.21,546.3,546.62,37656.177312
2026-03-06 14:54:00,546.7705,547.09,546,546.77,37238.165069
2026-03-06 14:55:00,547.09,547.2178,546.5,547,30770.610308
2026-03-06 14:56:00,547.01,547.77,546.65,547.41,30046.927791
2026-03-06 14:57:00,547.42,548.5549,547.05,547.72,38858.336988
2026-03-06 14:58:00,548,548.81,547.65,548.035,25686.622094
2026-03-06 14:59:00,547.89,548.1999,547.5,547.5,17416.906424
2026-03-06 15:00:00,547.5,551.7399,545.8,549.9575,82674.133829
2026-03-06 15:01:00,549.4657,549.75,548.565,549.345,22265.863843
2026-03-06 15:02:00,549.8,551.93,548.5001,550.91,50566.324571
2026-03-06 15:03:00,550.8,551.88,550.2201,551.88,25349.132099
2026-03-06 15:04:00,551.51,551.9,550.91,551.31,17946.353339
2026-03-06 15:05:00,551.27,552.3,550.5,551,30341.066699
2026-03-06 15:06:00,550.86,551.17,550.2,550.73,16309.110845
2026-03-06 15:07:00,550.46,550.8799,549.2601,549.89,28538.725145
2026-03-06 15:08:00,550.055,550.8599,547.5501,548.35,41076.399192
2026-03-06 15:09:00,548.21,548.8287,547.24,547.47,36341.477238
2026-03-06 15:10:00,547.47,547.9299,545.75,546,64711.354775
2026-03-06 15:11:00,545.835,545.9799,542.63,542.77,139667.109877
2026-03-06 15:12:00,542.73,543.3999,542.0501,542.4047,62348.304868
2026-03-06 15:13:00,542.1,543.365,542,542.5101,36715.46977
2026-03-06 15:14:00,542.685,543.98,542.48,543.7572,41364.244537
2026-03-06 15:15:00,543.92,543.98,542.11,542.65,43213.874047
2026-03-06 15:16:00,543,544.16,542.3001,542.905,42467.801596
2026-03-06 15:17:00,543.5099,543.5099,541.82,543.055,51781.982017
2026-03-06 15:18:00,542.7,542.9999,541.82,542.14,17481.106378
2026-03-06 15:19:00,542.485,542.5954,541.19,541.19,30647.875959
2026-03-06 15:20:00,541.4,541.8499,540.5,541.405,38097.355297
2026-03-06 15:21:00,541.4526,541.4526,539.12,540.02,85527.172566
2026-03-06 15:22:00,540,540.94,539.1201,539.48,44733.130579
2026-03-06 15:23:00,540,540.4691,538.88,539.7018,41606.130618
2026-03-06 15:24:00,539.62,540.4,538.7501,539,32306.631158
2026-03-06 15:25:00,539.375,539.4038,538,538.2,36244.702224
2026-03-06 15:26:00,538.2571,538.5599,537.5201,537.875,46807.875528
2026-03-06 15:27:00,538,538.12,536.1601,536.36,47945.675858
2026-03-06 15:28:00,536.36,537,536.2001,536.6321,47496.254559
2026-03-06 15:29:00,536.6321,536.8695,536.01,536.25,45791.596341
2026-03-06 15:30:00,536.2,537.4795,535.03,537.325,64552.341183
2026-03-06 15:31:00,537.325,538,535.2401,536.505,47167.104294
2026-03-06 15:32:00,536.64,536.65,535,535.57,73393.53798
2026-03-06 15:33:00,535.735,536.2499,533.33,534.16,94240.645998
2026-03-06 15:34:00,534.0905,534.0905,531.33,532.46,119518.947402
2026-03-06 15:35:00,532.505,532.6499,530.56,531.79,87931.000214
2026-03-06 15:36:00,531.745,532.49,530.07,530.1,90676.116173
2026-03-06 15:37:00,530.39,531.79,529.85,530.86,95091.103995
2026-03-06 15:38:00,531.1,531.599,528.9901,529.23,59308.476351
2026-03-06 15:39:00,529.23,531.75,529.23,530.37,114219.734544
2026-03-06 15:40:00,530.1545,535,528.89,533.8401,136732.870358
2026-03-06 15:41:00,534.235,535.9999,532.3901,534.87,97543.79798
2026-03-06 15:42:00,535.9,536.1799,533.53,535.54,72930.573509
2026-03-06 15:43:00,535.12,535.94,533.9311,534.2901,54146.312785
2026-03-06 15:44:00,534,534.9999,533.7801,534.6,27008.198673
2026-03-06 15:45:00,534.68,535.8,533.3,534.17,54761.30326
2026-03-06 15:46:00,534.6,535.7499,534.1901,534.855,23646.734883
2026-03-06 15:47:00,534.855,536.2599,534.2901,535.3222,37787.302548
2026-03-06 15:48:00,535.53,536.25,534.7701,535,48273.969546
2026-03-06 15:49:00,534.53,535.0599,533.28,533.805,40776.636846
2026-03-06 15:50:00,533.93,535.7499,533.0901,535.11,48617.759726
2026-03-06 15:51:00,535.03,536.78,534.04,536.49,63128.856187
2026-03-06 15:52:00,535.9044,536.59,533.71,534.25,72509.076602
2026-03-06 15:53:00,533.78,534.23,532.5001,532.79,69662.179846
2026-03-06 15:54:00,532.84,533.73,532.33,532.33,119451.7908
2026-03-06 15:55:00,532.48,532.48,529.2001,529.714,111806.098963
2026-03-06 15:56:00,529.63,530.3799,528.388,528.505,84709.766357
2026-03-06 15:57:00,528.6399,529.13,527.41,527.69,93956.991578
2026-03-06 15:58:00,527.72,528.11,527.2,527.28,122705.938395
2026-03-06 15:59:00,527.28,527.54,526.63,527.15,154966.363729
2026-03-09 09:30:00,517,529.4,517,525.37,388399.612074
2026-03-09 09:31:00,525.37,529.98,522.38,526.01,184123.255699
2026-03-09 09:32:00,526.0101,527.9999,521.0001,523.58,91032.519859
2026-03-09 09:33:00,523.18,527,522.561,525.35,123265.630227
2026-03-09 09:34:00,525.135,532.22,525.135,529.755,144302.031798
2026-03-09 09:35:00,529.11,532,527.62,530.58,66134.483859
2026-03-09 09:36:00,530.4,531.58,528.71,528.81,64118.82929
2026-03-09 09:37:00,528.15,529.8,526.05,529.53,68377.88656
2026-03-09 09:38:00,529.075,530,524.5,530,89812.709781
2026-03-09 09:39:00,530,532.43,528.21,528.345,104786.601099
2026-03-09 09:40:00,528.2725,533.5,528.2725,528.99,97950.055896
2026-03-09 09:41:00,528.62,534.16,527.61,532.1999,141475.808714
2026-03-09 09:42:00,531,531.43,525.48,527,79800.856742
2026-03-09 09:43:00,527,530.25,526.67,529.27,55794.085719
2026-03-09 09:44:00,529.23,530,527.1501,528.8,49022.689789
2026-03-09 09:45:00,528.8,532.4999,528.0001,532,111123.13757
2026-03-09 09:46:00,532,539.4199,531.99,538.27,221321.246964
2026-03-09 09:47:00,538.25,539.6685,537.11,539.45,121307.201035
2026-03-09 09:48:00,539.45,539.68,536.446,538.65,100549.111069
2026-03-09 09:49:00,538.27,541.06,537.84,537.84,128577.268937
2026-03-09 09:50:00,538.505,539.8013,535.01,535.01,73197.640727
2026-03-09 09:51:00,535.415,537.5599,534.36,537.025,71356.70766
2026-03-09 09:52:00,537.1505,538,535.51,536.31,57572.189582
2026-03-09 09:53:00,536.645,538.2,535.3401,536.11,38689.715752
2026-03-09 09:54:00,536.52,539.88,536.52,537,53672.138687
2026-03-09 09:55:00,537.01,538.86,535.1101,538.435,49945.955842
2026-03-09 09:56:00,538.33,541.29,537.6,539.0451,74769.433283
2026-03-09 09:57:00,539.045,541.64,538.27,539.7,47489.926737
2026-03-09 09:58:00,539.975,543,539.2548,541.48,94720.402362
2026-03-09 09:59:00,541.48,543.44,541.28,542.465,58907.531456
2026-03-09 10:00:00,542.42,545.1394,541.51,544.94,120480.988533
2026-03-09 10:01:00,544.75,545.27,543.1416,544.5,70937.371662
2026-03-09 10:02:00,544.3,547.4,544.01,546.0316,99166.922488
2026-03-09 10:03:00,546.51,547,545.02,545.89,85285.15431
2026-03-09 10:04:00,545.93,548.18,545.181,548.09,86217.404719
2026-03-09 10:05:00,547.905,549.43,545.6325,545.725,110934.500886
2026-03-09 10:06:00,545.9,547.37,543.4,545.995,110042.206858
2026-03-09 10:07:00,545.9715,546.29,543.58,544.5525,95155.3348
2026-03-09 10:08:00,544.555,545.9899,541.92,543.39,102205.449339
2026-03-09 10:09:00,544,544.8363,542.5,543.7,47862.722896
2026-03-09 10:10:00,543.75,543.8099,538.6524,541,109520.563648
2026-03-09 10:11:00,541.18,541.18,537.36,538.15,123270.708065
2026-03-09 10:12:00,537.5,539.99,537.36,539.52,63051.694249
2026-03-09 10:13:00,539.99,543,539.3401,542.4201,66240.911915
2026-03-09 10:14:00,542.5234,545.5,541.98,544.795,67928.362909
2026-03-09 10:15:00,544.765,545.54,543.0001,544.68,48121.154032
2026-03-09 10:16:00,544.67,546.65,542.2801,546.44,61672.959323
2026-03-09 10:17:00,546.264,547.66,543.28,545.08,107709.38167
2026-03-09 10:18:00,544.61,546.3765,544.47,545.74,30965.620821
2026-03-09 10:19:00,545.94,549,545.1425,547.135,80117.571154
2026-03-09 10:20:00,546.94,552.3999,546.67,551.55,175733.971851
2026-03-09 10:21:00,551.6,551.98,549.07,551.27,103550.488115
2026-03-09 10:22:00,551.095,556.52,550.69,556.52,178511.183011
2026-03-09 10:23:00,556.66,557.5,555.8151,556.88,127828.059138
2026-03-09 10:24:00,556.88,557.9799,555.565,557.02,121920.460179
2026-03-09 10:25:00,557.365,557.91,555,555.5601,106480.653891
2026-03-09 10:26:00,555.435,557.6799,554.1465,555.75,117224.023015
2026-03-09 10:27:00,555.805,555.805,553.6001,554.965,99296.6884
2026-03-09 10:28:00,554.53,556.58,554.53,555.5,71196.653765
2026-03-09 10:29:00,555.835,557,555,555.935,56646.193689
2026-03-09 10:30:00,555.89,557.63,555.79,557.57,81051.803676
2026-03-09 10:31:00,557.63,558.8799,555.5,558.878,105863.687663
2026-03-09 10:32:00,558.88,559.88,557.93,558.9,87618.334134
2026-03-09 10:33:00,558.82,559.88,558.09,559.36,83452.488224
2026-03-09 10:34:00,559.36,562.95,558.8201,562.95,154770.426367
2026-03-09 10:35:00,562.82,564.6,562.4601,564.165,138167.431298
2026-03-09 10:36:00,564.05,566.7999,563.88,566.14,142032.885305
2026-03-09 10:37:00,566.1501,566.4999,563.03,563.445,146170.473357
2026-03-09 10:38:00,563.445,565.21,562.7801,564.24,98406.733533
2026-03-09 10:39:00,564.38,564.7999,562.49,562.975,66615.767282
2026-03-09 10:40:00,562.955,565.6853,562.5,564.525,74045.555234
2026-03-09 10:41:00,564.9,565.22,563,563.28,39305.329262
2026-03-09 10:42:00,563.28,563.28,560.4,561.8999,135033.455781
2026-03-09 10:43:00,561.5,561.8999,558.03,558.405,95712.321439
2026-03-09 10:44:00,558.4051,560.4399,558.1481,560.12,73790.036341
2026-03-09 10:45:00,560.055,561,559.67,560.48,44667.245147
2026-03-09 10:46:00,560.33,562,541,561.99,93242.611168
2026-03-09 10:47:00,561.675,562.5,541,562.31,45667.0256
2026-03-09 10:48:00,562.12,562.99,542.9099,562,59365.547527
2026-03-09 10:49:00,561.14,561.14,558.1178,559.2,47286.601814
2026-03-09 10:50:00,559.27,559.488,558.0365,559.05,34610.567905
2026-03-09 10:51:00,558.45,561,558.29,560.41,29426.043949
2026-03-09 10:52:00,560.4145,562.8799,560.0001,562.488,64838.837119
2026-03-09 10:53:00,562.8,562.84,559.14,560.13,27059.670012
2026-03-09 10:54:00,560.34,561,559.2801,559.944,29313.270738
2026-03-09 10:55:00,559.35,560.1,558.4901,558.995,34179.882714
2026-03-09 10:56:00,559.025,559.8,555.14,556.18,88702.18862
2026-03-09 10:57:00,556.5,558,555.58,557.09,38035.070997
2026-03-09 10:58:00,557.3382,557.5,555.9,556.69,41112.888547
2026-03-09 10:59:00,556.5,557.49,556,556.5,22156.976793
2026-03-09 11:00:00,556.82,557.5,556.08,557,27239.879299
2026-03-09 11:01:00,557.1621,557.4,556.1,557.01,30412.770624
2026-03-09 11:02:00,556.69,558.8999,556.0001,557.8,58932.268949
2026-03-09 11:03:00,557.8,558.2199,557,557.5,28255.902199
2026-03-09 11:04:00,557.9999,559.66,557.5201,558.6101,34371.95686
2026-03-09 11:05:00,559.135,562.47,558.6101,561.5,63262.670404
2026-03-09 11:06:00,561.7418,562.5,560.82,562.5,36523.140063
2026-03-09 11:07:00,562.25,562.62,560.5695,560.85,44449.895406
2026-03-09 11:08:00,560.68,561.31,559.09,559.9,46316.322691
2026-03-09 11:09:00,559.88,560.8499,559.7255,560.51,22765.56934
2026-03-09 11:10:00,560.72,560.97,559.7901,560.235,22712.176899
2026-03-09 11:11:00,560.1751,560.78,559.5401,560.55,21147.239258
2026-03-09 11:12:00,560.425,563.5,560,561.7599,48522.774328
2026-03-09 11:13:00,561.38,562,561.0101,561.62,18198.980813
2026-03-09 11:14:00,561.24,561.96,559.8601,560.43,28317.31773
2026-03-09 11:15:00,560.88,561,559.93,560.6,22120.972151
2026-03-09 11:16:00,560.6,560.9999,558.5001,558.755,30817.146055
2026-03-09 11:17:00,558.735,560.81,558.59,560.165,22211.054217
2026-03-09 11:18:00,559.98,561.4499,559.3,560.0001,25321.760095
2026-03-09 11:19:00,560,560.6,559.2701,560.5999,25465.125035
2026-03-09 11:20:00,560.055,561.5,559.55,561.055,21762.975878
2026-03-09 11:21:00,561.0011,562.499,560.81,562.209,27471.270327
2026-03-09 11:22:00,562.4999,562.96,560,560.405,33108.069977
2026-03-09 11:23:00,560.1934,562.1,560.1934,561.38,14087.513037
2026-03-09 11:24:00,561.395,561.395,560.38,560.38,15404.701892
2026-03-09 11:25:00,560.785,561.9,559.6,561.4228,42162.543228
2026-03-09 11:26:00,561.26,564.33,561.04,563.68,41214.920058
2026-03-09 11:27:00,564.04,565.6,563.5201,564.7,90878.998907
2026-03-09 11:28:00,564.785,565,563.69,564,39023.904514
2026-03-09 11:29:00,563.885,564.79,562.49,562.5,45783.77104
2026-03-09 11:30:00,562.5,562.5999,560,561.0499,50151.592488
2026-03-09 11:31:00,560.875,561.9999,560.85,561.625,21425.489619
2026-03-09 11:32:00,561.62,562,560.8,560.9891,24661.837708
2026-03-09 11:33:00,560.955,561.44,560.5,560.75,22505.273397
2026-03-09 11:34:00,561,561.8299,560.08,560.4736,26862.349184
2026-03-09 11:35:00,560.7,561.49,560.1001,561.08,22915.932743
2026-03-09 11:36:00,560.99,561.48,560.29,561,21283.159375
2026-03-09 11:37:00,561,562.3,560.35,561.77,24320.850665
2026-03-09 11:38:00,561.2501,561.87,560.29,560.4125,18839.434083
2026-03-09 11:39:00,560.32,561.5999,560.1,560.5299,15781.304719
2026-03-09 11:40:00,560.345,561.28,559.69,560.13,31764.359507
2026-03-09 11:41:00,560.13,560.56,559.15,559.3801,22426.924909
2026-03-09 11:42:00,559.67,561,559.52,560.1214,19902.674623
2026-03-09 11:43:00,560.235,561.125,559.803,560.3655,13002.416667
2026-03-09 11:44:00,560.6551,561.6,560.6551,561.16,16771.704625
2026-03-09 11:45:00,560.875,562.5,560.875,562.32,27630.198517
2026-03-09 11:46:00,562.32,562.9899,560.67,560.67,26463.649388
2026-03-09 11:47:00,561.03,565.6199,561.03,562.082,61678.570542
2026-03-09 11:48:00,561.95,561.95,560,561,28537.384635
2026-03-09 11:49:00,561.355,562.2,560.96,561.57,15871.960696
2026-03-09 11:50:00,561.57,562.38,561.1401,562.02,23160.895195
2026-03-09 11:51:00,561.8,563.62,561.33,563.105,29070.459206
2026-03-09 11:52:00,563.62,563.9399,562.6101,563.5,27091.841584
2026-03-09 11:53:00,563.5,563.649,562.53,563.325,26402.379869
2026-03-09 11:54:00,563.325,564.9,562.9001,564.03,48017.201332
2026-03-09 11:55:00,564.03,566,563.27,565.176,82109.490714
2026-03-09 11:56:00,565.15,565.9899,564.02,565.33,47126.751003
2026-03-09 11:57:00,565.14,567.84,565.14,566.725,89539.347428
2026-03-09 11:58:00,566.725,568.4,565.57,567.6501,72016.328187
2026-03-09 11:59:00,568,568.9,567.2101,568.01,42947.498289
2026-03-09 12:00:00,568.31,569.38,567.51,567.9001,66602.601668
2026-03-09 12:01:00,567.9,569.4599,567.885,568.62,46011.361746
2026-03-09 12:02:00,568.94,569.8,568.4,568.7475,44935.834412
2026-03-09 12:03:00,568.785,570.28,568.69,569.885,64919.44097
2026-03-09 12:04:00,569.885,570.09,568.6901,569.39,31770.741616
2026-03-09 12:05:00,569.39,569.7174,568.5,569.365,30430.266596
2026-03-09 12:06:00,569.365,570.45,569.1401,569.85,40017.12622
2026-03-09 12:07:00,569.99,571.69,569.8601,571,58559.385445
2026-03-09 12:08:00,570.815,571.4,570.32,570.65,27580.961054
2026-03-09 12:09:00,570.49,572,570.32,571.43,34664.834444
2026-03-09 12:10:00,571.244,572.7199,570.75,571.0027,64014.459559
2026-03-09 12:11:00,571.038,572.6399,570.7501,571.895,57853.457924
2026-03-09 12:12:00,571.895,572.2799,571.125,571.9201,27136.824065
2026-03-09 12:13:00,571.92,572.5,571.4001,571.78,29606.185309
2026-03-09 12:14:00,571.7801,572.4399,571.38,571.925,32670.24076
2026-03-09 12:15:00,572.0383,572.64,570.5,570.745,37846.726139
2026-03-09 12:16:00,570.745,571.19,570,570.5827,41720.373944
2026-03-09 12:17:00,570,570.17,567.85,568.285,56211.228565
2026-03-09 12:18:00,568.342,568.9,567.85,568.6701,34664.142664
2026-03-09 12:19:00,568.48,569.385,568.4101,568.85,26631.687672
2026-03-09 12:20:00,569,569.75,568.4283,568.5,18613.099811
2026-03-09 12:21:00,568.5,569.5,568.19,568.19,23052.631329
2026-03-09 12:22:00,568.25,568.6954,567.3,567.705,32055.379566
2026-03-09 12:23:00,567.705,569.32,567.4101,568.495,37574.07259
2026-03-09 12:24:00,568.49,568.9799,568.03,568.65,17818.824865
2026-03-09 12:25:00,568.535,568.675,567.3401,568.0606,21693.355173
2026-03-09 12:26:00,567.875,572.5,567.7391,572.4,84655.760724
2026-03-09 12:27:00,572.0001,572.32,570.89,570.89,38516.383531
2026-03-09 12:28:00,570.975,571.0355,569.6001,569.67,22258.850768
2026-03-09 12:29:00,569.95,570.47,569.1401,569.9,23724.143198
2026-03-09 12:30:00,569.9,570,569.1,569.14,21144.436163
2026-03-09 12:31:00,569.2099,569.699,568.935,569.1,23400.659166
2026-03-09 12:32:00,569.035,569.24,567.34,567.6201,30750.05669
2026-03-09 12:33:00,568.205,570,567.8901,569.61,34394.422865
2026-03-09 12:34:00,569.61,570.39,568.0001,568.585,35283.048934
2026-03-09 12:35:00,568.585,569.26,568.01,568.7,26254.15036
2026-03-09 12:36:00,568.86,569.25,568.4962,568.9,11631.07071
2026-03-09 12:37:00,569.3855,569.3855,567.66,568,20944.643223
2026-03-09 12:38:00,567.955,569.5,567.3,568.75,41576.016067
2026-03-09 12:39:00,568.6741,570.19,568.4338,569.44,26123.947023
2026-03-09 12:40:00,569.4,570.85,569.0101,570.615,28152.66617
2026-03-09 12:41:00,570.615,570.69,569.99,570.25,20182.047463
2026-03-09 12:42:00,570.21,570.58,569.83,570.22,11800.145118
2026-03-09 12:43:00,570.2,570.7499,569.8301,570.48,16448.51149
2026-03-09 12:44:00,570.355,570.9999,570.12,570.2,18731.121476
2026-03-09 12:45:00,570.2,570.4026,568.54,568.83,29427.876141
2026-03-09 12:46:00,568.83,570.67,568.67,570.055,31362.476419
2026-03-09 12:47:00,569.6101,570.5,569.61,570.14,20775.068024
2026-03-09 12:48:00,570.14,571,568.85,569.0552,26237.440408
2026-03-09 12:49:00,569.13,570.1599,568.6701,569.48,13074.552375
2026-03-09 12:50:00,569.335,569.335,568.3401,568.97,15680.649533
2026-03-09 12:51:00,568.97,570,568.5601,570,12032.41398
2026-03-09 12:52:00,569.991,570.125,569.04,570,10178.818543
2026-03-09 12:53:00,569.71,569.8,567.51,567.83,32497.055091
2026-03-09 12:54:00,567.76,569,567.52,568.99,33743.277024
2026-03-09 12:55:00,569,570.6,568.5425,569.355,38329.26296
2026-03-09 12:56:00,569.238,570.2,568.5,569.42,16646.111792
2026-03-09 12:57:00,569.4,569.58,567.9,568.62,20819.084146
2026-03-09 12:58:00,568.0797,568.495,567.35,568.06,26436.708825
2026-03-09 12:59:00,567.92,569.3599,567.8,568.3401,18003.004519
2026-03-09 13:00:00,568.77,568.86,567.6,568.012,20629.512533
2026-03-09 13:01:00,567.81,568.48,567.6601,568,16094.10612
2026-03-09 13:02:00,567.8,568.1999,567.06,567.1,33002.425102
2026-03-09 13:03:00,567.275,567.9499,566.6,566.7,41487.93402
2026-03-09 13:04:00,567.05,567.25,565.65,565.78,41463.891396
2026-03-09 13:05:00,566.05,566.05,565.0001,565.335,45735.036417
2026-03-09 13:06:00,565.38,566.64,565.01,566.2205,26820.253472
2026-03-09 13:07:00,566.345,566.345,565.22,565.38,34137.919198
2026-03-09 13:08:00,565.66,566.4999,565.5081,565.97,19966.477216
2026-03-09 13:09:00,565.9999,567.01,565.87,566.69,23880.567521
2026-03-09 13:10:00,566.69,567.27,565,565.23,40637.70192
2026-03-09 13:11:00,565.2201,566.18,565.0001,565.865,20127.165844
2026-03-09 13:12:00,565.9964,566.6199,565.5501,565.81,13381.544886
2026-03-09 13:13:00,565.82,566.0999,565.55,565.55,12674.466059
2026-03-09 13:14:00,565.825,566.58,565.0001,566.58,23557.232395
2026-03-09 13:15:00,566.53,567.11,565.762,565.8536,15017.934539
2026-03-09 13:16:00,565.87,566.1,565.5,565.5,12041.390292
2026-03-09 13:17:00,565.715,566,564.6301,564.6301,29183.185285
2026-03-09 13:18:00,564.815,565.52,564.62,565,22533.129461
2026-03-09 13:19:00,565.36,565.7699,564.8,565.2,23167.681603
2026-03-09 13:20:00,565.2,565.89,564.92,565.485,15985.750564
2026-03-09 13:21:00,565.52,565.7999,564.16,564.25,36122.232804
2026-03-09 13:22:00,564.13,566.6499,564.02,565.885,38342.262062
2026-03-09 13:23:00,565.4601,566.2,564.01,564.34,20654.219138
2026-03-09 13:24:00,564.61,565.9999,564.3,565.204,19730.107392
2026-03-09 13:25:00,565.01,565.7699,564.7501,565.23,26668.591549
2026-03-09 13:26:00,564.75,565.1999,564.2,564.47,16980.978289
2026-03-09 13:27:00,564.47,565.253,564.1778,564.49,19431.770402
2026-03-09 13:28:00,564.31,564.6248,564.14,564.545,16649.178437
2026-03-09 13:29:00,564.54,565.4699,564.2,565.18,30385.024523
2026-03-09 13:30:00,565.09,565.61,564.79,565.166,20643.203741
2026-03-09 13:31:00,564.81,565.83,564.81,565.31,18611.75128
2026-03-09 13:32:00,565.6,566.3494,565.4301,565.6523,25002.155185
2026-03-09 13:33:00,565.715,567,565.1301,566.18,30462.125153
2026-03-09 13:34:00,566.25,566.25,564.5,564.5,29880.521851
2026-03-09 13:35:00,564.4,565.06,563.5001,564.82,32102.83918
2026-03-09 13:36:00,564.31,564.4957,563.33,563.76,30723.343738
2026-03-09 13:37:00,563.705,563.705,562.0201,562.4399,27570.993291
2026-03-09 13:38:00,562.15,562.4,561.1101,561.75,36785.842386
2026-03-09 13:39:00,561.66,563,561.5,562.7987,26653.774786
2026-03-09 13:40:00,562.68,563.21,561.9589,562.3359,21435.512936
2026-03-09 13:41:00,561.71,561.97,560.28,560.727,39567.429342
2026-03-09 13:42:00,560.65,561.9999,560.3,560.77,31814.584589
2026-03-09 13:43:00,561.0209,561.25,560.31,560.5,18956.200579
2026-03-09 13:44:00,560.53,561.5623,560.25,560.76,32248.771627
2026-03-09 13:45:00,560.6801,561.015,560.3,560.62,31023.215681
2026-03-09 13:46:00,560.52,561.56,560.3,561.41,25061.526831
2026-03-09 13:47:00,561.76,562.5,560.785,562.2,45459.906786
2026-03-09 13:48:00,562.145,563.24,562.1,562.5235,27627.895209
2026-03-09 13:49:00,562.36,562.85,561.4,561.6,31099.219357
2026-03-09 13:50:00,561.5655,561.725,560.2058,560.4216,24037.175135
2026-03-09 13:51:00,560.392,560.95,560.1701,560.655,12976.020644
2026-03-09 13:52:00,560.6551,562.7299,560.655,561.682,22522.282305
2026-03-09 13:53:00,561.96,562.8499,561.935,562.525,13727.897408
2026-03-09 13:54:00,562.46,562.7,561.4201,562.5,20564.122735
2026-03-09 13:55:00,561.99,562.73,561.0001,561.53,22351.343107
2026-03-09 13:56:00,561.4,561.5999,560.48,561.305,17334.296224
2026-03-09 13:57:00,561.41,562,561.1,561.42,10244.18898
2026-03-09 13:58:00,561.1,561.52,560.5101,561.21,14648.176816
2026-03-09 13:59:00,561.21,561.3002,560.03,560.5,21293.954255
2026-03-09 14:00:00,560.2,560.9999,560,560.75,33869.163058
2026-03-09 14:01:00,560.75,561.38,560,560.79,22470.790477
2026-03-09 14:02:00,561,562,560.4,561.7801,31354.80724
2026-03-09 14:03:00,561.99,562.2199,561.02,561.2801,28387.367504
2026-03-09 14:04:00,561.28,562.2903,560.51,560.8334,18199.200617
2026-03-09 14:05:00,561.335,562.2,560.68,561.855,11641.088831
2026-03-09 14:06:00,561.855,563,561.5101,562.59,30066.517238
2026-03-09 14:07:00,562.6802,562.99,561.54,562.01,19365.260975
2026-03-09 14:08:00,562.3199,562.4399,560.5,561.5,26105.604849
2026-03-09 14:09:00,561.39,561.5,560.5,560.8399,16987.905004
2026-03-09 14:10:00,560.5,562.19,560.5,561.5401,18124.389361
2026-03-09 14:11:00,561.92,563,561.77,562.61,20290.147843
2026-03-09 14:12:00,562.465,562.9,562.0301,562.031,12965.711586
2026-03-09 14:13:00,562.4991,563.37,562.1782,562.6,25090.852041
2026-03-09 14:14:00,562.709,563.4,562.55,563.1,19711.622427
2026-03-09 14:15:00,563.1,563.36,562.59,562.755,20735.250603
2026-03-09 14:16:00,562.755,562.88,562.2001,562.65,7916.671842
2026-03-09 14:17:00,562.59,563.28,562.59,562.955,12926.576537
2026-03-09 14:18:00,562.96,563.85,562.844,563.35,13190.492261
2026-03-09 14:19:00,563.28,564.5,563.1801,564.4,32448.228439
2026-03-09 14:20:00,564.495,565.35,563.7501,564.125,32484.934516
2026-03-09 14:21:00,563.85,565.4,563.85,564.5001,36908.572661
2026-03-09 14:22:00,564.5,564.505,562.69,563.225,23895.292911
2026-03-09 14:23:00,563.6199,564.18,563,563.78,15506.058336
2026-03-09 14:24:00,563.78,564.1799,563.51,563.56,13037.076126
2026-03-09 14:25:00,563.6089,563.6089,563.09,563.34,14221.377917
2026-03-09 14:26:00,563.41,563.5299,562.8001,563.16,16589.646919
2026-03-09 14:27:00,562.9501,563.235,561.6,561.821,22338.815521
2026-03-09 14:28:00,562.1114,562.7799,561.28,562.465,19732.832812
2026-03-09 14:29:00,562.465,562.78,562.12,562.7355,13103.838591
2026-03-09 14:30:00,562.67,563.4999,562.2101,562.91,28373.708274
2026-03-09 14:31:00,562.7049,563.81,562.7049,563.62,12957.925907
2026-03-09 14:32:00,563.62,564,563.332,563.45,13177.806935
2026-03-09 14:33:00,563.4645,563.95,563.25,563.8557,11416.844432
2026-03-09 14:34:00,563.8151,565.4399,563.6301,565.135,35485.706724
2026-03-09 14:35:00,564.83,565.25,563.8,564.19,25517.99994
2026-03-09 14:36:00,564.01,564.7799,564.01,564.09,16901.32168
2026-03-09 14:37:00,564.2791,564.355,562.8001,563.475,24814.394219
2026-03-09 14:38:00,563.23,563.9999,562.8,562.8,19656.255453
2026-03-09 14:39:00,563.135,563.7499,563,563.44,14878.580874
2026-03-09 14:40:00,563.44,563.64,563,563.33,10515.652163
2026-03-09 14:41:00,563.25,563.7499,563.25,563.31,14514.807517
2026-03-09 14:42:00,563.31,563.3152,562.4001,562.7801,16722.863558
2026-03-09 14:43:00,563,563.24,562.698,562.698,14047.215673
2026-03-09 14:44:00,562.91,563.25,562.51,562.73,9628.142209
2026-03-09 14:45:00,562.8,563.9,562.8,563.64,21892.90011
2026-03-09 14:46:00,563.64,564.4201,563.5092,563.95,15459.913838
2026-03-09 14:47:00,564,564.43,563.65,563.65,15899.369602
2026-03-09 14:48:00,563.89,564,563.41,563.6401,12185.540542
2026-03-09 14:49:00,563.705,563.9899,563.3001,563.72,9294.024362
2026-03-09 14:50:00,563.4401,563.7762,562.76,563.255,14062.723279
2026-03-09 14:51:00,563.26,565,563.26,564.56,29662.670371
2026-03-09 14:52:00,564.72,565,563.4201,565,27315.771135
2026-03-09 14:53:00,564.9,565.3,564.68,564.8816,26815.741865
2026-03-09 14:54:00,564.82,566,564.69,564.7,42811.548154
2026-03-09 14:55:00,564.715,564.88,563.5,563.875,20517.403914
2026-03-09 14:56:00,564.1,564.375,562.83,563.105,22816.0551
2026-03-09 14:57:00,563.01,563.52,562.4,562.8,24894.838703
2026-03-09 14:58:00,562.8,562.8,561.1705,561.84,28895.877384
2026-03-09 14:59:00,561.83,562.18,561.27,562,20480.599695
2026-03-09 15:00:00,561.885,563.92,561.2301,563.35,24665.105923
2026-03-09 15:01:00,563.34,563.9999,562.21,562.21,27773.131631
2026-03-09 15:02:00,562.21,563.049,561.34,561.39,23859.041601
2026-03-09 15:03:00,561.34,562.4899,561.06,562.265,18983.501315
2026-03-09 15:04:00,562.265,562.785,561.8301,562.29,18173.38451
2026-03-09 15:05:00,562.46,562.9999,562.0801,562.4251,11236.454641
2026-03-09 15:06:00,562.11,562.7,561.83,562.11,16231.164132
2026-03-09 15:07:00,561.89,563.86,561.5,563.1901,25106.887349
2026-03-09 15:08:00,563.19,563.6338,562.88,563.52,12996.535115
2026-03-09 15:09:00,563.5701,564.9999,563.21,564.61,27682.986734
2026-03-09 15:10:00,564.51,565.4499,564,564.295,29394.995202
2026-03-09 15:11:00,564.0301,564.7453,564.03,564.655,15769.152982
2026-03-09 15:12:00,564.7309,565.0284,564.3101,564.575,17243.836173
2026-03-09 15:13:00,564.575,564.73,563.7501,564.29,20041.448116
2026-03-09 15:14:00,564.32,564.8057,564.03,564.67,14196.696
2026-03-09 15:15:00,564.95,565,563.5,564.23,20910.491382
2026-03-09 15:16:00,564.235,565.53,564.235,565.36,23475.216093
2026-03-09 15:17:00,565.36,569.0794,565.36,568.74,114126.552971
2026-03-09 15:18:00,568.96,569.67,567.3401,568.24,50398.239512
2026-03-09 15:19:00,568.315,571.58,567.91,571.3399,67373.2061
2026-03-09 15:20:00,571,572.88,570.03,571.03,98662.022506
2026-03-09 15:21:00,571.403,572.4699,569,569.77,60161.368773
2026-03-09 15:22:00,569.99,570.78,568,570.78,62903.771766
2026-03-09 15:23:00,570.69,573.35,569.5201,572.7095,99797.542509
2026-03-09 15:24:00,572.825,573.1499,570.3,571.615,53197.857901
2026-03-09 15:25:00,571.52,571.9,570,571.6,34699.245383
2026-03-09 15:26:00,571.6,572.9,571.2001,572.6,42523.954435
2026-03-09 15:27:00,572.6,575,572.3001,574,93060.734433
2026-03-09 15:28:00,574.2299,575.8599,573.12,574.93,96486.78518
2026-03-09 15:29:00,574.92,576,574.1001,575.78,55670.176874
2026-03-09 15:30:00,575.53,576.7317,573.5,573.78,70338.346502
2026-03-09 15:31:00,574,575.73,572.23,575.5,54093.798625
2026-03-09 15:32:00,575.46,576.4712,574.75,576.4712,50212.421122
2026-03-09 15:33:00,576.5,577.66,575.95,576.43,75468.00676
2026-03-09 15:34:00,576.43,578.3599,576.0301,577.81,71147.414387
2026-03-09 15:35:00,578.06,579.46,577.83,578.42,85657.237359
2026-03-09 15:36:00,578.42,581,578.0001,580.67,105867.071617
2026-03-09 15:37:00,580.67,581.81,580.15,581.49,78802.628883
2026-03-09 15:38:00,581.5,582.84,581.5,582.05,125463.1623
2026-03-09 15:39:00,582.02,583.5,581.51,582.63,66219.255272
2026-03-09 15:40:00,582.68,582.68,579.57,580.365,87706.1365
2026-03-09 15:41:00,580.365,580.95,578.94,579.49,72103.488743
2026-03-09 15:42:00,579.0901,580.5,579.04,579.9,48421.736179
2026-03-09 15:43:00,579.8053,580.49,578.2,579.835,65427.230179
2026-03-09 15:44:00,579.885,582,579.66,580.97,68852.944076
2026-03-09 15:45:00,580.871,582.5,580.52,581.205,59048.632374
2026-03-09 15:46:00,581.2,581.89,580.1001,581.2,46894.111444
2026-03-09 15:47:00,581.2985,582.75,580.8,582.5972,51979.987384
2026-03-09 15:48:00,582.2801,583.7599,581.9601,583.39,77978.861142
2026-03-09 15:49:00,583.4792,584.4,583.13,583.91,80071.533472
2026-03-09 15:50:00,583.71,583.91,579.36,580.4,89720.992896
2026-03-09 15:51:00,580.7999,582.46,580.2201,580.9051,75916.041987
2026-03-09 15:52:00,581.29,581.51,579.81,580.575,52084.918271
2026-03-09 15:53:00,580.79,583.8899,580.79,583.13,80560.539215
2026-03-09 15:54:00,583.01,583.23,581.7001,582.17,66858.351139
2026-03-09 15:55:00,582.53,584.48,582.01,584.38,70600.217616
2026-03-09 15:56:00,584.46,586.1501,584.355,586.1501,112816.681018
2026-03-09 15:57:00,586.28,589.19,586.15,588.495,151511.680437
2026-03-09 15:58:00,588.67,589.51,588.321,589.29,148650.268442
2026-03-09 15:59:00,589.16,589.4199,588.2401,588.69,197644.340767
