datetime;open;high;low;close;volume
2026-06-12 15:55:00;1995.040039;1995.040039;1975.18994;1979.040039;287948
2026-06-12 15:50:00;1991;1997.030029;1982.81995;1997;193895
2026-06-12 15:45:00;1985.28003;1991.51001;1980.27002;1990.33496;118367
2026-06-12 15:40:00;1981.77502;1991.80005;1977;1986.38000;111341
2026-06-12 15:35:00;1975.71997;1992.27002;1970.95007;1982.77502;113694
2026-06-12 15:30:00;1980.70105;1981.89990;1968.26001;1975.58997;113037
2026-06-12 15:25:00;1981.37000;1988.81494;1978.89258;1981.18176;96309
2026-06-12 15:20:00;1979.81006;1982.99988;1975.98352;1980.73999;61766
2026-06-12 15:15:00;1982.95996;1984.69995;1978.89001;1980.66504;63501
2026-06-12 15:10:00;1985.035034;1986;1973.34998;1980.99207;120308
2026-06-12 15:05:00;1991.94995;1995;1984.31152;1985.35999;49733
2026-06-12 15:00:00;1986.73999;1995.90002;1986.010010;1991.43005;43944
2026-06-12 14:55:00;1995.36499;1996;1985.9;1986;60399
2026-06-12 14:50:00;1997.069946;1999.60999;1991.11011;1995.375;45926
2026-06-12 14:45:00;1992.74719;1997.38000;1988.56995;1997.38000;47566
2026-06-12 14:40:00;2000;2001.72986;1992.14197;1993.64502;40712
2026-06-12 14:35:00;1997.5;2001.16;1995;1997.65503;45965
2026-06-12 14:30:00;1996.020020;2001.75403;1992.23230;1997.52002;54805
2026-06-12 14:25:00;1989.68994;1999;1987.54004;1996.099976;48075
2026-06-12 14:20:00;1991.030029;1994.19360;1987.32996;1990.93066;42303
2026-06-12 14:15:00;1984.66003;1991.45996;1982.59998;1991.18005;49024
2026-06-12 14:10:00;1991.73999;2000.99719;1984.53003;1984.66003;70867
2026-06-12 14:05:00;1991.50012;1994.51;1986.16016;1992.47998;61510
2026-06-12 14:00:00;1998;2000.79993;1991.010010;1991.75;51732
2026-06-12 13:55:00;2001.10498;2002;1993.62000;1998.81494;176780
2026-06-12 13:50:00;2003.93994;2005.99988;1997.18005;2001.10498;68520
2026-06-12 13:45:00;2004.5;2009.89001;2002;2003.5;63267
2026-06-12 13:40:00;2009.5;2010.89001;2004.20007;2005.25;47433
2026-06-12 13:35:00;2003.70007;2010.089966;2003.70007;2008.42004;33959
2026-06-12 13:30:00;2010.42004;2011.87000;2003.28003;2005.010010;40100
2026-06-12 13:25:00;2011.64001;2014.20862;2003.65002;2010.26001;48477
2026-06-12 13:20:00;2014.13501;2015.98999;2009;2012.35242;47849
2026-06-12 13:15:00;2011.98999;2016;2006.92627;2014.31995;57525
2026-06-12 13:10:00;2009.52991;2011.98865;2001.22009;2011.98865;59522
2026-06-12 13:05:00;2007.074829;2012.74;2004.020020;2008.29504;54119
2026-06-12 13:00:00;2013;2015.90991;2002.020020;2007.98999;80421
2026-06-12 12:55:00;2009.66931;2015.99902;2000;2012.56494;105029
2026-06-12 12:50:00;2014.21997;2021.65002;2007;2010.11499;178732
2026-06-12 12:45:00;2007;2014.58997;2002;2013.00012207;133351
2026-06-12 12:40:00;1988;2011.85986;1988;2005.60498;267211
2026-06-12 12:35:00;1989;1991.80005;1985;1989.5;69576
2026-06-12 12:30:00;1981.82996;1991.99988;1980.53;1990.95996;121210
2026-06-12 12:25:00;1982.089966;1984.78003;1975.20007;1981.74500;42863
2026-06-12 12:20:00;1979.50500;1985.32483;1973.76;1981.44995;49745
2026-06-12 12:15:00;1982.99988;1989;1974.30005;1980.52002;77703
2026-06-12 12:10:00;1972.20996;1988;1966.66003;1982;107098
2026-06-12 12:05:00;1963;1977;1959.00012207;1973;80745
2026-06-12 12:00:00;1954.54980;1967.97998;1951.6;1963;95768
2026-06-12 11:55:00;1972;1973.2;1950.020020;1953.65002;73770
2026-06-12 11:50:00;1963.84998;1978.46985;1955.85999;1971;68882
2026-06-12 11:45:00;1970.92505;1979.39966;1958;1959.63000;98324
2026-06-12 11:40:00;1988.88000;1992.97998;1970.42004;1970.42004;131338
2026-06-12 11:35:00;1989.98999;1995.060059;1979.32166;1987.16504;137586
2026-06-12 11:30:00;1988;1992.33997;1984;1989.71997;139388
2026-06-12 11:25:00;1984.75;1990.07;1982.010010;1988.94995;122436
2026-06-12 11:20:00;1988.010010;1989.0098877;1977.94995;1984.93005;89591
2026-06-12 11:15:00;1981.49500;1989.18005;1977.88000;1988;95018
2026-06-12 11:10:00;1974.97998;1984.93994;1969.57007;1981;128203
2026-06-12 11:05:00;1968.20996;1977.25;1965.87000;1974.90002;90501
2026-06-12 11:00:00;1967.48999;1972;1961.8;1967.089966;87670
2026-06-12 10:55:00;1972.34497;1981.18005;1967.40015;1967.40015;183097
2026-06-12 10:50:00;1937.30005;1973.59851;1936.5;1972.41003;197297
2026-06-12 10:45:00;1946.90991;1954.28003;1936;1939.079956;193115
2026-06-12 10:40:00;1964.17004;1965.45996;1944;1948;191893
2026-06-12 10:35:00;1972.34998;1978;1962.73999;1964.17004;113706
2026-06-12 10:30:00;1972.76001;1983.27002;1963.60999;1973.58997;164592
2026-06-12 10:25:00;1967.70996;1983.16992;1967.18994;1970.68005;113072
2026-06-12 10:20:00;1985.93994;1987.32642;1966.19995;1966.90002;213057
2026-06-12 10:15:00;1993.99390;1995;1982.68005;1985.53003;173012
2026-06-12 10:10:00;1988.43994;1996;1980;1994.38501;206437
2026-06-12 10:05:00;1990;1990;1977.12000;1989.87866;220133
2026-06-12 10:00:00;1967.75;1996.77002;1966.94;1988.62000;331760
2026-06-12 09:55:00;1953.28003;1982.55005;1947.16003;1968.28003;381347
2026-06-12 09:50:00;1931;1957.68005;1928.51;1954.17505;334493
2026-06-12 09:45:00;1912.28003;1942.93005;1910.40002;1932.47998;281004
2026-06-12 09:40:00;1936.53503;1949.14001;1902.12756;1910.65002;436650
2026-06-12 09:35:00;1892.26001;1941.28003;1890.96997;1936.91858;580618
2026-06-12 09:30:00;1888.020020;1894.98999;1865.25;1892.26001;990470
2026-06-11 15:55:00;1894.38000;1894.38000;1878;1882.40002;340868
2026-06-11 15:50:00;1870;1895.55;1860.010010;1892.49500;322759
2026-06-11 15:45:00;1870.33997;1877.79993;1865.57996;1870.00012207;137609
2026-06-11 15:40:00;1869.030029;1878.99988;1866.33997;1871.38000;141297
2026-06-11 15:35:00;1889.089966;1891;1862.40002;1869.80005;235970
2026-06-11 15:30:00;1879.13000;1889.87988;1878.00012207;1889.29004;198205
2026-06-11 15:25:00;1870.14001;1887.97998;1869.8;1878.56494;217142
2026-06-11 15:20:00;1865.19995;1871.38000;1861.50012;1870.64001;143225
2026-06-11 15:15:00;1861.57214;1866.225;1856.089966;1865.99988;167930
2026-06-11 15:10:00;1847.69495;1863.95996;1845.41003;1861.77002;206895
2026-06-11 15:05:00;1843.34497;1848.63000;1833.060059;1848;130081
2026-06-11 15:00:00;1835.92505;1845.89001;1835.92505;1843.97998;116271
2026-06-11 14:55:00;1828.43506;1839.30005;1823.00012207;1835.92505;103482
2026-06-11 14:50:00;1831.46997;1838.37756;1827.010010;1828.43506;138984
2026-06-11 14:45:00;1828.68506;1831.70996;1826.66003;1831.27002;107348
2026-06-11 14:40:00;1826.41956;1830.99988;1822.19995;1828.75;65737
2026-06-11 14:35:00;1828.56042;1830.78003;1822.5;1825.51001;82390
2026-06-11 14:30:00;1815.32996;1831.99988;1815;1828.43994;183309
2026-06-11 14:25:00;1818.66504;1820;1814;1815.29504;52132
2026-06-11 14:20:00;1824.00012207;1825;1808.00012207;1818.66504;100732
2026-06-11 14:15:00;1820.19995;1828.65002;1819;1824.010010;193936
2026-06-11 14:10:00;1818.22998;1822.53003;1813.19995;1820;81882
2026-06-11 14:05:00;1816.5;1818.39990;1806.66016;1817.27002;108897
2026-06-11 14:00:00;1822.25;1830;1811.82996;1817.34998;123479
2026-06-11 13:55:00;1818.18005;1823.93994;1812;1820;105915
2026-06-11 13:50:00;1811.15564;1822;1803.00024414;1818.64502;138763
2026-06-11 13:45:00;1825.30005;1826.27991;1807.78015;1810.56494;140802
2026-06-11 13:40:00;1821.94995;1829.35046;1817.020020;1824.99402;164809
2026-06-11 13:35:00;1829.0050049;1831.93994;1815.20996;1821.94995;215658
2026-06-11 13:30:00;1802.060059;1831.49988;1802.060059;1829.91260;400755
2026-06-11 13:25:00;1769.010010;1802.35999;1767.060059;1801.24500;284733
2026-06-11 13:20:00;1765;1770.82996;1761.56995;1769.95496;50945
2026-06-11 13:15:00;1765.84998;1770;1757.53003;1763.57996;76598
2026-06-11 13:10:00;1770.10999;1773;1764.010010;1767;40252
2026-06-11 13:05:00;1768.91003;1773.24988;1765.00012207;1770;38476
2026-06-11 13:00:00;1766.79004;1775.74561;1762.51001;1767.10498;67407
2026-06-11 12:55:00;1770;1772.99988;1764.13013;1765.59155;57040
2026-06-11 12:50:00;1777.86499;1777.96997;1769.20996;1769.47998;58249
2026-06-11 12:45:00;1775.040039;1781.78;1770.5;1777.86499;60013
2026-06-11 12:40:00;1773.25;1777.35999;1769.19995;1775.14001;46535
2026-06-11 12:35:00;1772.00012207;1782.29004;1770.99500;1773.125;82388
2026-06-11 12:30:00;1762.5;1777;1759.26013;1772.88501;71687
2026-06-11 12:25:00;1770.37000;1772.49;1761.6;1762.62000;54941
2026-06-11 12:20:00;1774.20996;1776.54004;1765;1770.36987;98479
2026-06-11 12:15:00;1780;1782.49988;1768.00012207;1773.15002;73792
2026-06-11 12:10:00;1768.64001;1783;1768.34497;1779.62854;171671
2026-06-11 12:05:00;1762.96997;1774.050049;1759.69995;1769.62000;92184
2026-06-11 12:00:00;1765.89502;1770.66003;1755.60999;1761.18994;72496
2026-06-11 11:55:00;1755.35999;1769.61987;1753.00012207;1766.68005;100551
2026-06-11 11:50:00;1763.53003;1763.53003;1750.58057;1755.55005;64575
2026-06-11 11:45:00;1755.21313;1767;1750;1761.76501;116461
2026-06-11 11:40:00;1748.54004;1759;1748.34998;1753.22998;89914
2026-06-11 11:35:00;1740;1755.98999;1738.55005;1749.78003;142287
2026-06-11 11:30:00;1721.057007;1740;1721.057007;1737.30005;67392
2026-06-11 11:25:00;1730.55005;1734.85986;1721;1723;78649
2026-06-11 11:20:00;1733.089966;1744.10999;1730;1732.42004;74945
2026-06-11 11:15:00;1737.56494;1747.75;1727.050049;1733.31995;89033
2026-06-11 11:10:00;1735.97876;1743;1730.40015;1738.58997;81608
2026-06-11 11:05:00;1727;1743.53003;1723.26099;1734.98999;121702
2026-06-11 11:00:00;1717.95764;1732.64001;1711.010010;1728;175503
2026-06-11 10:55:00;1738;1738.56494;1710.040039;1716.93994;158197
2026-06-11 10:50:00;1749.84998;1752.70996;1737.96497;1738;80767
2026-06-11 10:45:00;1742.63000;1752;1740;1747.59998;85105
2026-06-11 10:40:00;1754.81995;1760;1741.15002;1742.60999;72031
2026-06-11 10:35:00;1750;1764.98987;1748;1753.51501;112079
2026-06-11 10:30:00;1754.61499;1761.69995;1741.10010;1750;94094
2026-06-11 10:25:00;1762.78003;1771.65002;1740;1751.53003;130109
2026-06-11 10:20:00;1735.79004;1772.55005;1735;1765.050049;180646
2026-06-11 10:15:00;1754.94995;1761.83997;1733;1735.79004;303583
2026-06-11 10:10:00;1776.29504;1778.99988;1748.94995;1753.97498;292143
2026-06-11 10:05:00;1780.060059;1783.83;1768.050049;1776.59998;285108
2026-06-11 10:00:00;1732;1783.95996;1728.79;1780.79504;456232
2026-06-11 09:55:00;1727.84497;1737;1724.12000;1731.020020;177932
2026-06-11 09:50:00;1718.22998;1736.25;1716;1727.37000;225527
2026-06-11 09:45:00;1697.44995;1735.44995;1693.11133;1717.12000;347486
2026-06-11 09:40:00;1693.54504;1699.89966;1681.23999;1698.040039;167896
2026-06-11 09:35:00;1715.53003;1726.89001;1685.60010;1693.54504;305118
2026-06-11 09:30:00;1672.26001;1724;1665;1715.53003;1167219
2026-06-10 15:55:00;1646.98999;1650;1640.87;1641.67004;133522
2026-06-10 15:50:00;1639.31995;1648;1633.82996;1644.76001;82711
2026-06-10 15:45:00;1643.59998;1644.99988;1631.79504;1640.57996;69523
2026-06-10 15:40:00;1653.5;1657.92004;1642.87744;1644.70996;63924
2026-06-10 15:35:00;1647.079956;1657;1641.41003;1653.65002;84721
2026-06-10 15:30:00;1636.60999;1649.93994;1633.41003;1647.079956;74906
2026-06-10 15:25:00;1630.72498;1639.88000;1626.92004;1637.90002;57225
2026-06-10 15:20:00;1635.65002;1636.21997;1625.36719;1630.72498;82627
2026-06-10 15:15:00;1646.60498;1647.40002;1633;1635.65002;75210
2026-06-10 15:10:00;1653.18005;1653.31006;1642.85010;1645.81494;52983
2026-06-10 15:05:00;1652.46997;1660.92004;1648.45996;1654.089966;51160
2026-06-10 15:00:00;1647.37000;1659;1642.030029;1653.98999;66818
2026-06-10 14:55:00;1645.17004;1650;1640.37000;1645.69995;50360
2026-06-10 14:50:00;1651.73999;1652.84497;1643.35999;1645.089966;65762
2026-06-10 14:45:00;1655.099976;1658.37000;1651.47998;1653.21497;47779
2026-06-10 14:40:00;1658.13000;1659.58997;1649.050049;1654.63000;57603
2026-06-10 14:35:00;1662;1663.48999;1653.47998;1656.37012;58148
2026-06-10 14:30:00;1671.5;1672.64001;1661.23;1661.87000;76490
2026-06-10 14:25:00;1672;1674.29993;1667.079346;1671.97498;36633
2026-06-10 14:20:00;1672.099976;1678.63660;1667.41003;1672.61584;48304
2026-06-10 14:15:00;1679.51001;1682;1668.55005;1672.099976;70061
2026-06-10 14:10:00;1672.34998;1682.89001;1672.34998;1679.072754;55399
2026-06-10 14:05:00;1681.81006;1681.95105;1670.27002;1673.51001;61828
2026-06-10 14:00:00;1671.48999;1682.41003;1669.069946;1681.56006;85895
2026-06-10 13:55:00;1665.82996;1674.82996;1665.37000;1670.69995;86208
2026-06-10 13:50:00;1666.15002;1668.74988;1658.069946;1665.010010;64060
2026-06-10 13:45:00;1643.43994;1669.03;1642;1667.22998;101879
2026-06-10 13:40:00;1648.22498;1649.98999;1641.30005;1642.25500;25530
2026-06-10 13:35:00;1646.015015;1651.99988;1644.76;1646.93005;37054
2026-06-10 13:30:00;1644.88000;1648.68005;1638;1648.68005;32015
2026-06-10 13:25:00;1646.55505;1649;1640;1643.80005;27489
2026-06-10 13:20:00;1641.80005;1647.19995;1638.65503;1647.19995;34512
2026-06-10 13:15:00;1640.57996;1646.37122;1638.12000;1641.40002;29607
2026-06-10 13:10:00;1646.26001;1646.50989;1639.030029;1640.95996;44887
2026-06-10 13:05:00;1655.00012207;1657.98987;1644;1644.69995;49389
2026-06-10 13:00:00;1648.96997;1658.5;1647;1655.59998;48299
2026-06-10 12:55:00;1648.30005;1650;1643.9;1647.63147;39321
2026-06-10 12:50:00;1647.98999;1654.64001;1644.00012207;1648.65002;43295
2026-06-10 12:45:00;1653.010010;1654.069946;1642.64014;1646.91992;66389
2026-06-10 12:40:00;1670.59998;1673.45496;1654;1654.055054;58291
2026-06-10 12:35:00;1666.57495;1674.84692;1660.010010;1669.49500;66306
2026-06-10 12:30:00;1655.80005;1668.79993;1650;1665.50500;81814
2026-06-10 12:25:00;1654.88000;1662.24;1653;1655.80005;49248
2026-06-10 12:20:00;1656.18994;1662.71997;1650.53015;1653.94495;56756
2026-06-10 12:15:00;1655.71497;1663;1653.28015;1655.93005;46960
2026-06-10 12:10:00;1667.46497;1667.95496;1652.62000;1656.94995;98131
2026-06-10 12:05:00;1679.14258;1684;1663.14001;1667.69995;90459
2026-06-10 12:00:00;1679.39001;1686.69995;1670.010010;1678.66003;100314
2026-06-10 11:55:00;1665;1683.99;1655.40002;1680.45996;138399
2026-06-10 11:50:00;1649;1670.80005;1631;1665.97998;174131
2026-06-10 11:45:00;1666.13000;1668.92004;1641.59009;1647.64001;135884
2026-06-10 11:40:00;1656.47998;1669.5;1652.079956;1667.25989;87943
2026-06-10 11:35:00;1657;1663.39502;1650.77002;1655.73999;97956
2026-06-10 11:30:00;1666.67004;1674.88000;1653.00097656;1657.17004;138125
2026-06-10 11:25:00;1679.5;1687.84814;1662.66675;1666.67004;134084
2026-06-10 11:20:00;1667.47998;1683.40002;1665.15002;1680.23999;156975
2026-06-10 11:15:00;1670.89001;1676.31995;1655.48010;1668.94128;156996
2026-06-10 11:10:00;1689.76001;1693;1671.83496;1671.83496;217344
2026-06-10 11:05:00;1694.31006;1700;1685.34998;1688.64001;138532
2026-06-10 11:00:00;1699.17004;1716.96997;1691.16003;1694.61755;186093
2026-06-10 10:55:00;1726.98999;1730.43005;1690.069946;1699.65503;225089
2026-06-10 10:50:00;1722.13000;1739.97986;1721.27002;1725.50500;123851
2026-06-10 10:45:00;1730.83997;1736;1715.030029;1721.49756;163453
2026-06-10 10:40:00;1740.46997;1744.88989;1730;1730.37000;94909
2026-06-10 10:35:00;1757.93506;1764.64990;1737.089966;1741;232621
2026-06-10 10:30:00;1749.82996;1758.89001;1722.69995;1758.87988;216110
2026-06-10 10:25:00;1747;1754;1737;1751.85999;306719
2026-06-10 10:20:00;1720.58496;1747.66003;1712.51001;1746.80005;293454
2026-06-10 10:15:00;1713.33728;1723.32996;1702.010132;1720.71997;201805
2026-06-10 10:10:00;1711.68005;1729;1703;1714.57495;283685
2026-06-10 10:05:00;1683.34998;1712.41003;1672;1712;208390
2026-06-10 10:00:00;1678.60999;1688.47998;1661.030029;1682;204964
2026-06-10 09:55:00;1700.15503;1707.099976;1675.54004;1678.010132;238610
2026-06-10 09:50:00;1720.5;1721.58997;1695.020020;1700.15503;347839
2026-06-10 09:45:00;1667.055054;1720.16296;1667.055054;1720.16296;472173
2026-06-10 09:40:00;1628;1669.17004;1615.90002;1666.44995;236500
2026-06-10 09:35:00;1591.0050049;1633.99988;1590;1627.23499;265984
2026-06-10 09:30:00;1625.40002;1636;1590;1592;995963
2026-06-09 15:55:00;1641.37000;1650.99207;1633.49;1647.35999;237737
2026-06-09 15:50:00;1635.030029;1644.93994;1630.32996;1641.76001;122908
2026-06-09 15:45:00;1626.19995;1636.78003;1619.17004;1635.040039;89906
2026-06-09 15:40:00;1620.57996;1629.87988;1610.785;1625.67004;184749
2026-06-09 15:35:00;1639.97986;1639.97986;1620.079956;1621.025024;143120
2026-06-09 15:30:00;1641.95496;1647.17004;1630.45996;1638.37000;109695
2026-06-09 15:25:00;1633.040039;1644.97473;1627.60999;1641.48999;107176
2026-06-09 15:20:00;1633.045044;1644.99988;1627;1633.96497;130726
2026-06-09 15:15:00;1663.57996;1663.97998;1630;1631.91003;147132
2026-06-09 15:10:00;1672;1672;1662.5;1663.13000;75118
2026-06-09 15:05:00;1683.125;1684.67920;1670.75;1671.54004;100262
2026-06-09 15:00:00;1675;1684;1666.62000;1683.32996;92024
2026-06-09 14:55:00;1660;1677.64001;1658.33997;1674.040039;107633
2026-06-09 14:50:00;1662.19995;1668.87000;1658.079956;1659.18994;69821
2026-06-09 14:45:00;1653.98999;1662.30005;1651.80005;1662.20496;64505
2026-06-09 14:40:00;1663.98999;1667;1651.76001;1653.15002;86350
2026-06-09 14:35:00;1665.75;1668.96997;1660.68;1663;61113
2026-06-09 14:30:00;1660.94995;1669.88000;1659.24097;1665.43005;99966
2026-06-09 14:25:00;1659.17004;1661.34998;1645.59998;1660.66003;82177
2026-06-09 14:20:00;1653.38000;1663.63354;1648.56006;1659.17004;92751
2026-06-09 14:15:00;1644.27002;1654.79626;1630.16003;1651.91016;78929
2026-06-09 14:10:00;1636.53003;1646.63794;1627.010010;1644.93994;77960
2026-06-09 14:05:00;1625.69995;1639;1622.54004;1636.5;64042
2026-06-09 14:00:00;1637.43994;1642;1616.43005;1625.68994;86030
2026-06-09 13:55:00;1635.90503;1644;1634.40002;1637.33997;72298
2026-06-09 13:50:00;1619.98999;1643.19995;1619.98999;1635.17004;127186
2026-06-09 13:45:00;1650.88501;1656.96997;1613.61011;1620.079956;220580
2026-06-09 13:40:00;1659.39978;1671.97998;1646.55005;1650.77002;180440
2026-06-09 13:35:00;1645.93994;1661.85986;1639.18005;1658.33997;180410
2026-06-09 13:30:00;1645.74194;1649.11987;1637.66003;1645.98999;105269
2026-06-09 13:25:00;1644.53003;1654;1632.089966;1645.54932;146935
2026-06-09 13:20:00;1646.76001;1652.48987;1635.73999;1645.060059;235592
2026-06-09 13:15:00;1629;1647.98999;1623.51575;1647.19995;195718
2026-06-09 13:10:00;1617.625;1631;1607.84998;1629.37000;138289
2026-06-09 13:05:00;1619.64001;1621.98804;1604;1617.625;166908
2026-06-09 13:00:00;1590.47998;1620.92004;1580;1618.52014;247726
2026-06-09 12:55:00;1556;1590;1555.38000;1590;139594
2026-06-09 12:50:00;1564;1567.82776;1555.00012207;1556;92601
2026-06-09 12:45:00;1564.030029;1573.77002;1552.20996;1565;157722
2026-06-09 12:40:00;1538.80005;1563.98999;1537.31006;1563.80005;151137
2026-06-09 12:35:00;1567.18005;1581.98999;1536.00012207;1540;196547
2026-06-09 12:30:00;1580.12000;1581.55;1558.89014;1567.41003;162211
2026-06-09 12:25:00;1587.24500;1597.98999;1573;1581.56006;141447
2026-06-09 12:20:00;1587.18005;1601.56995;1576.80005;1586.98499;223668
2026-06-09 12:15:00;1604.83496;1607.81;1584;1587.5;213519
2026-06-09 12:10:00;1611.93799;1622.99988;1601.18994;1603.79504;160926
2026-06-09 12:05:00;1641.71497;1644.47498;1607.71155;1611.39502;255078
2026-06-09 12:00:00;1638.030151;1653.48999;1638;1641.87000;165562
2026-06-09 11:55:00;1672.65002;1672.91003;1635.35999;1638.96497;256643
2026-06-09 11:50:00;1683.035034;1697.64001;1672;1672.80005;127652
2026-06-09 11:45:00;1680;1685.87000;1676.00012207;1682.97998;72996
2026-06-09 11:40:00;1680.60999;1693.31006;1677.16016;1681;149020
2026-06-09 11:35:00;1678.13000;1684.87988;1668;1681.5;230158
2026-06-09 11:30:00;1686.28503;1693;1672.010010;1678.64001;226752
2026-06-09 11:25:00;1701.19995;1713.02;1680.22009;1684.82495;241281
2026-06-09 11:20:00;1733.43005;1740.99988;1701;1702;143212
2026-06-09 11:15:00;1745.95996;1749.81995;1728.18005;1733.43994;138134
2026-06-09 11:10:00;1742.81995;1753.31995;1740;1746.69495;210597
2026-06-09 11:05:00;1719.48499;1744;1712.5;1742.82996;173486
2026-06-09 11:00:00;1712.31006;1725.63501;1706.15002;1719.48499;147871
2026-06-09 10:55:00;1718.75;1721.76001;1695.88354;1712.80005;172356
2026-06-09 10:50:00;1690;1720.5;1687.89014;1719.43994;236891
2026-06-09 10:45:00;1712.59998;1715.45996;1681.0054932;1690.53003;342292
2026-06-09 10:40:00;1735.22498;1742.25720;1711.69995;1714.51001;175326
2026-06-09 10:35:00;1746.5;1749.67004;1733.064819;1735.22498;110104
2026-06-09 10:30:00;1742.79504;1748.47998;1725.060059;1746.5;219743
2026-06-09 10:25:00;1758.51001;1759.48291;1740;1742.55005;211328
2026-06-09 10:20:00;1750.96997;1759;1742.58997;1758.92004;255620
2026-06-09 10:15:00;1760;1771.42;1742.58997;1750;406294
2026-06-09 10:10:00;1775.30005;1776.95532;1757.13000;1761.28003;273360
2026-06-09 10:05:00;1785.26501;1802.99988;1775.30005;1775.30005;456180
2026-06-09 10:00:00;1757.89001;1787.80005;1755.67;1786.65002;363596
2026-06-09 09:55:00;1770.18994;1775;1754.060059;1757.89001;263212
2026-06-09 09:50:00;1781.89001;1782.99988;1767;1769.34497;351585
2026-06-09 09:45:00;1752.19995;1785;1750;1782.21997;431954
2026-06-09 09:40:00;1725.19604;1755;1718;1752.93994;341454
2026-06-09 09:35:00;1705;1737;1704.14001;1724.55005;391771
2026-06-09 09:30:00;1700.5;1720;1685.10999;1704.51001;842868
2026-06-08 15:55:00;1642.63000;1644;1634.00012207;1641.98999;215916
2026-06-08 15:50:00;1626.19995;1644.25;1623.58997;1642.96997;109768
2026-06-08 15:45:00;1626.93506;1631.69995;1625.020142;1625.020142;55265
2026-06-08 15:40:00;1629.98999;1633;1626.56482;1626.93506;35100
2026-06-08 15:35:00;1635.49500;1636.93005;1628.77148;1629.85596;52980
2026-06-08 15:30:00;1629.40002;1642;1628.60999;1635.69995;73938
2026-06-08 15:25:00;1618.27502;1630.53003;1617.50098;1628.93994;60675
2026-06-08 15:20:00;1620.050049;1625.34998;1616.45056;1618.93005;82827
2026-06-08 15:15:00;1621.42224;1622.71582;1617.00012207;1620.14001;66853
2026-06-08 15:10:00;1629;1629.0050049;1620.94;1621;71972
2026-06-08 15:05:00;1635.34998;1636.23145;1629;1629.0098877;48021
2026-06-08 15:00:00;1636.92004;1639.010254;1632.050049;1635.63501;45617
2026-06-08 14:55:00;1640.074951;1640.21997;1635;1636.92004;26944
2026-06-08 14:50:00;1637.54004;1641.12830;1637.53003;1640.074951;23485
2026-06-08 14:45:00;1635.35999;1640.55005;1635.35999;1637.37000;25255
2026-06-08 14:40:00;1636.55396;1638.39502;1634;1635.57495;41834
2026-06-08 14:35:00;1644.28003;1644.63989;1635.21997;1635.78418;51338
2026-06-08 14:30:00;1642.19495;1647.55896;1641.84985;1644.25;52437
2026-06-08 14:25:00;1639.55896;1644.77002;1639.11401;1642.20996;51892
2026-06-08 14:20:00;1637.78003;1640.69995;1633.18103;1639.88000;45009
2026-06-08 14:15:00;1634.55005;1638.76001;1634.19995;1637.40002;38441
2026-06-08 14:10:00;1636.65002;1638.83997;1632;1635.31995;52617
2026-06-08 14:05:00;1630.25500;1637.87854;1629.30664;1636.65002;57447
2026-06-08 14:00:00;1625.74756;1630.79236;1624.71;1630.40002;30348
2026-06-08 13:55:00;1627.22998;1628.77002;1621.031006;1624.57996;33714
2026-06-08 13:50:00;1625.73499;1631.63000;1624.35010;1628;41674
2026-06-08 13:45:00;1621.40002;1629.47998;1620.50012;1626.46936;43118
2026-06-08 13:40:00;1624.5;1625.40002;1620.20996;1621.040039;39542
2026-06-08 13:35:00;1627.23010;1628.33496;1620.030029;1624.38977;55741
2026-06-08 13:30:00;1636.46997;1639.020020;1626.00097656;1627.22998;84165
2026-06-08 13:25:00;1628.15002;1637.48999;1626.93640;1636.96997;55339
2026-06-08 13:20:00;1629.010010;1631.5;1625;1628.29993;45154
2026-06-08 13:15:00;1631;1633.025024;1627.010132;1628.64001;62095
2026-06-08 13:10:00;1633.85999;1634.92004;1627.15015;1630.050049;78628
2026-06-08 13:05:00;1636.63000;1638.90002;1633.00012207;1634.020020;49250
2026-06-08 13:00:00;1643.96997;1644.80005;1635.59998;1636.89001;73543
2026-06-08 12:55:00;1650.77002;1650.77002;1642.01;1644.34998;51304
2026-06-08 12:50:00;1647.43005;1652.31006;1647;1650.19495;31116
2026-06-08 12:45:00;1647.32751;1651;1646;1647.43005;24429
2026-06-08 12:40:00;1648.71997;1651.56995;1645.60999;1647.62000;37268
2026-06-08 12:35:00;1650.77002;1654;1649.14001;1649.87000;52759
2026-06-08 12:30:00;1644.82996;1650.68994;1644.39;1650.14001;38217
2026-06-08 12:25:00;1648.21008;1652.33997;1644;1644.23010;52966
2026-06-08 12:20:00;1658.70496;1660.43994;1648.089966;1649.70996;112639
2026-06-08 12:15:00;1656.44263;1661.30505;1656.44263;1658.70496;28717
2026-06-08 12:10:00;1657.10498;1658.61890;1653.010010;1656.020020;49626
2026-06-08 12:05:00;1663.30505;1663.30505;1655.25696;1657.93994;32106
2026-06-08 12:00:00;1663;1664.69995;1657.23999;1662.43994;47163
2026-06-08 11:55:00;1664.99988;1664.99988;1660.45996;1662.48499;41071
2026-06-08 11:50:00;1664.97998;1670.93994;1663.54;1665;44370
2026-06-08 11:45:00;1673.98560;1674.90002;1663.53003;1663.89001;66590
2026-06-08 11:40:00;1669.089966;1673.5;1666.00097656;1673.21997;82090
2026-06-08 11:35:00;1663.36816;1673;1660;1669.020020;89360
2026-06-08 11:30:00;1665.52002;1666.86;1658.17004;1661.39014;79751
2026-06-08 11:25:00;1677.5;1677.91699;1665;1665.056396;97414
2026-06-08 11:20:00;1691.38000;1692.78247;1676.050049;1677.5;86473
2026-06-08 11:15:00;1687.91003;1693.77502;1686;1691.39001;103075
2026-06-08 11:10:00;1679.33997;1695;1679.33997;1687.91003;201072
2026-06-08 11:05:00;1674.079956;1678.18005;1670.20007;1678.18005;95505
2026-06-08 11:00:00;1679.5;1681.85999;1671.67505;1674.58997;132894
2026-06-08 10:55:00;1662.81995;1680;1655.010132;1679.5;188098
2026-06-08 10:50:00;1652.79004;1665.98987;1652.60010;1662.41003;149815
2026-06-08 10:45:00;1646.13501;1656.89001;1645.58472;1652.81995;89917
2026-06-08 10:40:00;1651.55505;1654.48987;1641.27002;1645.24036;85743
2026-06-08 10:35:00;1652.45496;1653.98987;1645.81995;1651.53503;90933
2026-06-08 10:30:00;1641.66003;1653;1640.48010;1652.16003;147220
2026-06-08 10:25:00;1633;1643.22656;1630.92004;1641.66003;142266
2026-06-08 10:20:00;1618.85999;1636.43213;1615.34998;1633.43994;123143
2026-06-08 10:15:00;1624;1627;1616.55005;1618.42004;77732
2026-06-08 10:10:00;1622.40002;1629.5;1620.60999;1625;122874
2026-06-08 10:05:00;1607.11475;1628;1603.20007;1622.42004;159732
2026-06-08 10:00:00;1614.55627;1624.48999;1607.10999;1607.23999;154057
2026-06-08 09:55:00;1635;1638.55005;1613.15015;1613.15015;166450
2026-06-08 09:50:00;1643.040039;1647.86633;1633.70996;1636.079956;135948
2026-06-08 09:45:00;1636.68994;1648;1631.00012207;1642.16016;173685
2026-06-08 09:40:00;1618.63843;1644.38989;1616.56995;1635.72998;234695
2026-06-08 09:35:00;1607.29102;1633.21814;1604;1619.99988;213168
2026-06-08 09:30:00;1633.50818;1651.44995;1602;1607.98999;1337616
2026-06-05 15:55:00;1561.12000;1571.48987;1553.71997;1558.18994;396932
2026-06-05 15:50:00;1569.20996;1582.65002;1560.17;1561.12000;224751
2026-06-05 15:45:00;1564.14502;1579.060059;1563.82996;1569;178600
2026-06-05 15:40:00;1567.50012;1568.73938;1550;1563.29004;140232
2026-06-05 15:35:00;1568.12805;1572.56995;1562.44495;1568.12000;143893
2026-06-05 15:30:00;1564.75;1569.20996;1555.00012207;1568.27991;144287
2026-06-05 15:25:00;1549.23499;1565.85999;1547.51001;1565.27002;139702
2026-06-05 15:20:00;1534.65540;1549.63989;1532.41016;1549.055054;101652
2026-06-05 15:15:00;1540.76001;1540.76001;1532.22009;1534.10498;88895
2026-06-05 15:10:00;1548.84497;1551.99243;1536.24011;1541.12000;162385
2026-06-05 15:05:00;1559.88989;1561.88000;1544.010010;1548.68994;114112
2026-06-05 15:00:00;1553;1558.57996;1543.56995;1558.40002;136689
2026-06-05 14:55:00;1532.26001;1555;1528.010010;1554.18994;163716
2026-06-05 14:50:00;1526.23999;1533.35999;1522;1532.70496;99399
2026-06-05 14:45:00;1525.93994;1530;1514.35999;1526.42004;157620
2026-06-05 14:40:00;1539.55505;1539.55505;1520.80676;1527.26440;152543
2026-06-05 14:35:00;1542.1875;1543.73;1533.33008;1539.55505;131568
2026-06-05 14:30:00;1551.97998;1554;1541.010010;1542.96997;126961
2026-06-05 14:25:00;1553.81006;1558.29993;1550;1551.56006;111752
2026-06-05 14:20:00;1554.31006;1560;1553.089966;1554.39001;70930
2026-06-05 14:15:00;1557.0050049;1557.0050049;1550.62000;1553.53003;82219
2026-06-05 14:10:00;1561.25;1563.089844;1551.010010;1556.66504;110907
2026-06-05 14:05:00;1566.72998;1567.78003;1560.00012207;1560.25012;49704
2026-06-05 14:00:00;1576.18506;1578.90002;1565.10010;1566.82996;68570
2026-06-05 13:55:00;1564.40002;1577.64001;1562.75;1576.64502;79038
2026-06-05 13:50:00;1559.99500;1566.16504;1559;1564.60498;65546
2026-06-05 13:45:00;1563.68506;1567;1558.28015;1559.43005;86594
2026-06-05 13:40:00;1579.33496;1581.31006;1561;1563.11499;105368
2026-06-05 13:35:00;1574.30005;1580;1568;1579.035034;94551
2026-06-05 13:30:00;1569.95496;1574.12000;1566.48010;1574.12000;95397
2026-06-05 13:25:00;1562.79504;1570;1555.90503;1569.43994;122007
2026-06-05 13:20:00;1561.33008;1568.70996;1552.13098;1563.98999;110636
2026-06-05 13:15:00;1558.052246;1563;1554;1562.98987;93591
2026-06-05 13:10:00;1567.98950;1569.99988;1554.55005;1558.97986;157945
2026-06-05 13:05:00;1578.00012207;1580;1562.27002;1568.42004;176953
2026-06-05 13:00:00;1586.29504;1586.88000;1574.030029;1578.5;100602
2026-06-05 12:55:00;1596.00012207;1597.67993;1581.020020;1586.29504;87932
2026-06-05 12:50:00;1584.94995;1597.18005;1576.53015;1596.010010;161546
2026-06-05 12:45:00;1580.16504;1586.19995;1570.020142;1585.90002;196883
2026-06-05 12:40:00;1594.80005;1596.96997;1576;1580.64502;266799
2026-06-05 12:35:00;1603.34009;1605.98999;1592.030029;1594.25;185276
2026-06-05 12:30:00;1613.27002;1614.53967;1602;1604.36670;185947
2026-06-05 12:25:00;1619.30005;1623.34998;1612;1612.010010;83029
2026-06-05 12:20:00;1619.63000;1623.38000;1616.099976;1619.30005;118863
2026-06-05 12:15:00;1629.40002;1630.88000;1617.5;1618.58997;117127
2026-06-05 12:10:00;1628.71143;1636;1627.46497;1630.77502;74585
2026-06-05 12:05:00;1634.55005;1639.37000;1624;1628.97510;113644
2026-06-05 12:00:00;1639.089966;1640.17993;1630.53003;1635.98999;82103
2026-06-05 11:55:00;1642.93994;1643.37000;1637.88;1640.18005;53052
2026-06-05 11:50:00;1628.19995;1643.63000;1628.10999;1642.055054;101476
2026-06-05 11:45:00;1627.93506;1635;1621.58997;1628.10999;105297
2026-06-05 11:40:00;1630.76001;1632.82996;1622;1627.10999;144345
2026-06-05 11:35:00;1644.050049;1648.77368;1627.27002;1629.020142;98263
2026-06-05 11:30:00;1644.77502;1653;1642.35010;1644.54504;79877
2026-06-05 11:25:00;1648;1651.93005;1639.44995;1645.025024;123666
2026-06-05 11:20:00;1656.59998;1658.43994;1642.67004;1647.22998;112187
2026-06-05 11:15:00;1648.53003;1657.86987;1645;1655.73499;98595
2026-06-05 11:10:00;1662.030029;1663.88000;1647.17004;1648.58496;99823
2026-06-05 11:05:00;1659.93005;1663.70996;1654;1662.030029;68492
2026-06-05 11:00:00;1670.29004;1672;1653.25;1659.92004;106578
2026-06-05 10:55:00;1668;1676.41968;1663.037231;1672.43872;93827
2026-06-05 10:50:00;1664.95996;1673.5;1659.52002;1669;106139
2026-06-05 10:45:00;1663.96997;1669.78003;1657;1663.72998;100539
2026-06-05 10:40:00;1668.14001;1669.99976;1660;1662.94006;116216
2026-06-05 10:35:00;1661.18994;1671.97998;1658.90002;1669.70996;145132
2026-06-05 10:30:00;1644.84497;1661.48999;1642.36011;1661.14502;109149
2026-06-05 10:25:00;1655.96216;1655.99988;1642;1644.45813;102441
2026-06-05 10:20:00;1658.034546;1660;1644.019653;1654.80505;128269
2026-06-05 10:15:00;1653.90503;1659.79993;1639.77002;1659.30005;146466
2026-06-05 10:10:00;1646.5;1655;1639.63000;1653.90503;149384
2026-06-05 10:05:00;1636.88013;1650;1633;1647.93506;201944
2026-06-05 10:00:00;1617.089966;1645;1614.54004;1639.98999;290183
2026-06-05 09:55:00;1634.21997;1636;1616;1617.099976;364051
2026-06-05 09:50:00;1622.23999;1637;1620;1634.93506;288944
2026-06-05 09:45:00;1636.48999;1646.19995;1620;1620.020020;367382
2026-06-05 09:40:00;1662.68994;1663.83984;1639.39001;1642.069946;367486
2026-06-05 09:35:00;1675.80005;1678.77002;1653;1662.5;309295
2026-06-05 09:30:00;1678.875;1682;1658.88000;1675.91003;1229540
2026-06-04 15:55:00;1761.30005;1763.71997;1755;1760.30005;295119
2026-06-04 15:50:00;1779.56006;1783.43005;1761.45996;1761.45996;130078
2026-06-04 15:45:00;1789;1831.5;1776.05;1780;72236
2026-06-04 15:40:00;1798.40515;1799.14001;1785;1790.24194;63204
2026-06-04 15:35:00;1793.79797;1799.56995;1792;1799.18005;73481
2026-06-04 15:30:00;1786;1794.98999;1778.50024;1792.90503;91429
2026-06-04 15:25:00;1783;1786.70996;1780.0012207;1786.70996;60227
2026-06-04 15:20:00;1775.66003;1783.20996;1771.00012207;1782.58496;59608
2026-06-04 15:15:00;1773.36499;1775.63;1771.010010;1774.5;46594
2026-06-04 15:10:00;1778.5;1781.48999;1771;1772.00012207;60934
2026-06-04 15:05:00;1781.72998;1786.98999;1778;1778.5;50518
2026-06-04 15:00:00;1781.44495;1788.069946;1779.70496;1781;48191
2026-06-04 14:55:00;1786;1786.78503;1779.29199;1780.13000;73213
2026-06-04 14:50:00;1796;1797;1786.010010;1786.099976;46855
2026-06-04 14:45:00;1793;1797.77002;1791.014648;1795.30005;39757
2026-06-04 14:40:00;1793.89001;1796.55005;1790.01;1792.55505;41599
2026-06-04 14:35:00;1797.55005;1797.55005;1791.23999;1792.86035;54801
2026-06-04 14:30:00;1804;1807;1793.55005;1797.17004;75753
2026-06-04 14:25:00;1805.17004;1809.18005;1804.017456;1804.93994;32470
2026-06-04 14:20:00;1810.23499;1810.23499;1801.44995;1805.17004;49946
2026-06-04 14:15:00;1817.74500;1818.69202;1806.69434;1811.45996;61084
2026-06-04 14:10:00;1818.28003;1824.040039;1815.15002;1816.5;59550
2026-06-04 14:05:00;1812;1820.55005;1811.57996;1818.28503;74113
2026-06-04 14:00:00;1807.60999;1816;1806.00012207;1812;39017
2026-06-04 13:55:00;1810.030029;1813.80005;1807.59998;1808.35498;28805
2026-06-04 13:50:00;1808.31995;1815.255;1807.16504;1811.21497;47718
2026-06-04 13:45:00;1812.38000;1813.70996;1803.17004;1808;32188
2026-06-04 13:40:00;1803.46997;1813.99988;1802.41;1812.46497;54676
2026-06-04 13:35:00;1805.34497;1808.89001;1800.56006;1802.43005;47554
2026-06-04 13:30:00;1803.040039;1808;1802.72998;1805.68994;46745
2026-06-04 13:25:00;1806.20996;1807.99988;1802.47998;1803;59513
2026-06-04 13:20:00;1809;1811.90002;1803.50012;1805.75;34410
2026-06-04 13:15:00;1816.5;1817.72986;1806.48999;1809.63501;63428
2026-06-04 13:10:00;1821.010010;1821.75;1814.045044;1816;31707
2026-06-04 13:05:00;1816.71997;1822.82996;1809.02;1821.625;92678
2026-06-04 13:00:00;1818.51001;1821.99976;1816.10999;1817.46497;41772
2026-06-04 12:55:00;1821.47998;1824.75;1816;1819.46497;50500
2026-06-04 12:50:00;1818.45496;1823.52002;1816;1822.34998;58037
2026-06-04 12:45:00;1820.71497;1825.88000;1815.44995;1818.089966;81919
2026-06-04 12:40:00;1816.44995;1825.90002;1814.83997;1820.58997;78792
2026-06-04 12:35:00;1812.55005;1818.17993;1811.089966;1816.33997;45511
2026-06-04 12:30:00;1822.75806;1822.88000;1810;1811;78874
2026-06-04 12:25:00;1823.5;1824;1816.39001;1821.72998;68959
2026-06-04 12:20:00;1817.47998;1824.5;1814.12000;1824;131599
2026-06-04 12:15:00;1812.020020;1818.87988;1810.35498;1816.65503;87203
2026-06-04 12:10:00;1810;1817.72998;1808.5;1811.91003;66700
2026-06-04 12:05:00;1810.56006;1811.99988;1803;1808.35999;66078
2026-06-04 12:00:00;1806;1818.35986;1802.19153;1812;108688
2026-06-04 11:55:00;1798.89001;1806;1797;1805.75403;83738
2026-06-04 11:50:00;1794.56006;1801.41003;1793.10010;1799.040039;60488
2026-06-04 11:45:00;1811.32751;1812.87988;1791.87402;1793.98499;84127
2026-06-04 11:40:00;1813.99695;1817;1805;1811.18005;130756
2026-06-04 11:35:00;1793.85986;1813.5;1791.020020;1813.39502;97326
2026-06-04 11:30:00;1789.38000;1797.18994;1786.00012207;1793.85999;59609
2026-06-04 11:25:00;1801.45996;1801.45996;1788.9;1789.053955;61863
2026-06-04 11:20:00;1803;1806.52991;1788.30005;1800.18994;115319
2026-06-04 11:15:00;1796.40015;1805;1794;1802.27478;92117
2026-06-04 11:10:00;1795.83496;1799.19995;1792;1796.16003;88516
2026-06-04 11:05:00;1783.33496;1796.65991;1782.10010;1796.65991;90705
2026-06-04 11:00:00;1782.55005;1787;1777.20996;1783.33496;89605
2026-06-04 10:55:00;1773.91003;1783.96985;1768;1781.77502;122974
2026-06-04 10:50:00;1782.88000;1784.90002;1771.76001;1775.099976;86665
2026-06-04 10:45:00;1770;1783.069946;1769.00012207;1783.069946;111420
2026-06-04 10:40:00;1785.88000;1789.51001;1769.00012207;1769.5;120297
2026-06-04 10:35:00;1795.56995;1798.01;1785.56995;1786.39563;81394
2026-06-04 10:30:00;1817.48499;1818.75;1791.0051270;1793.91174;200283
2026-06-04 10:25:00;1802;1819.60999;1798.41003;1817.48499;292041
2026-06-04 10:20:00;1789.62000;1803;1781.23999;1801;219516
2026-06-04 10:15:00;1783.13403;1796.59998;1772.38013;1787.66003;223535
2026-06-04 10:10:00;1753.85999;1783.88892;1751.78003;1782.80505;242867
2026-06-04 10:05:00;1743.050049;1756.98999;1738.95996;1753.85999;246826
2026-06-04 10:00:00;1774.80005;1779;1741.030151;1741.22998;265109
2026-06-04 09:55:00;1787.80005;1793.59998;1771.79004;1774;183197
2026-06-04 09:50:00;1787.85999;1803.65002;1779;1789.26990;239045
2026-06-04 09:45:00;1771.34998;1793.97986;1762.37000;1788.22998;349000
2026-06-04 09:40:00;1810;1822.32996;1763.25;1769.81006;577608
2026-06-04 09:35:00;1786.67004;1811.57996;1782.14160;1809.79004;534535
2026-06-04 09:30:00;1740.625;1788.89001;1725.079956;1786.67004;1481004
2026-06-03 15:55:00;1840.14001;1840.48;1821.055054;1834.28992;533715
2026-06-03 15:50:00;1859;1859.77991;1839.33264;1841.56995;226096
2026-06-03 15:45:00;1852.46997;1860.99988;1850.13000;1857.99500;197927
2026-06-03 15:40:00;1844.59497;1853.90002;1842.1;1852.28003;144997
2026-06-03 15:35:00;1839.23999;1850;1838.00012207;1844.76501;187812
2026-06-03 15:30:00;1834.52002;1840.010010;1830.21997;1838.47998;170727
2026-06-03 15:25:00;1829.87000;1836;1827.34998;1834.35498;87336
2026-06-03 15:20:00;1826.50500;1833.96985;1822.33997;1829.87000;94526
2026-06-03 15:15:00;1823.29504;1827.98987;1818.37;1826.88000;76969
2026-06-03 15:10:00;1826;1828.71997;1822.22998;1823.30005;61821
2026-06-03 15:05:00;1821.22998;1831.54004;1817;1824.94995;125542
2026-06-03 15:00:00;1812.54504;1823;1809.30005;1822.93994;82741
2026-06-03 14:55:00;1814.020020;1814.51001;1806.61;1812.54504;67357
2026-06-03 14:50:00;1813.30505;1816;1810.32;1814.51001;56557
2026-06-03 14:45:00;1816.93994;1820;1812.60999;1813.35999;50190
2026-06-03 14:40:00;1815.43994;1824.70996;1815.00012207;1816.98999;88071
2026-06-03 14:35:00;1822.099976;1823.5;1814.020020;1815;83438
2026-06-03 14:30:00;1830.92004;1833;1822.010010;1823.65002;70380
2026-06-03 14:25:00;1829.95496;1832;1823;1830.81006;76688
2026-06-03 14:20:00;1826.50012;1831.88000;1823.78003;1831.029907;77098
2026-06-03 14:15:00;1828.83997;1829.87000;1825.64001;1827.99988;56107
2026-06-03 14:10:00;1831.21985;1832;1826.34998;1828.040039;51876
2026-06-03 14:05:00;1833.34998;1836.52002;1828.99;1830.15002;72157
2026-06-03 14:00:00;1834.11401;1834.59998;1828.20007;1833;85284
2026-06-03 13:55:00;1836.18005;1837;1831.36499;1832.92505;98041
2026-06-03 13:50:00;1838.13000;1839.064941;1831.20996;1836.055054;138152
2026-06-03 13:45:00;1828.88000;1840.56995;1828.37000;1839.064941;246559
2026-06-03 13:40:00;1811.56494;1828.46997;1808;1828.44495;181098
2026-06-03 13:35:00;1803.45;1816.98999;1801.9;1811.43494;175710
2026-06-03 13:30:00;1803.089966;1805;1797.050049;1803.74988;97951
2026-06-03 13:25:00;1800.42004;1809;1799.060059;1802.68005;109925
2026-06-03 13:20:00;1796.29504;1802;1795.31006;1800.40002;136753
2026-06-03 13:15:00;1796.125;1799.68005;1795.010010;1796.29504;43749
2026-06-03 13:10:00;1797.079956;1799.46997;1794.31995;1795.25012;33949
2026-06-03 13:05:00;1801;1801.83997;1789.81995;1800.060059;72480
2026-06-03 13:00:00;1803.51001;1804;1797;1801.375;52483
2026-06-03 12:55:00;1796;1804;1794.75330;1803.51001;103543
2026-06-03 12:50:00;1797.37000;1799;1793.60815;1797.0050049;60254
2026-06-03 12:45:00;1788.14001;1797;1785.54004;1794.045044;72709
2026-06-03 12:40:00;1791.22498;1794.69995;1783.97998;1787.375;59024
2026-06-03 12:35:00;1796.58997;1797.39502;1787.31995;1790.79004;92917
2026-06-03 12:30:00;1790.16003;1804.5;1789.040039;1797.41760;97057
2026-06-03 12:25:00;1788;1793.91992;1786.37000;1790.16003;74509
2026-06-03 12:20:00;1796.89990;1800;1788.98999;1788.98999;61569
2026-06-03 12:15:00;1803.80005;1804.56323;1793.83545;1796.12000;75503
2026-06-03 12:10:00;1791;1805.98999;1790.060059;1803.97998;154673
2026-06-03 12:05:00;1789.56006;1794.98999;1781.010132;1791.51001;74032
2026-06-03 12:00:00;1788.35999;1790.65039;1780.15796;1789.56006;55057
2026-06-03 11:55:00;1784.060059;1793;1782.22998;1789.40002;62519
2026-06-03 11:50:00;1780.38000;1788;1779.027710;1784.069946;51495
2026-06-03 11:45:00;1779.38147;1786;1774.68005;1780;82360
2026-06-03 11:40:00;1791.77002;1792.80798;1779.19995;1780.97998;80961
2026-06-03 11:35:00;1786.010010;1795;1785.030029;1791.31995;59985
2026-06-03 11:30:00;1793.79407;1798.71;1785;1786.57495;109523
2026-06-03 11:25:00;1794.97168;1794.97168;1783.71155;1793.50500;128865
2026-06-03 11:20:00;1800.040039;1807.0098877;1788.51013;1794.77612;157113
2026-06-03 11:15:00;1801.94495;1809.5;1796.00097656;1801.62000;177580
2026-06-03 11:10:00;1791.90002;1803;1791.87000;1802.65002;175567
2026-06-03 11:05:00;1799.98999;1801;1787.00012207;1791.96497;145577
2026-06-03 11:00:00;1772.53003;1801.30005;1771.68005;1800;213636
2026-06-03 10:55:00;1778.5;1781;1763.41003;1772.33997;95535
2026-06-03 10:50:00;1782.23499;1783.19995;1771.60999;1780.79993;122373
2026-06-03 10:45:00;1787.99988;1793.1;1781.030151;1783;132767
2026-06-03 10:40:00;1792.30005;1797.52954;1784;1786.27502;192934
2026-06-03 10:35:00;1792.65625;1796.68994;1776;1792.50500;304603
2026-06-03 10:30:00;1768.99902;1796;1760.32007;1793.030029;310244
2026-06-03 10:25:00;1754.65002;1769.39990;1745.60999;1768.79004;218629
2026-06-03 10:20:00;1745.73755;1760;1742.46997;1756;238569
2026-06-03 10:15:00;1730;1752;1727.5;1745.82996;158469
2026-06-03 10:10:00;1720.14001;1729.37;1720.13000;1728.91504;123254
2026-06-03 10:05:00;1722.010010;1724.54993;1711;1720.91504;183860
2026-06-03 10:00:00;1726.5;1738;1718.79004;1722;177382
2026-06-03 09:55:00;1742.76001;1757;1726.27002;1727.25;208618
2026-06-03 09:50:00;1720.85999;1760;1711.35010;1742.75012;373168
2026-06-03 09:45:00;1734.48999;1741.85986;1708.88000;1720.83997;310601
2026-06-03 09:40:00;1735;1755.11;1723.71997;1735.97998;282729
2026-06-03 09:35:00;1718.83997;1737.26990;1717.3;1737.24207;175009
2026-06-03 09:30:00;1736;1763.25;1718.88000;1718.88000;657373
2026-06-02 15:55:00;1726.020020;1726.020020;1715.81006;1716.089966;302701
2026-06-02 15:50:00;1746;1746;1726;1726.020020;129489
2026-06-02 15:45:00;1731.47998;1748.59998;1731.28003;1746.67932;154349
2026-06-02 15:40:00;1729.38000;1733;1725.31006;1731.099976;68186
2026-06-02 15:35:00;1734.86499;1737;1728.31006;1729.31006;51814
2026-06-02 15:30:00;1735.060059;1738.82996;1732.020020;1735.37000;51452
2026-06-02 15:25:00;1733;1736.98999;1733;1734.78003;67743
2026-06-02 15:20:00;1725.16003;1732.95898;1724.099976;1732.46997;57777
2026-06-02 15:15:00;1726.16003;1730;1723.32996;1725.40002;38895
2026-06-02 15:10:00;1727.83997;1733.30200;1722.20996;1726.45996;60458
2026-06-02 15:05:00;1731.73999;1733;1727.62000;1728.60999;37217
2026-06-02 15:00:00;1728.5;1733.89;1727.89001;1731.73999;32129
2026-06-02 14:55:00;1727.010010;1730.35999;1725.5;1728.50305;34277
2026-06-02 14:50:00;1726.75;1728.5;1723.18994;1727.75500;31072
2026-06-02 14:45:00;1726.010010;1727.33057;1723.78003;1726.80005;23357
2026-06-02 14:40:00;1726.015015;1728.79004;1723;1726.31006;50362
2026-06-02 14:35:00;1733.43994;1734.69995;1725.83997;1725.83997;52800
2026-06-02 14:30:00;1737.125;1737.99988;1733.10999;1734.5;33427
2026-06-02 14:25:00;1740;1740.83984;1735.77002;1737.125;27881
2026-06-02 14:20:00;1738.045044;1740.25;1737.19995;1739.31006;36701
2026-06-02 14:15:00;1742.71997;1744.24988;1737.19006;1738.19495;34521
2026-06-02 14:10:00;1735.98535;1744.97998;1735.21997;1743.61499;61668
2026-06-02 14:05:00;1733.46997;1739;1731.59998;1735.26501;31160
2026-06-02 14:00:00;1735.29004;1736.5;1730.41003;1732.48499;29563
2026-06-02 13:55:00;1734.35999;1736;1733.00012207;1735.29004;24754
2026-06-02 13:50:00;1733.22998;1737;1729.99;1735.48999;33026
2026-06-02 13:45:00;1729.69995;1733.31995;1729.52002;1732.66003;27014
2026-06-02 13:40:00;1732.83997;1734.29993;1728.47998;1730.26001;58053
2026-06-02 13:35:00;1735.38000;1736.46997;1731;1732.83997;23253
2026-06-02 13:30:00;1739.099976;1741.89990;1734.43994;1735.38000;22526
2026-06-02 13:25:00;1733.70996;1740;1733;1739.53503;25863
2026-06-02 13:20:00;1733.39001;1735.96997;1732.56006;1733.72595;19506
2026-06-02 13:15:00;1736.30005;1736.30005;1730.51001;1733.39001;29844
2026-06-02 13:10:00;1737.51001;1740.71;1735;1735;21479
2026-06-02 13:05:00;1745.43005;1746.16992;1736.53589;1737.96301;36119
2026-06-02 13:00:00;1734;1746.55005;1733.88000;1745.53503;61047
2026-06-02 12:55:00;1735.099976;1737.30005;1733.29004;1734.57996;23752
2026-06-02 12:50:00;1737.69995;1740;1735;1735.89001;36573
2026-06-02 12:45:00;1732.25500;1737.6;1731.37012;1736.87000;36614
2026-06-02 12:40:00;1731.67004;1736.20056;1731;1731.79004;38247
2026-06-02 12:35:00;1738.875;1739.42004;1730.75;1732.33984;58400
2026-06-02 12:30:00;1739.81006;1742.33997;1737.19666;1738.089966;58990
2026-06-02 12:25:00;1746.074951;1746.12;1739.31995;1739.31995;29129
2026-06-02 12:20:00;1741;1749.88000;1740.34998;1746.074951;37511
2026-06-02 12:15:00;1744.75;1747.67004;1739.10999;1740.62000;40842
2026-06-02 12:10:00;1749.27502;1749.78003;1743.41003;1745.92505;44861
2026-06-02 12:05:00;1749.17004;1750.01;1746.31006;1749.27502;58747
2026-06-02 12:00:00;1748.069946;1749.98999;1745.9;1749.94995;50804
2026-06-02 11:55:00;1743.74500;1749.15002;1742.13879;1747.39001;64120
2026-06-02 11:50:00;1737.39001;1746.99939;1735.81995;1742.85999;57546
2026-06-02 11:45:00;1735.5;1739.64331;1732.00012207;1736.79004;34108
2026-06-02 11:40:00;1737.80530;1741.41992;1735.16003;1736.38501;54793
2026-06-02 11:35:00;1738.90503;1744;1736;1737.46997;76587
2026-06-02 11:30:00;1732.625;1739.09;1728.81006;1739.030029;53165
2026-06-02 11:25:00;1727.22498;1736;1726.00012207;1732.010010;46103
2026-06-02 11:20:00;1731.48999;1732.84985;1726.27185;1727.22498;45306
2026-06-02 11:15:00;1736.88000;1739;1729.5;1731.48999;54360
2026-06-02 11:10:00;1726.75;1737;1726.5;1735.20166;76648
2026-06-02 11:05:00;1721.64001;1728.49988;1715.15002;1726.010010;79422
2026-06-02 11:00:00;1728.37000;1729.07;1721.19995;1722.18005;62260
2026-06-02 10:55:00;1721.00024414;1729.705;1721.00012207;1727.93506;83784
2026-06-02 10:50:00;1728.45996;1728.81555;1717.17004;1722;122253
2026-06-02 10:45:00;1740.80005;1740.87000;1728.12598;1730.29004;60799
2026-06-02 10:40:00;1739.21497;1741.55005;1735.13013;1740.69995;50859
2026-06-02 10:35:00;1731.094971;1740.30005;1725.16003;1738.65002;80222
2026-06-02 10:30:00;1726.10291;1734.82996;1723.66003;1731.91992;132585
2026-06-02 10:25:00;1729.26733;1731.92346;1720.30005;1725.15503;158118
2026-06-02 10:20:00;1745.089966;1747.88220;1728.070068;1728.87000;131519
2026-06-02 10:15:00;1761.56909;1762.87000;1744;1745.00012207;174653
2026-06-02 10:10:00;1766.25;1768.43005;1755;1761.52795;125683
2026-06-02 10:05:00;1758.67004;1772.40002;1755;1766.26001;170349
2026-06-02 10:00:00;1758.17004;1765;1750.010132;1758.18005;151242
2026-06-02 09:55:00;1759.47998;1768.87000;1754;1757.39001;157542
2026-06-02 09:50:00;1752.42542;1768;1751;1758.055054;195211
2026-06-02 09:45:00;1738.33997;1756.97998;1736.050049;1752.40503;223342
2026-06-02 09:40:00;1724.31006;1741.98999;1720.22998;1737.45996;189072
2026-06-02 09:35:00;1717.91003;1728.87988;1708.80005;1725;240723
2026-06-02 09:30:00;1750.010010;1762.060059;1711.10999;1718.97278;768855
2026-06-01 15:55:00;1769.87000;1770.68005;1755;1760;268693
2026-06-01 15:50:00;1752.19995;1769.53;1752.19995;1769.28003;198690
2026-06-01 15:45:00;1749;1753.48;1748.062744;1752.81006;52373
2026-06-01 15:40:00;1750.96497;1754.49;1747.98999;1748.48499;58582
2026-06-01 15:35:00;1742.80005;1752.5;1741.30005;1750.96497;76056
2026-06-01 15:30:00;1754;1754.069946;1742.5;1743.58997;84308
2026-06-01 15:25:00;1754.76501;1760;1753;1754.77002;46882
2026-06-01 15:20:00;1757.17505;1757.87000;1752.20996;1754.37012;45643
2026-06-01 15:15:00;1754.44995;1759.0068359;1752.49;1757.17505;62830
2026-06-01 15:10:00;1757.33984;1762;1754;1754.58496;79564
2026-06-01 15:05:00;1757.84497;1760.80005;1754;1756.93005;47264
2026-06-01 15:00:00;1753.060059;1758.05;1751.017456;1757.84497;42044
2026-06-01 14:55:00;1752.33997;1756.18005;1750.10010;1753.064941;42527
2026-06-01 14:50:00;1752.10986;1753.079956;1746.79004;1752.43994;58162
2026-06-01 14:45:00;1756.43994;1757.18005;1750.050049;1751.80005;43591
2026-06-01 14:40:00;1756.10498;1757.17004;1752.87000;1755.41003;85362
2026-06-01 14:35:00;1761.77502;1761.88501;1754.44995;1756.56995;65387
2026-06-01 14:30:00;1758.12000;1762;1754.28015;1760.87000;42313
2026-06-01 14:25:00;1757.80505;1760;1752.31006;1758.66504;56164
2026-06-01 14:20:00;1759.060059;1763.87000;1756.010132;1757.56494;40868
2026-06-01 14:15:00;1759.68506;1761.33997;1756.65015;1759.060059;57693
2026-06-01 14:10:00;1761.83496;1762.67004;1756.83997;1760.13000;60519
2026-06-01 14:05:00;1769.5;1769.97998;1760;1761.83496;43843
2026-06-01 14:00:00;1763.97998;1774.75977;1763;1769.18005;53955
2026-06-01 13:55:00;1766.97998;1769.98389;1762.50012;1762.50012;42834
2026-06-01 13:50:00;1767.42188;1769;1765.26001;1766.13000;43194
2026-06-01 13:45:00;1764.70996;1770.77002;1764.15;1766.92505;57150
2026-06-01 13:40:00;1767.18005;1768.68005;1762;1765;57922
2026-06-01 13:35:00;1763.26001;1768;1762.38000;1766.79004;100353
2026-06-01 13:30:00;1761.37000;1765.30005;1760.00012207;1763.26001;52948
2026-06-01 13:25:00;1757.55005;1761;1755.099976;1760.59998;53470
2026-06-01 13:20:00;1764.49500;1764.49500;1757.47009;1758;57009
2026-06-01 13:15:00;1765;1768.99988;1764.20996;1764.20996;41486
2026-06-01 13:10:00;1766.13501;1768.21997;1763.010010;1764.28003;50369
2026-06-01 13:05:00;1768.99500;1772.44995;1764.38000;1766.13501;54922
2026-06-01 13:00:00;1775;1779.69995;1768.52002;1768.99500;116402
2026-06-01 12:55:00;1768.52002;1774.84998;1766.14001;1774.84998;100343
2026-06-01 12:50:00;1763.10254;1769;1762.40002;1768.48499;51860
2026-06-01 12:45:00;1761.65503;1763;1758.030151;1762.77002;56709
2026-06-01 12:40:00;1763.57996;1764.96985;1761.35583;1761.35583;37344
2026-06-01 12:35:00;1764.060059;1767.18994;1762.12000;1763;46746
2026-06-01 12:30:00;1767.19995;1770;1763.47009;1765.32996;78505
2026-06-01 12:25:00;1769.30005;1769.39;1763.00012207;1766.96997;63150
2026-06-01 12:20:00;1760.47998;1769.43005;1758;1769.43005;70745
2026-06-01 12:15:00;1757.56006;1760.49;1754.00012207;1760.47998;69823
2026-06-01 12:10:00;1768.79004;1771;1755;1757.5;82943
2026-06-01 12:05:00;1767.14001;1769.62000;1760.61133;1768.27502;80316
2026-06-01 12:00:00;1753.22998;1771.87000;1750;1766;129867
2026-06-01 11:55:00;1760.41504;1761.06;1750;1752.60999;54463
2026-06-01 11:50:00;1748.58496;1760.98999;1746.17004;1759.84998;67316
2026-06-01 11:45:00;1754.77002;1756.98999;1747;1748.76001;47810
2026-06-01 11:40:00;1745.27002;1757.49988;1745.25500;1754.76501;84830
2026-06-01 11:35:00;1748.58997;1752.59998;1743.81006;1745.060059;67102
2026-06-01 11:30:00;1743;1751.87000;1741.35999;1749.81494;69314
2026-06-01 11:25:00;1740.99500;1749.98987;1739.010010;1743.31006;74553
2026-06-01 11:20:00;1750.54004;1752.56995;1740.5;1740.71997;80363
2026-06-01 11:15:00;1746.18005;1757;1745.020020;1749.59998;80161
2026-06-01 11:10:00;1754.14001;1757.97998;1745;1745.80005;75936
2026-06-01 11:05:00;1747.31006;1757.17004;1746;1753.010010;91739
2026-06-01 11:00:00;1762;1762.30261;1745;1747.90002;161347
2026-06-01 10:55:00;1766.98999;1776;1760.87122;1762.76001;106285
2026-06-01 10:50:00;1767.69495;1776;1765;1767;111481
2026-06-01 10:45:00;1762.38000;1771.53992;1755.87000;1766.61011;129863
2026-06-01 10:40:00;1763.93506;1773;1757.12000;1761.86499;109426
2026-06-01 10:35:00;1756.79004;1770.85999;1751.95007;1764.15002;165673
2026-06-01 10:30:00;1746.069946;1761.39001;1742;1757.50903;147371
2026-06-01 10:25:00;1747.36499;1757;1741.39;1742.42542;137891
2026-06-01 10:20:00;1744;1752.28003;1739.39001;1747.36499;105718
2026-06-01 10:15:00;1738.92505;1748.70996;1732;1744.16504;139555
2026-06-01 10:10:00;1727.12000;1748.40991;1724.07;1738.96997;255017
2026-06-01 10:05:00;1709.81494;1734.23999;1709.020020;1726.44019;305581
2026-06-01 10:00:00;1698.27002;1711.38000;1686.16003;1710.60986;304304
2026-06-01 09:55:00;1721.82996;1725;1692.050049;1698.27002;378553
2026-06-01 09:50:00;1743;1751;1720.30640;1721.62000;305354
2026-06-01 09:45:00;1749.079956;1766.66003;1743;1743.18994;251376
2026-06-01 09:40:00;1768.43005;1770.15;1748.66003;1748.66003;254881
2026-06-01 09:35:00;1762.40002;1777.40002;1748;1768.18005;255007
2026-06-01 09:30:00;1732.85498;1804;1732.32;1758;1367668
2026-05-29 15:55:00;1689.45996;1697.91;1688.36;1694;585566
2026-05-29 15:50:00;1663.079956;1691;1662;1689.28003;325123
2026-05-29 15:45:00;1663.14001;1666.099976;1661.79004;1663.030029;89246
2026-05-29 15:40:00;1656.93005;1665.40002;1656.53003;1662.91003;103010
2026-05-29 15:35:00;1652.56995;1658.43994;1652.56995;1657.20996;72887
2026-05-29 15:30:00;1648.22498;1659.98999;1648.16504;1653.22998;126084
2026-05-29 15:25:00;1644.90503;1649.18994;1644.13000;1648.17004;54336
2026-05-29 15:20:00;1643.26001;1645.38000;1641.079956;1645.015015;45009
2026-05-29 15:15:00;1645.80005;1647.56995;1642;1643.26001;71652
2026-05-29 15:10:00;1657.32495;1657.87000;1645.60999;1645.60999;45216
2026-05-29 15:05:00;1653.52002;1659.41992;1651.55005;1657.70264;42989
2026-05-29 15:00:00;1648.72498;1655.54993;1648.72498;1654.14001;55964
2026-05-29 14:55:00;1654.32996;1654.32996;1647.99;1649.099976;37914
2026-05-29 14:50:00;1653.68994;1655.089966;1651;1654.26001;24796
2026-05-29 14:45:00;1657.54443;1657.54443;1651.00012207;1653.68994;32696
2026-05-29 14:40:00;1649.5;1657.01;1649.5;1656.71997;33831
2026-05-29 14:35:00;1657.41504;1658.17004;1647.5;1649.57495;71037
2026-05-29 14:30:00;1658.19995;1660.48987;1655.010010;1657.41504;38446
2026-05-29 14:25:00;1655.93994;1661;1655.64001;1658.5;44268
2026-05-29 14:20:00;1655.63977;1657;1650.20007;1655.62000;90142
2026-05-29 14:15:00;1660;1662.040039;1653;1654.64001;64251
2026-05-29 14:10:00;1662.21997;1666.87000;1660;1660.76355;62529
2026-05-29 14:05:00;1662.67505;1665.95996;1660;1662.79004;51623
2026-05-29 14:00:00;1665.75;1665.98499;1660;1662.43994;84083
2026-05-29 13:55:00;1670.87000;1672.60999;1665;1666.46997;62157
2026-05-29 13:50:00;1673.79993;1675.23999;1670.25;1671.26001;22346
2026-05-29 13:45:00;1671.67505;1673.79993;1670;1673.79993;22384
2026-05-29 13:40:00;1675;1675.91003;1670.53003;1672.67004;33033
2026-05-29 13:35:00;1674.95996;1675.41772;1672.22998;1674.23499;30815
2026-05-29 13:30:00;1672.21997;1674.94189;1669;1674.94189;42443
2026-05-29 13:25:00;1676.59985;1677.25;1671.13;1672.75500;35839
2026-05-29 13:20:00;1682.23999;1682.23999;1673.16003;1676.58997;55516
2026-05-29 13:15:00;1684.81006;1684.81006;1680;1682.23999;27452
2026-05-29 13:10:00;1681.81494;1685;1680.30066;1683.96997;21087
2026-05-29 13:05:00;1685.39001;1685.99475;1681;1681;28888
2026-05-29 13:00:00;1684.32996;1687.31006;1683.32007;1685.39001;24646
2026-05-29 12:55:00;1683.26001;1685.88000;1679.050049;1684.10999;46712
2026-05-29 12:50:00;1686.96252;1688.88000;1681.70996;1683.079956;72363
2026-05-29 12:45:00;1683.625;1691;1679.48;1686.87000;75107
2026-05-29 12:40:00;1682;1686.39990;1681.00012207;1683.32996;66955
2026-05-29 12:35:00;1680.5;1684;1679.28503;1681.84998;32836
2026-05-29 12:30:00;1679.40991;1681.17004;1675.69495;1680.40002;39059
2026-05-29 12:25:00;1684.37000;1684.47998;1678.010010;1679.16003;36068
2026-05-29 12:20:00;1673.43994;1684.25500;1672.099976;1684.25500;55716
2026-05-29 12:15:00;1672.91504;1677;1671.56;1673.49500;23586
2026-05-29 12:10:00;1679.99500;1680.57996;1671.31006;1672.51001;45652
2026-05-29 12:05:00;1673.099976;1680.12000;1670.60999;1679.99500;55342
2026-05-29 12:00:00;1668.010010;1674.99;1666.82;1673.30005;31832
2026-05-29 11:55:00;1670.22998;1671.87000;1666.099976;1668.0050049;26903
2026-05-29 11:50:00;1671;1673.85999;1668.42004;1669.85999;30173
2026-05-29 11:45:00;1668.94995;1671.27295;1666.11011;1670.71997;26279
2026-05-29 11:40:00;1675.060059;1675.69995;1668;1668.94995;41750
2026-05-29 11:35:00;1670.5;1675.69995;1670;1674.52002;44996
2026-05-29 11:30:00;1666.48010;1671.88989;1663.37000;1670;68542
2026-05-29 11:25:00;1670;1670.89001;1665.42004;1667.050049;60720
2026-05-29 11:20:00;1676.43005;1676.43005;1667.10999;1670.30005;57169
2026-05-29 11:15:00;1680.5;1683.99988;1676;1676.43005;40989
2026-05-29 11:10:00;1673.69495;1684.45996;1672.40222;1680.5;81901
2026-05-29 11:05:00;1669.38000;1675.46619;1666.19995;1673.93994;54082
2026-05-29 11:00:00;1677.65002;1679.13000;1668;1670.25806;59223
2026-05-29 10:55:00;1670.060059;1682.38000;1670;1677.079956;141345
2026-05-29 10:50:00;1661.84998;1678.26001;1659.69495;1669.67505;157336
2026-05-29 10:45:00;1655.48999;1667;1651.25;1661.84998;120769
2026-05-29 10:40:00;1665.50500;1665.98999;1653.11011;1656.43005;191463
2026-05-29 10:35:00;1677.30005;1680.47998;1664;1664;93741
2026-05-29 10:30:00;1670.36499;1678.98999;1665;1678.23499;94995
2026-05-29 10:25:00;1673.56006;1675.88989;1664.010132;1670.36499;149902
2026-05-29 10:20:00;1673.15503;1682.97986;1672.9;1673;113403
2026-05-29 10:15:00;1683.66504;1684.99988;1668.67004;1672.33008;137318
2026-05-29 10:10:00;1685;1689.55005;1675;1683.66504;154441
2026-05-29 10:05:00;1692.51001;1699;1684.60010;1685.21497;136255
2026-05-29 10:00:00;1698.89001;1708.80005;1688;1692.20996;211346
2026-05-29 09:55:00;1688.97986;1706.34229;1686.45996;1698.89001;248146
2026-05-29 09:50:00;1685;1701.78003;1680.069946;1688.48999;285775
2026-05-29 09:45:00;1673.26001;1687.32996;1671.81995;1685;181901
2026-05-29 09:40:00;1667.79004;1678;1662.50500;1670.40015;118092
2026-05-29 09:35:00;1663.079956;1682.33;1661;1667.98840;181654
2026-05-29 09:30:00;1683.38000;1692.63000;1657;1663.14001;648645
2026-05-28 15:55:00;1644.30005;1644.34998;1633;1642.47998;217713
2026-05-28 15:50:00;1642.29004;1648;1640.010010;1645.53003;96935
2026-05-28 15:45:00;1642.44995;1646.47998;1641.00012207;1642.40002;74155
2026-05-28 15:40:00;1640.98999;1644.63000;1638.32996;1642.63013;68342
2026-05-28 15:35:00;1629.089966;1641.67004;1628.94495;1640.5;88662
2026-05-28 15:30:00;1628.089966;1634.88000;1627.33997;1629.089966;55695
2026-05-28 15:25:00;1627.43115;1633.99988;1627.18005;1627.69507;68445
2026-05-28 15:20:00;1629.57178;1630.93994;1627.18506;1627.18994;58799
2026-05-28 15:15:00;1637.19995;1637.98999;1627;1629.46497;90163
2026-05-28 15:10:00;1638.76501;1643.049927;1636.00012207;1638;43730
2026-05-28 15:05:00;1638.78003;1642;1636;1638.76501;45248
2026-05-28 15:00:00;1635.97498;1643;1633;1639.59998;67856
2026-05-28 14:55:00;1644.48999;1646;1635.53003;1636.13000;78556
2026-05-28 14:50:00;1632.56006;1648.45996;1632.34998;1644.48999;124007
2026-05-28 14:45:00;1639.91504;1641.57495;1632.78003;1633.28003;92600
2026-05-28 14:40:00;1644.21008;1645.51;1636.59998;1640.29504;93881
2026-05-28 14:35:00;1655.46997;1656.43494;1644.010132;1645;137651
2026-05-28 14:30:00;1664.92505;1664.92505;1654.050049;1655.5;50543
2026-05-28 14:25:00;1663.010010;1667.93005;1662.12000;1664.00012207;42591
2026-05-28 14:20:00;1654.5;1665.65515;1652.68994;1664.074951;100420
2026-05-28 14:15:00;1661.14001;1663.5;1654.010010;1654.88501;94504
2026-05-28 14:10:00;1666;1667.90955;1660.020020;1660.76001;81982
2026-05-28 14:05:00;1671.99988;1672.43994;1666;1666;52579
2026-05-28 14:00:00;1666.82996;1672.31006;1662;1672;84485
2026-05-28 13:55:00;1670.37000;1671;1665;1666.82996;75167
2026-05-28 13:50:00;1668.23999;1671.85535;1667.5;1669.86499;66111
2026-05-28 13:45:00;1682.69995;1684;1667;1667.81006;104256
2026-05-28 13:40:00;1681.71497;1682.28003;1678.39014;1682.099976;35680
2026-05-28 13:35:00;1675.27002;1682.76001;1674.81995;1681.71497;48602
2026-05-28 13:30:00;1677.050049;1681.89709;1675;1675.020020;61517
2026-05-28 13:25:00;1685.079956;1685.88;1676.66003;1677.089966;81573
2026-05-28 13:20:00;1683.099976;1686.69995;1682.66895;1685.079956;39486
2026-05-28 13:15:00;1688.80005;1689.49500;1681;1682.98999;52020
2026-05-28 13:10:00;1686.95996;1688.73999;1684.45996;1688.33997;45721
2026-05-28 13:05:00;1688.69495;1691.30005;1685.099976;1687;68707
2026-05-28 13:00:00;1685.93994;1689.30005;1683.18005;1688.69495;47687
2026-05-28 12:55:00;1686;1691;1683;1685.75;57254
2026-05-28 12:50:00;1686.77002;1689.80005;1683.59998;1686.5;48493
2026-05-28 12:45:00;1683.375;1686.56897;1681.33899;1686.27002;43219
2026-05-28 12:40:00;1687.67004;1688.45996;1682.099976;1682.91504;52020
2026-05-28 12:35:00;1686.40002;1688.23999;1682.010010;1687.27002;42866
2026-05-28 12:30:00;1686.59998;1687.79004;1684.075562;1685.97534;43209
2026-05-28 12:25:00;1684.69995;1689.94995;1682.73010;1687;66935
2026-05-28 12:20:00;1681.21997;1685.30005;1676;1685.15430;71328
2026-05-28 12:15:00;1686.76001;1688.91003;1677.74011;1680.87000;93271
2026-05-28 12:10:00;1682.015015;1694.99988;1681.5;1687.13000;164901
2026-05-28 12:05:00;1682;1685;1679.60999;1682;64549
2026-05-28 12:00:00;1682.86499;1685;1678.55005;1683.089966;67353
2026-05-28 11:55:00;1678.13000;1685.82996;1677.090088;1682.90002;62299
2026-05-28 11:50:00;1676.55005;1684;1676.39001;1678.68005;48749
2026-05-28 11:45:00;1676.36499;1680.64001;1670.5;1676.68994;70842
2026-05-28 11:40:00;1683.19995;1683.19995;1675.55005;1675.71497;66283
2026-05-28 11:35:00;1685.73999;1688.099976;1682.22998;1683.00012207;62672
2026-05-28 11:30:00;1683.27002;1686.71997;1681;1685.010010;52169
2026-05-28 11:25:00;1682.25;1690.96997;1681.13000;1682.69495;91896
2026-05-28 11:20:00;1686.125;1688.80005;1679.18005;1681.93994;89129
2026-05-28 11:15:00;1679.98999;1690.97998;1676.11011;1686.125;136306
2026-05-28 11:10:00;1683.5;1685.08;1674.19995;1679.16003;91920
2026-05-28 11:05:00;1676.72571;1685.40002;1673.84998;1683.5;130427
2026-05-28 11:00:00;1666.43005;1680.34998;1664.39001;1676.5;140623
2026-05-28 10:55:00;1662.53723;1672;1661.060059;1666.92395;111793
2026-05-28 10:50:00;1668.49500;1674.32996;1663;1663.45496;132301
2026-05-28 10:45:00;1690.71997;1693.55;1668.32019;1668.51001;208587
2026-05-28 10:40:00;1678.52002;1693;1673.41;1692;249560
2026-05-28 10:35:00;1683.39160;1697.95996;1678.96997;1678.96997;374708
2026-05-28 10:30:00;1676.59998;1696.79004;1674.78003;1683.94995;461361
2026-05-28 10:25:00;1637.76501;1677;1637.37000;1676.98999;402763
2026-05-28 10:20:00;1647.30005;1653.94995;1628;1637.47498;223861
2026-05-28 10:15:00;1646.87170;1655.44995;1635;1648.34973;378400
2026-05-28 10:10:00;1627;1648;1615.43005;1647.69995;437388
2026-05-28 10:05:00;1593;1628;1591.56995;1627.72058;328549
2026-05-28 10:00:00;1577.14001;1594;1575.44995;1592.73999;73630
2026-05-28 09:55:00;1571.079956;1594.45996;1571.079956;1578.34497;164460
2026-05-28 09:50:00;1564.5;1583;1563.00012207;1571;152947
2026-05-28 09:45:00;1575.81494;1578.99951;1560.18005;1564.40503;147325
2026-05-28 09:40:00;1581.70996;1585.41003;1573.00012207;1575.00012207;152512
2026-05-28 09:35:00;1605.5;1607;1581.020020;1583.25;139758
2026-05-28 09:30:00;1596.31006;1626.98999;1593.51001;1604.88501;735671
2026-05-27 15:55:00;1592.70996;1592.70996;1584.20996;1588.90002;158620
2026-05-27 15:50:00;1587.69995;1595.99988;1585.59058;1591.90503;107053
2026-05-27 15:45:00;1592.72998;1593.90002;1586;1586.78503;75201
2026-05-27 15:40:00;1591.96997;1595.79993;1590.88000;1592.97498;92053
2026-05-27 15:35:00;1584.48999;1594;1583.91003;1591.96997;83779
2026-05-27 15:30:00;1580.88696;1586.99988;1580.71008;1584.48999;67531
2026-05-27 15:25:00;1588.63416;1588.67004;1576.00012207;1580.65637;63486
2026-05-27 15:20:00;1579.35498;1589.20996;1579.35498;1588.38501;86381
2026-05-27 15:15:00;1578.75;1582;1578.25012;1579.37000;50354
2026-05-27 15:10:00;1579.98999;1580.99988;1576.00012207;1579.29004;60077
2026-05-27 15:05:00;1584.21985;1584.21985;1578.19385;1579.15503;63823
2026-05-27 15:00:00;1583.45996;1587.78992;1580.62012;1583.14001;51085
2026-05-27 14:55:00;1589.98999;1593.99988;1580.88000;1582.72998;63685
2026-05-27 14:50:00;1594.81006;1598.55;1589.14001;1589.98999;62705
2026-05-27 14:45:00;1598.19995;1600;1594.099976;1594.5;52750
2026-05-27 14:40:00;1596.81995;1600.85;1595.91003;1598;83673
2026-05-27 14:35:00;1602.93994;1604.98987;1591.65002;1596.97986;139323
2026-05-27 14:30:00;1598;1602.96997;1596;1602.10999;83324
2026-05-27 14:25:00;1594.57996;1599.69995;1592.94;1599.23999;86973
2026-05-27 14:20:00;1584.14001;1594.78003;1584.040039;1593.89001;79855
2026-05-27 14:15:00;1585.49988;1587.84998;1584;1584.14001;45013
2026-05-27 14:10:00;1589.27002;1591.99988;1582.44995;1584.75;90578
2026-05-27 14:05:00;1586.54504;1589.89990;1583.5;1589.89990;60056
2026-05-27 14:00:00;1584.64990;1589.40002;1583.37012;1586.54504;72869
2026-05-27 13:55:00;1585.95654;1587.93994;1583;1584.65002;71135
2026-05-27 13:50:00;1583.91003;1588;1581;1585.18994;81348
2026-05-27 13:45:00;1580.18994;1584.44995;1579.57495;1583.41003;68181
2026-05-27 13:40:00;1580.15002;1581;1575.010132;1580.25500;55477
2026-05-27 13:35:00;1578.65503;1582;1577.020142;1580.58984;60945
2026-05-27 13:30:00;1574.25;1579.84998;1572.5;1578.65515;66059
2026-05-27 13:25:00;1572.5;1576.59998;1572.5;1574.25;75477
2026-05-27 13:20:00;1559.55005;1573;1559;1572.5;68397
2026-05-27 13:15:00;1555.18994;1560.82996;1555;1559.5;53185
2026-05-27 13:10:00;1553.625;1559.89990;1553.625;1555.5;60538
2026-05-27 13:05:00;1570.92505;1572;1553;1553.010010;99371
2026-05-27 13:00:00;1570.76001;1573.39001;1569.51001;1570.92505;47635
2026-05-27 12:55:00;1574.25989;1575.19995;1566.66003;1570.99988;56873
2026-05-27 12:50:00;1580.57996;1581.10986;1570.71;1573.76001;61255
2026-05-27 12:45:00;1574.84998;1585;1574.00012207;1580.73254;83101
2026-05-27 12:40:00;1572.88000;1577.92004;1572.010132;1575.14502;55157
2026-05-27 12:35:00;1573.010010;1575.97998;1570.41;1572.48999;65764
2026-05-27 12:30:00;1574.66504;1576.99988;1571.54004;1574.70996;58654
2026-05-27 12:25:00;1583.81995;1586.55994;1572.98999;1575.87988;110396
2026-05-27 12:20:00;1573.59497;1585.099976;1572.81006;1584.13000;126031
2026-05-27 12:15:00;1572.18994;1575.48987;1570.5;1573.79004;102629
2026-05-27 12:10:00;1560.89075;1573.079956;1559.37000;1572.12000;114963
2026-05-27 12:05:00;1555.23999;1563;1555.23;1559.57922;90592
2026-05-27 12:00:00;1548.93506;1558.88989;1545.76001;1555.62012;112678
2026-05-27 11:55:00;1544.87000;1549.19702;1540.27002;1548.93506;67216
2026-05-27 11:50:00;1539;1547;1536.17004;1544.56006;79241
2026-05-27 11:45:00;1536.41003;1540.92004;1533.00012207;1538.26001;61886
2026-05-27 11:40:00;1531.15002;1538;1528.35999;1536.18994;108252
2026-05-27 11:35:00;1546.42004;1546.85;1530.77002;1531;78779
2026-05-27 11:30:00;1539.64197;1547.63000;1538.087646;1546.099976;84871
2026-05-27 11:25:00;1534.66003;1539.030029;1531.19995;1538.63000;64130
2026-05-27 11:20:00;1535.19495;1539.66992;1530.73999;1533.69495;104799
2026-05-27 11:15:00;1548.77002;1549.21509;1533.32996;1535.060059;101477
2026-05-27 11:10:00;1553.18994;1556.85999;1548.77002;1548.77002;70781
2026-05-27 11:05:00;1546.78003;1554.73999;1541.01;1553.87000;65571
2026-05-27 11:00:00;1547.97998;1549.90002;1537.18994;1544.48999;78658
2026-05-27 10:55:00;1558.15015;1560.060059;1541.23999;1547.97998;76464
2026-05-27 10:50:00;1549.56006;1560;1548.625;1559.37000;79123
2026-05-27 10:45:00;1553.97498;1563.95996;1548;1548.625;107161
2026-05-27 10:40:00;1553.66003;1560;1546.47498;1552.71497;121594
2026-05-27 10:35:00;1546.58496;1557.94995;1543.18005;1552.71765;125650
2026-05-27 10:30:00;1539.76001;1547.030029;1534;1546.42004;211641
2026-05-27 10:25:00;1562.34998;1562.76501;1534.75012;1538.97998;329153
2026-05-27 10:20:00;1582.45496;1585.29993;1559.52002;1563;232546
2026-05-27 10:15:00;1576.58496;1588.24500;1573.38013;1582.44995;100218
2026-05-27 10:10:00;1586.64001;1587.95996;1575;1576.35498;219714
2026-05-27 10:05:00;1598.69495;1605.99988;1583.079956;1586.28003;159533
2026-05-27 10:00:00;1606.21497;1607.23999;1589.13000;1597.39001;134739
2026-05-27 09:55:00;1599.69995;1611;1592.060059;1605.44897;162250
2026-05-27 09:50:00;1584.18005;1611.99988;1580.069946;1598.97925;266773
2026-05-27 09:45:00;1587.079956;1596;1563.33008;1585.27002;293966
2026-05-27 09:40:00;1590.22998;1601.27002;1575.31995;1590.18994;369726
2026-05-27 09:35:00;1628.23999;1632.79993;1581.16504;1590;548539
2026-05-27 09:30:00;1646.73999;1658.76990;1618.88000;1629.65002;1663000
2026-05-26 15:55:00;1594.0050049;1595;1586.010010;1589.57495;337302
2026-05-26 15:50:00;1602.43994;1602.43994;1591.5;1595;207654
2026-05-26 15:45:00;1604.84998;1604.84998;1598.079956;1600.16003;180479
2026-05-26 15:40:00;1611.75;1612;1603.39001;1604.55591;142461
2026-05-26 15:35:00;1616.040039;1616.52002;1612;1613;91466
2026-05-26 15:30:00;1614.5;1617.14001;1611.020020;1616.040039;126599
2026-05-26 15:25:00;1622.44714;1623.93005;1613.10999;1614.40002;116181
2026-05-26 15:20:00;1629.37366;1631.31995;1622.050049;1622.74500;93263
2026-05-26 15:15:00;1636;1639.53003;1629;1630.21997;128571
2026-05-26 15:10:00;1634.30505;1636.78003;1630.010010;1636.5;87964
2026-05-26 15:05:00;1632.25500;1638;1630.80005;1634.30505;112902
2026-05-26 15:00:00;1630.79504;1634.22998;1628;1632.82996;94207
2026-05-26 14:55:00;1635.48999;1638.43994;1629.00012207;1630.69995;104355
2026-05-26 14:50:00;1635;1637.38000;1632.63000;1635.49500;101736
2026-05-26 14:45:00;1637.71729;1639.48547;1633.44995;1633.93994;93892
2026-05-26 14:40:00;1632.81995;1641.73999;1630.75;1638.33008;128788
2026-05-26 14:35:00;1632.43506;1638.089966;1628.47998;1631.28015;196407
2026-05-26 14:30:00;1623.71497;1632.83997;1621.72009;1632.28137;175109
2026-05-26 14:25:00;1617.057861;1623.76990;1616.00012207;1623.31006;102472
2026-05-26 14:20:00;1617.79004;1619.90002;1614.76001;1617.11987;82278
2026-05-26 14:15:00;1613.83997;1617.89001;1612.71997;1617.56494;83499
2026-05-26 14:10:00;1612.94995;1614.63000;1612.12000;1613.83997;49794
2026-05-26 14:05:00;1613.97998;1614.85986;1611.63000;1612.65833;47218
2026-05-26 14:00:00;1609.13501;1614.85999;1605.069946;1613.97998;86428
2026-05-26 13:55:00;1615.45996;1616.47986;1608;1609.5;95678
2026-05-26 13:50:00;1619;1620.23987;1610.059692;1615.71997;125545
2026-05-26 13:45:00;1615.39001;1620.5;1613.53015;1619;122933
2026-05-26 13:40:00;1610.84998;1615.55005;1609;1615.15002;86646
2026-05-26 13:35:00;1607.16003;1615.57996;1606.67004;1611.58984;127936
2026-05-26 13:30:00;1603.53003;1609.5;1601.40002;1607.16003;91243
2026-05-26 13:25:00;1599.79504;1604.23999;1599.099976;1603.53003;56984
2026-05-26 13:20:00;1598.050049;1605.079956;1596.030029;1600.58997;108130
2026-05-26 13:15:00;1598.18274;1601.82996;1595.91504;1596.47607;97970
2026-05-26 13:10:00;1594.47998;1599.35999;1593.00012207;1598.29004;56425
2026-05-26 13:05:00;1598;1599.25;1592;1593.93506;59272
2026-05-26 13:00:00;1595.42004;1599.64490;1594.43994;1598;73746
2026-05-26 12:55:00;1592.73499;1597.060059;1591.62000;1595.87000;56251
2026-05-26 12:50:00;1590.86499;1593.49988;1589.45081;1592.73499;48224
2026-05-26 12:45:00;1592.050049;1595.99988;1589;1590.28003;91806
2026-05-26 12:40:00;1595.34998;1597.13501;1590.80005;1591.78003;67769
2026-05-26 12:35:00;1600.22998;1601.48999;1594.25;1594.43994;98651
2026-05-26 12:30:00;1595.76013;1600.16003;1595;1600.020020;110656
2026-05-26 12:25:00;1596;1597.91003;1593.88000;1596.5;85022
2026-05-26 12:20:00;1589.40002;1595.91467;1587.48999;1595.91467;79325
2026-05-26 12:15:00;1592.23499;1593.67004;1588.040039;1589.19995;51205
2026-05-26 12:10:00;1591.31995;1595.20996;1587.60498;1592.69995;83667
2026-05-26 12:05:00;1590.65002;1593.98987;1586.67004;1591.12000;91949
2026-05-26 12:00:00;1581.87988;1591.18994;1580.020020;1590.5;107819
2026-05-26 11:55:00;1569.85999;1581.81006;1569.52295;1580.99500;104416
2026-05-26 11:50:00;1577.22998;1580.18994;1568.50012;1569.85999;125935
2026-05-26 11:45:00;1587.48999;1589;1576.69995;1576.82715;107860
2026-05-26 11:40:00;1587.45496;1588.99988;1581;1586.75;75255
2026-05-26 11:35:00;1590.48499;1592.64014;1584.59998;1587.45496;78076
2026-05-26 11:30:00;1586.60999;1591.90002;1582.69995;1590.78003;71841
2026-05-26 11:25:00;1591.92004;1592.39990;1582.040039;1587.13501;97810
2026-05-26 11:20:00;1594.040039;1594.98999;1584;1591.5;75096
2026-05-26 11:15:00;1597.51001;1597.85205;1584.00012207;1594.51501;131518
2026-05-26 11:10:00;1586.43005;1598.98999;1580.41016;1597.70496;185201
2026-05-26 11:05:00;1593.21301;1594.99988;1580.51001;1587.60999;133183
2026-05-26 11:00:00;1594;1598.99988;1589.010010;1592.23499;115509
2026-05-26 10:55:00;1601.68994;1602.66003;1591.55005;1592.98499;146766
2026-05-26 10:50:00;1606.29993;1608;1599;1601.22498;125581
2026-05-26 10:45:00;1611.31006;1616;1598;1605.15002;178162
2026-05-26 10:40:00;1622.76001;1632.92993;1608.48999;1611.43994;290445
2026-05-26 10:35:00;1605.22998;1626.54993;1603.13000;1624.36499;335724
2026-05-26 10:30:00;1599.65503;1611.83997;1599.65503;1605.77002;223150
2026-05-26 10:25:00;1600.38000;1607.77002;1595.010010;1600.064941;260488
2026-05-26 10:20:00;1587.97998;1602.59998;1582.91101;1600.64001;335181
2026-05-26 10:15:00;1579.79004;1588;1577.23999;1587.92004;166184
2026-05-26 10:10:00;1573;1579.70996;1570.38477;1579.23499;123562
2026-05-26 10:05:00;1564.49500;1574.98999;1558.010010;1572.74512;176632
2026-05-26 10:00:00;1580.56006;1582.66748;1562.010010;1564.35498;186740
2026-05-26 09:55:00;1568.099976;1583.89001;1566.78003;1580.42004;207617
2026-05-26 09:50:00;1573.25500;1578.40002;1560.010010;1568;304007
2026-05-26 09:45:00;1580.77002;1598.31006;1572;1572;355308
2026-05-26 09:40:00;1581.84998;1596.30005;1577.73853;1579.74500;429778
2026-05-26 09:35:00;1542.91003;1582.43994;1533.72998;1581.84998;493847
2026-05-26 09:30:00;1535.64502;1558;1520;1543.21997;1253063
2026-05-22 15:55:00;1487;1490.18005;1475.82996;1477.39001;529564
2026-05-22 15:50:00;1485.25;1498;1485;1488.21997;185922
2026-05-22 15:45:00;1492.5;1492.66003;1484.60010;1485.98999;142568
2026-05-22 15:40:00;1498.32996;1500.40002;1492.73999;1492.74011;92584
2026-05-22 15:35:00;1494.42004;1498.87000;1494.37000;1498.28003;72575
2026-05-22 15:30:00;1494.72998;1496;1492.064941;1494.20496;66494
2026-05-22 15:25:00;1493.38501;1497.5;1492;1493.86499;80094
2026-05-22 15:20:00;1495;1496.52002;1490.33008;1493.38501;79336
2026-05-22 15:15:00;1497;1497.69995;1490.33008;1494.62000;115408
2026-05-22 15:10:00;1500.12000;1501.97986;1496.19995;1497.21997;71512
2026-05-22 15:05:00;1507.72498;1508.68005;1498.48950;1500.010010;109623
2026-05-22 15:00:00;1513.95996;1513.95996;1506;1506.75012;112565
2026-05-22 14:55:00;1515.83997;1516.27002;1513.29004;1514.010010;27780
2026-05-22 14:50:00;1514;1517;1512.76013;1516.13501;42126
2026-05-22 14:45:00;1515;1515.35986;1511.31995;1514.27502;27961
2026-05-22 14:40:00;1511.73999;1518.72424;1510.65002;1515.18005;65206
2026-05-22 14:35:00;1510.53003;1512.53003;1505.61011;1511.22998;78997
2026-05-22 14:30:00;1516.68994;1516.90002;1508.16003;1509.47205;83340
2026-05-22 14:25:00;1519.49988;1519.75;1515.54004;1516.45496;40316
2026-05-22 14:20:00;1516.31006;1519.5;1514;1518.5;45945
2026-05-22 14:15:00;1517.93994;1518.29004;1515.29004;1517.099976;32237
2026-05-22 14:10:00;1515.96497;1518.99988;1512.69995;1518;43186
2026-05-22 14:05:00;1519.43994;1519.43994;1515.35999;1515.96497;37872
2026-05-22 14:00:00;1523.58997;1524;1515.00012207;1519.28003;97739
2026-05-22 13:55:00;1517.33008;1528;1517;1524.089966;207850
2026-05-22 13:50:00;1510.92004;1518.87988;1509.51001;1517.32996;118931
2026-05-22 13:45:00;1507.91650;1512.69995;1507.91650;1510.90002;43573
2026-05-22 13:40:00;1511.030029;1512.093872;1505.31006;1508.79004;69294
2026-05-22 13:35:00;1511.099976;1514.28992;1507.099976;1511.48999;58927
2026-05-22 13:30:00;1516.89001;1517.75500;1511.010010;1511.17004;60723
2026-05-22 13:25:00;1514.51001;1517;1511.52783;1516.074951;57490
2026-05-22 13:20:00;1510.18994;1514.5;1509;1514.5;33403
2026-05-22 13:15:00;1513.064575;1514.97998;1509.30005;1509.73999;43869
2026-05-22 13:10:00;1516.060059;1516.5;1512.020020;1512.5;46672
2026-05-22 13:05:00;1516.94495;1519.48999;1513.55005;1516.010010;43635
2026-05-22 13:00:00;1513.19995;1519.63000;1513.19995;1517.39001;63820
2026-05-22 12:55:00;1511.72998;1515.25;1511.00012207;1513.69995;45769
2026-05-22 12:50:00;1511.34998;1514.54541;1510.62000;1512.28003;41522
2026-05-22 12:45:00;1509.040039;1512.70996;1508.67004;1510.68994;29256
2026-05-22 12:40:00;1512.13000;1514;1507.55005;1509.050049;38000
2026-05-22 12:35:00;1511.75012;1514.43994;1510.030151;1511.61426;40185
2026-05-22 12:30:00;1511.36755;1514;1511.10010;1512.10999;59295
2026-05-22 12:25:00;1508.30005;1511.78003;1505.11011;1511.060059;51777
2026-05-22 12:20:00;1505.67004;1511.93005;1504.58997;1508.36499;52216
2026-05-22 12:15:00;1506.49988;1510;1503.75012;1504.82996;66697
2026-05-22 12:10:00;1502.22095;1506.5;1501.37000;1505.93994;37878
2026-05-22 12:05:00;1503.84998;1506;1502;1502.92505;40977
2026-05-22 12:00:00;1503.97998;1506.18994;1501.099976;1504.43994;54500
2026-05-22 11:55:00;1502.30505;1504.46997;1501.099976;1503;41510
2026-05-22 11:50:00;1501.37000;1505.099976;1500.76074;1502.30505;76433
2026-05-22 11:45:00;1510.34998;1510.34998;1501;1501.37000;98160
2026-05-22 11:40:00;1514.67505;1514.67505;1510;1510.47998;57993
2026-05-22 11:35:00;1514.75879;1515.71997;1510.91003;1514.00012207;60471
2026-05-22 11:30:00;1515.23999;1521.42505;1514;1515.31494;99873
2026-05-22 11:25:00;1511.72998;1516.59998;1510.32996;1516.18005;61082
2026-05-22 11:20:00;1515.65002;1516.98987;1511;1512;57167
2026-05-22 11:15:00;1511.5;1516.72986;1511.00012207;1516.49988;48252
2026-05-22 11:10:00;1518.64001;1519.76001;1511.43005;1511.56995;68296
2026-05-22 11:05:00;1513.70496;1519.23999;1513;1518.31750;61328
2026-05-22 11:00:00;1515.10999;1520;1511;1514.10999;92126
2026-05-22 10:55:00;1515.25;1519.90002;1515;1515.93506;114612
2026-05-22 10:50:00;1515.22998;1516.95996;1509.44995;1515.25;87318
2026-05-22 10:45:00;1519.58997;1520.99988;1512.79004;1514.41003;101686
2026-05-22 10:40:00;1514.22998;1522;1513.50012;1520.40845;158449
2026-05-22 10:35:00;1510.56006;1516.91821;1506;1514.33496;122867
2026-05-22 10:30:00;1506.089966;1513.64990;1500.96997;1510.52795;158976
2026-05-22 10:25:00;1496.055054;1506.82996;1495.19995;1505.5;94002
2026-05-22 10:20:00;1502.70996;1506;1495.050049;1496.40503;127765
2026-05-22 10:15:00;1497.56006;1505.58997;1496.75;1501.35010;180951
2026-05-22 10:10:00;1482.060059;1498.76001;1481.00012207;1497.74500;204061
2026-05-22 10:05:00;1481.45496;1485.29993;1473.52014;1481.69995;189996
2026-05-22 10:00:00;1493.27002;1494.38196;1477.82996;1481.90002;288498
2026-05-22 09:55:00;1499.28003;1501.97998;1488;1494.55005;181388
2026-05-22 09:50:00;1491.49500;1503.54004;1485.70007;1499.98999;237382
2026-05-22 09:45:00;1498.10498;1504;1490.80005;1491.31348;213454
2026-05-22 09:40:00;1514.18994;1519;1489;1498.10498;371437
2026-05-22 09:35:00;1501.10999;1519.62000;1498.40002;1514.060059;280017
2026-05-22 09:30:00;1520.80005;1522.40002;1495.19995;1501.59998;1011038
2026-05-21 15:55:00;1536.19995;1543.78003;1534.30005;1542.64001;432090
2026-05-21 15:50:00;1538.92004;1539.15002;1530.010010;1536.625;210698
2026-05-21 15:45:00;1540.035034;1540.035034;1536.21997;1538.96997;120811
2026-05-21 15:40:00;1538.65002;1541.94995;1536.68994;1540.035034;117225
2026-05-21 15:35:00;1541.074951;1544.68994;1538.020142;1539.045044;148547
2026-05-21 15:30:00;1544.060059;1546;1540;1540.89001;124723
2026-05-21 15:25:00;1544.44995;1546;1543.20996;1544.46997;97190
2026-05-21 15:20:00;1544.045044;1546.089966;1537;1544.44995;170344
2026-05-21 15:15:00;1543.31995;1545.56995;1541.10999;1544.63989;127842
2026-05-21 15:10:00;1537.98999;1543.72998;1535.64001;1542.90002;146164
2026-05-21 15:05:00;1532.5;1543.63989;1531.10999;1537.50012;121947
2026-05-21 15:00:00;1528.90002;1535.89001;1528;1532.375;132835
2026-05-21 14:55:00;1520.28552;1528.99988;1516.33997;1528.33496;161448
2026-05-21 14:50:00;1531.80505;1535;1520.18994;1520.21997;142080
2026-05-21 14:45:00;1533.25500;1537;1530.47998;1531.93005;107903
2026-05-21 14:40:00;1534.97998;1539;1532.35010;1533.69995;140510
2026-05-21 14:35:00;1532.27002;1536.51990;1530.72009;1535.26697;144091
2026-05-21 14:30:00;1529.5;1532.89001;1528.39001;1532.47998;102210
2026-05-21 14:25:00;1528.36499;1530;1526.33997;1528.82996;82202
2026-05-21 14:20:00;1527.48999;1529.82996;1523.625;1528.40002;82083
2026-05-21 14:15:00;1525.47998;1528;1520.5;1527.25;105206
2026-05-21 14:10:00;1529.42004;1530;1525;1525.56494;79108
2026-05-21 14:05:00;1527.21497;1530.80005;1526.47009;1529.26001;72570
2026-05-21 14:00:00;1526.77002;1533;1525.75;1527.21497;120177
2026-05-21 13:55:00;1536.35999;1537.95996;1526.14001;1526.53003;171015
2026-05-21 13:50:00;1523.98499;1537;1522.30005;1536.11499;208498
2026-05-21 13:45:00;1518.85498;1524.41003;1517.95996;1523.79004;123988
2026-05-21 13:40:00;1519;1523.69995;1514;1518.91504;95121
2026-05-21 13:35:00;1514.050049;1520;1513.56006;1519.37000;98828
2026-05-21 13:30:00;1513.25;1519.079956;1512.20996;1513.93005;111824
2026-05-21 13:25:00;1517.63000;1518.63000;1510.32996;1513.70996;115586
2026-05-21 13:20:00;1521.56995;1526;1510.00012207;1517.18994;186304
2026-05-21 13:15:00;1515.5;1524.96997;1514.80005;1521.38000;230821
2026-05-21 13:10:00;1507.75671;1516.30005;1507.29004;1515.25;239309
2026-05-21 13:05:00;1500.53015;1509.84985;1500;1507.61011;168719
2026-05-21 13:00:00;1492.70996;1501.97998;1492.50500;1500.30005;215586
2026-05-21 12:55:00;1488.44495;1493;1488.00012207;1492.99988;52216
2026-05-21 12:50:00;1488.53003;1491.89001;1486;1488.00012207;57542
2026-05-21 12:45:00;1491.32996;1493.69995;1487;1488.53003;60263
2026-05-21 12:40:00;1493.75;1494.47205;1488.5;1491.97998;58979
2026-05-21 12:35:00;1494.81995;1496.44995;1490.10999;1493.75;80557
2026-05-21 12:30:00;1493.19995;1495.24988;1491.050049;1495.24988;84599
2026-05-21 12:25:00;1493.35999;1496.78003;1492.96997;1493.58997;119573
2026-05-21 12:20:00;1489.60999;1493.65991;1482.61011;1493.26501;104386
2026-05-21 12:15:00;1488.25;1493.66003;1487;1489.61499;147947
2026-05-21 12:10:00;1487.33997;1488.68005;1483;1488.25;72833
2026-05-21 12:05:00;1484.00012207;1487.85986;1483.00012207;1487.010010;58964
2026-05-21 12:00:00;1481.099976;1486.85986;1480.38000;1483.91003;72152
2026-05-21 11:55:00;1490;1491.87988;1480.27014;1480.57935;112815
2026-05-21 11:50:00;1488.42004;1492;1487.12000;1490.51501;159288
2026-05-21 11:45:00;1481.98499;1489.69995;1480.62000;1488.47998;166916
2026-05-21 11:40:00;1483.53015;1485;1480.73999;1481.125;117952
2026-05-21 11:35:00;1474.010010;1483.80005;1472.10999;1483.53003;94900
2026-05-21 11:30:00;1477.59497;1479.10986;1472.98999;1474.75500;74071
2026-05-21 11:25:00;1479.020020;1483.058594;1476.13000;1477.59497;92216
2026-05-21 11:20:00;1481;1484;1479.020020;1479.71509;103877
2026-05-21 11:15:00;1473.78503;1482.98999;1472.86011;1481;156433
2026-05-21 11:10:00;1462.12000;1476.78003;1458.91504;1473.34998;134566
2026-05-21 11:05:00;1466.35999;1469.67993;1458;1462.12000;100847
2026-05-21 11:00:00;1470.5;1473;1463.64014;1467;77333
2026-05-21 10:55:00;1467.98999;1474.5;1466.5;1470.5;99101
2026-05-21 10:50:00;1466;1469;1459.22998;1467.25;114651
2026-05-21 10:45:00;1473.93005;1476;1463.53003;1466.050049;132062
2026-05-21 10:40:00;1471.68799;1476.20996;1467.52014;1473.92004;135928
2026-05-21 10:35:00;1464.98999;1474.22998;1464.87000;1471.78003;180485
2026-05-21 10:30:00;1459.80005;1472;1459.0054932;1464.98999;198976
2026-05-21 10:25:00;1450.34998;1460;1449.16016;1460;166408
2026-05-21 10:20:00;1449.64001;1453.66357;1432.00012207;1451.079956;291312
2026-05-21 10:15:00;1458.97998;1461.68994;1449;1449.64001;224086
2026-05-21 10:10:00;1472.14001;1472.91003;1451;1457.90002;288722
2026-05-21 10:05:00;1478.42004;1480.89001;1466;1472.65002;293280
2026-05-21 10:00:00;1473.079956;1493.97998;1472.27002;1478.59998;464243
2026-05-21 09:55:00;1454.18994;1476;1453;1473.25;509928
2026-05-21 09:50:00;1421.64502;1455;1415.53003;1454.18005;416175
2026-05-21 09:45:00;1417.60999;1426.55005;1412.12000;1421.64502;204280
2026-05-21 09:40:00;1420;1430;1410.30005;1416.81995;268115
2026-05-21 09:35:00;1413.090820;1424.80005;1403;1420.79504;343928
2026-05-21 09:30:00;1377.56006;1413.10999;1377.46997;1412.84497;811749
2026-05-20 15:55:00;1394.98999;1395.5;1385.099976;1392.68005;234205
2026-05-20 15:50:00;1396;1396.099976;1391.75012;1393.90991;93872
2026-05-20 15:45:00;1390.81494;1398;1390;1396.40002;83947
2026-05-20 15:40:00;1397.98499;1398.68994;1390.33997;1390.81494;56608
2026-05-20 15:35:00;1396.17505;1400.94995;1394.46997;1398.44995;55528
2026-05-20 15:30:00;1395;1397.21997;1394.4375;1395.099976;35344
2026-05-20 15:25:00;1394.5;1395.98999;1391;1395.076904;47815
2026-05-20 15:20:00;1397.55420;1399.28992;1392.56995;1394.98999;50511
2026-05-20 15:15:00;1401.86499;1403.27991;1396.49500;1397.055054;53013
2026-05-20 15:10:00;1399.83496;1403.26501;1399.64453;1401.86499;46152
2026-05-20 15:05:00;1396.90002;1400.88000;1395.70703;1400.015015;31877
2026-05-20 15:00:00;1395.76001;1398.25;1394.73999;1396.23999;37901
2026-05-20 14:55:00;1395.63000;1398;1393.64001;1394.88000;36227
2026-05-20 14:50:00;1397.17004;1397.18005;1393.68005;1395.19995;41249
2026-05-20 14:45:00;1401.23145;1403.22986;1396.64001;1396.64001;46113
2026-05-20 14:40:00;1400.47998;1403.91016;1398.26001;1400.67004;53665
2026-05-20 14:35:00;1395.65002;1402.62000;1395.43005;1400.47998;49995
2026-05-20 14:30:00;1395.89001;1397.93005;1393.19995;1395.71497;31080
2026-05-20 14:25:00;1395.13501;1396.94995;1393.25;1395.79004;35261
2026-05-20 14:20:00;1399;1400.24988;1394.18994;1395.83154;48790
2026-05-20 14:15:00;1400;1401.17004;1397.41125;1398.98999;43361
2026-05-20 14:10:00;1403.875;1404;1398.62000;1400.39001;50009
2026-05-20 14:05:00;1407.48999;1407.48999;1402.62012;1403.66565;51622
2026-05-20 14:00:00;1403.17004;1408.97986;1401;1406.94495;82192
2026-05-20 13:55:00;1394.75500;1406;1394.44995;1402.68994;106467
2026-05-20 13:50:00;1393.38501;1396.56567;1392.019043;1394.75500;37866
2026-05-20 13:45:00;1394.79004;1396.099976;1392.0050049;1393.52002;36117
2026-05-20 13:40:00;1395.55005;1396.5;1393.050049;1394.5;37907
2026-05-20 13:35:00;1392.98999;1397.24988;1392.16577;1396.38013;74678
2026-05-20 13:30:00;1390.50500;1394.43005;1390.43994;1392.26501;54892
2026-05-20 13:25:00;1386.84985;1391.99988;1385.10999;1390.020020;53589
2026-05-20 13:20:00;1388.77600;1392.60999;1382;1385.15002;73720
2026-05-20 13:15:00;1393.86987;1396.77002;1388.030029;1389.060059;70318
2026-05-20 13:10:00;1391.15002;1395.48999;1389.62000;1392.92004;51564
2026-05-20 13:05:00;1389.29004;1393.94995;1388.31006;1391.15002;39451
2026-05-20 13:00:00;1390.72998;1394.54004;1387;1389.65002;66954
2026-05-20 12:55:00;1395.26001;1396.15161;1385.010010;1389.77502;84646
2026-05-20 12:50:00;1392.96997;1396.97986;1392.030029;1394.78503;48028
2026-05-20 12:45:00;1398;1399;1390.45007;1392.73499;60077
2026-05-20 12:40:00;1393.88000;1398.19495;1393.020020;1397.24500;55899
2026-05-20 12:35:00;1392.90002;1397;1390.83459;1395.32495;65020
2026-05-20 12:30:00;1387.98999;1394.75;1386.00012207;1393.99988;86395
2026-05-20 12:25:00;1384;1387.98889;1381.060059;1386.012939;94080
2026-05-20 12:20:00;1389.77002;1392.97363;1383.10999;1383.92004;93567
2026-05-20 12:15:00;1396.5;1396.5;1388;1389.54504;73878
2026-05-20 12:10:00;1396.48499;1398.96997;1392.83997;1396.51001;69630
2026-05-20 12:05:00;1398.45996;1399.37000;1395;1396.93994;52713
2026-05-20 12:00:00;1406.68994;1406.75;1396.32996;1398.25513;84229
2026-05-20 11:55:00;1408;1410;1403.19995;1407.5;55948
2026-05-20 11:50:00;1404.96497;1411.30005;1403.19995;1407.19995;74520
2026-05-20 11:45:00;1402.17004;1407;1401.5;1404.70996;57703
2026-05-20 11:40:00;1405.82495;1408.18994;1401.00012207;1401.54565;70050
2026-05-20 11:35:00;1412.93506;1415.23999;1404;1405.82996;97051
2026-05-20 11:30:00;1408.67456;1416.20996;1405.89001;1413.71106;110304
2026-05-20 11:25:00;1411.45996;1414.33997;1408.45386;1409.13501;77055
2026-05-20 11:20:00;1414.88269;1419.48999;1410.92004;1411.93396;87322
2026-05-20 11:15:00;1409.43506;1421.22998;1408;1415.32996;233341
2026-05-20 11:10:00;1404.62000;1411.15002;1404.51001;1409.37000;118831
2026-05-20 11:05:00;1398.84497;1408.089966;1398.84497;1404.48999;117092
2026-05-20 11:00:00;1400.86182;1407;1396;1398.98499;160127
2026-05-20 10:55:00;1392.125;1400.90002;1389.57996;1400.82495;109770
2026-05-20 10:50:00;1387.66003;1395.80005;1386.53784;1392.57996;74057
2026-05-20 10:45:00;1393.13000;1394.48987;1385.17004;1386.89502;73820
2026-05-20 10:40:00;1388.62000;1395.54004;1384.27002;1393;94072
2026-05-20 10:35:00;1385;1391.18994;1379.10925;1389.069946;124701
2026-05-20 10:30:00;1385.91003;1394.13000;1382.87317;1385.56006;145672
2026-05-20 10:25:00;1381.97998;1385.23999;1377.41968;1384.60999;102150
2026-05-20 10:20:00;1373.18005;1391.88000;1373.18005;1381.51001;192840
2026-05-20 10:15:00;1379.72998;1388.70996;1367.16003;1371.65149;219382
2026-05-20 10:10:00;1393.43005;1395.079956;1366.97998;1379.72998;376471
2026-05-20 10:05:00;1393.41003;1400;1390.13013;1392.78003;157105
2026-05-20 10:00:00;1402.57996;1405.59985;1391.95996;1393.88794;178410
2026-05-20 09:55:00;1398;1403;1392.44006;1401.77502;239098
2026-05-20 09:50:00;1422.91992;1423.42993;1398.55005;1398.92004;236745
2026-05-20 09:45:00;1441.13000;1443;1416.19995;1420.26001;231191
2026-05-20 09:40:00;1419.64001;1443.44495;1413.43103;1438.91003;341565
2026-05-20 09:35:00;1423.14087;1430;1406.079956;1421.039429;325057
2026-05-20 09:30:00;1438.43994;1440;1420;1425.69995;1157895
2026-05-19 15:55:00;1365;1385.18994;1364;1383.84998;435317
2026-05-19 15:50:00;1365.87000;1371.56995;1361.97998;1366.35999;125653
2026-05-19 15:45:00;1364.56995;1369.56006;1361.19995;1365.80005;125694
2026-05-19 15:40:00;1369;1370.98987;1364;1365.22498;91905
2026-05-19 15:35:00;1373;1375;1365;1368.72998;94339
2026-05-19 15:30:00;1367.72998;1373.88000;1365.040039;1372.21997;86297
2026-05-19 15:25:00;1362;1367.73987;1360;1367.56006;86040
2026-05-19 15:20:00;1372.14502;1372.30005;1361.33008;1362.37000;92805
2026-05-19 15:15:00;1381.38000;1382.81995;1371.94995;1372.14502;207404
2026-05-19 15:10:00;1367.50012;1381.71997;1367.50012;1381.38000;126311
2026-05-19 15:05:00;1366.91003;1369.99988;1359;1368;349510
2026-05-19 15:00:00;1362.36499;1367.99988;1361.00012207;1366.91003;98136
2026-05-19 14:55:00;1370.80005;1370.81494;1360.030029;1362.36499;139035
2026-05-19 14:50:00;1375.66003;1379.29309;1370.5;1371.23499;297040
2026-05-19 14:45:00;1379.63989;1379.63989;1372.16003;1375.13501;76255
2026-05-19 14:40:00;1377.86499;1382.29004;1376;1379.24500;82184
2026-05-19 14:35:00;1384.54004;1386.80994;1377;1377.86499;71045
2026-05-19 14:30:00;1382.050049;1385;1379.050049;1384.31995;71445
2026-05-19 14:25:00;1384.97998;1389;1380;1382.050049;75833
2026-05-19 14:20:00;1387.53003;1388.58997;1381.99011;1384.23999;83116
2026-05-19 14:15:00;1387.63501;1391.98999;1386.069946;1387.125;91983
2026-05-19 14:10:00;1391.125;1392.85986;1387.10999;1387.63501;79668
2026-05-19 14:05:00;1389.37000;1392.73999;1388.43005;1391.125;94912
2026-05-19 14:00:00;1380.26001;1391.68005;1379.76001;1389.17004;112574
2026-05-19 13:55:00;1371.77002;1381.90002;1371.77002;1380.26001;85811
2026-05-19 13:50:00;1377.32495;1377.52002;1368.69995;1372;83432
2026-05-19 13:45:00;1382.99988;1382.99988;1373;1377.64990;104727
2026-05-19 13:40:00;1383.65002;1389;1380;1381;91859
2026-05-19 13:35:00;1384;1386.93994;1382.010132;1384.065674;85643
2026-05-19 13:30:00;1384.875;1391.83997;1383.31995;1384.81995;151161
2026-05-19 13:25:00;1380.68005;1385.20496;1377;1385.20251;99598
2026-05-19 13:20:00;1383.72986;1384.98999;1378;1379.85999;142272
2026-05-19 13:15:00;1375.95300;1383.90002;1375.95300;1382.47998;115040
2026-05-19 13:10:00;1378.72998;1380.87000;1373.89001;1376.91931;78047
2026-05-19 13:05:00;1376.99500;1380.80005;1371.18994;1379;119020
2026-05-19 13:00:00;1371.98999;1377.17004;1368.00012207;1376.85498;86414
2026-05-19 12:55:00;1373.18994;1377.98999;1368.93005;1371.58997;113966
2026-05-19 12:50:00;1369.21997;1373.99988;1365.55005;1373.19495;99038
2026-05-19 12:45:00;1377.19995;1379.69995;1368;1369;136682
2026-05-19 12:40:00;1380.30005;1382.88000;1372.88013;1376.76001;192582
2026-05-19 12:35:00;1368.21997;1381.97998;1321.21375;1379.74500;282470
2026-05-19 12:30:00;1358.26001;1371.79004;1358;1367.19995;295743
2026-05-19 12:25:00;1346.040039;1361.10999;1344.36475;1358.18005;291965
2026-05-19 12:20:00;1339.22498;1346.93994;1337.98999;1346;136922
2026-05-19 12:15:00;1334.68994;1344.13501;1333.60010;1339.22498;170530
2026-05-19 12:10:00;1328.020020;1334.22986;1325.020020;1334.13000;81976
2026-05-19 12:05:00;1335.5;1337.5;1327.94995;1328.56995;103619
2026-05-19 12:00:00;1327.32996;1338.39001;1327.32996;1335.53503;185674
2026-05-19 11:55:00;1328.81494;1328.81494;1322;1327.099976;66346
2026-05-19 11:50:00;1328.73987;1332.98999;1325;1328.81494;84025
2026-05-19 11:45:00;1327.24011;1332.22986;1324;1327.81006;125037
2026-05-19 11:40:00;1325;1329.98999;1320.89001;1327;139529
2026-05-19 11:35:00;1319;1326.77002;1314.00012207;1325;123314
2026-05-19 11:30:00;1308.060059;1322;1306.010010;1319.19995;112763
2026-05-19 11:25:00;1304;1311;1302.25;1308.040039;91294
2026-05-19 11:20:00;1313.375;1315.85999;1303.98181;1303.98181;95347
2026-05-19 11:15:00;1322.58997;1328;1312.025024;1312.18005;126549
2026-05-19 11:10:00;1315.47998;1322.56006;1315.47998;1322.030029;105495
2026-05-19 11:05:00;1322.93506;1323.81995;1310.73999;1315.96997;114171
2026-05-19 11:00:00;1312.71497;1326.25989;1310.62000;1322.44556;154752
2026-05-19 10:55:00;1305;1313.92896;1300.55005;1311.95996;84167
2026-05-19 10:50:00;1303.92505;1313.69995;1301.77051;1306.5;116567
2026-05-19 10:45:00;1306.5;1308.80005;1296.33997;1303.92505;123131
2026-05-19 10:40:00;1310;1315.46985;1303;1307;141297
2026-05-19 10:35:00;1297.14014;1310.86987;1296.90015;1309.99988;157502
2026-05-19 10:30:00;1300.92004;1309.57495;1296.38000;1297.060059;161773
2026-05-19 10:25:00;1299.34998;1308;1294.64001;1302.81995;172893
2026-05-19 10:20:00;1285.13000;1299.96497;1278.18005;1299.24512;244830
2026-05-19 10:15:00;1295.77002;1296.56995;1282.10999;1285.46497;265951
2026-05-19 10:10:00;1295.010010;1306.83997;1293.74011;1296.54504;197197
2026-05-19 10:05:00;1318.69995;1321.68994;1292.57996;1296.125;226126
2026-05-19 10:00:00;1329.51782;1334.54993;1311.34998;1320.025024;201088
2026-05-19 09:55:00;1336.36499;1339.90002;1322.010010;1329.5;172055
2026-05-19 09:50:00;1329.24500;1337.81995;1323.63000;1336.36499;156919
2026-05-19 09:45:00;1329.18994;1343;1324;1328.62158;220810
2026-05-19 09:40:00;1350;1351.0098877;1325.00012207;1330.59497;295601
2026-05-19 09:35:00;1325.53003;1355;1323.14221;1350.73999;512492
2026-05-19 09:30:00;1291.074951;1332;1287.70007;1324.28003;1142937
2026-05-18 15:55:00;1331.91;1335.48;1329.27;1333.47;32968
2026-05-18 15:50:00;1331.57;1339.74;1329;1331.91;17830
2026-05-18 15:45:00;1331.29;1337.3;1331;1331.48;18440
2026-05-18 15:40:00;1324;1331.01;1322.67;1330.3;11422
2026-05-18 15:35:00;1313.08;1325.67;1312.9;1323.85;10558
2026-05-18 15:30:00;1303.29;1314;1301.84;1312.95;5620
2026-05-18 15:25:00;1302;1304.75;1297.8;1304.135;5570
2026-05-18 15:20:00;1299.79;1304.54;1299.1;1301.66;3032
2026-05-18 15:15:00;1305.13;1307.77;1297.53;1300.82;7510
2026-05-18 15:10:00;1298.26;1308.33;1297.88;1304.4;6088
2026-05-18 15:05:00;1302.27;1305.52;1288.95;1297.63;7158
2026-05-18 15:00:00;1288.675;1310.95;1288.645;1301.145;16570
2026-05-18 14:55:00;1280.12;1289.6;1279.11;1289.08;7056
2026-05-18 14:50:00;1279.56;1283.3;1277.65;1280.26;5864
2026-05-18 14:45:00;1284.46;1286;1279.27;1279.32;5386
2026-05-18 14:40:00;1280.88;1285.09;1280.63;1284.58;4728
2026-05-18 14:35:00;1284.34;1285.9;1280;1282;4024
2026-05-18 14:30:00;1286.01;1288.63;1281.68;1284;4020
2026-05-18 14:25:00;1279.58;1287.1;1277.41;1286.71;6286
2026-05-18 14:20:00;1279.4;1283.56;1278;1281.22;9094
2026-05-18 14:15:00;1285.52;1285.71;1278.55;1280.42;7452
2026-05-18 14:10:00;1288.13;1288.71;1285;1287.35;5488
2026-05-18 14:05:00;1292;1294.245;1287.86;1289.075;6864
2026-05-18 14:00:00;1299.95;1301.18;1291;1291.82;4626
2026-05-18 13:55:00;1299.99;1301.48;1298.39;1300.385;3418
2026-05-18 13:50:00;1293.02;1300.18;1293.01;1299.74;5472
2026-05-18 13:45:00;1299.36;1300.01;1292.85;1293.65;4102
2026-05-18 13:40:00;1290.59;1300.605;1290.25;1299;2688
2026-05-18 13:35:00;1288.515;1291.59;1285.5;1289.99;3870
2026-05-18 13:30:00;1292.08;1294.22;1286.71;1288.7;3508
2026-05-18 13:25:00;1290.2;1293.31;1287.02;1293.015;3630
2026-05-18 13:20:00;1295.44;1296.46;1288;1290.32;6424
2026-05-18 13:15:00;1298.44;1299.28;1294.75;1295.9;4622
2026-05-18 13:10:00;1300.26;1303.915;1298;1298.45;3610
2026-05-18 13:05:00;1303.89;1306.15;1299.755;1300.25;2886
2026-05-18 13:00:00;1306.4;1306.93;1302.26;1304.6;3640
2026-05-18 12:55:00;1310.84;1312.04;1304.86;1305.06;4436
2026-05-18 12:50:00;1298;1311.43;1296.54;1310.34;8400
2026-05-18 12:45:00;1298.325;1299.17;1295.67;1296.85;2880
2026-05-18 12:40:00;1298.05;1300;1295;1299.19;3836
2026-05-18 12:35:00;1293.295;1304.45;1293.295;1297.45;7530
2026-05-18 12:30:00;1298.305;1299.88;1293.59;1295.06;5834
2026-05-18 12:25:00;1313.645;1314.02;1297.72;1297.94;10816
2026-05-18 12:20:00;1316.36;1320.74;1311.37;1313.14;10390
2026-05-18 12:15:00;1318.23;1318.715;1312.03;1317.15;4248
2026-05-18 12:10:00;1315.99;1321.11;1315;1319.11;4416
2026-05-18 12:05:00;1317.29;1318.2;1312.97;1316.25;5760
2026-05-18 12:00:00;1315.125;1317.13;1311.14;1317;6834
2026-05-18 11:55:00;1321.5;1322.54;1314.06;1314.06;6170
2026-05-18 11:50:00;1317.14;1322.365;1314.3;1321.4;6534
2026-05-18 11:45:00;1323.37;1323.67;1317.13;1317.13;7910
2026-05-18 11:40:00;1322.19;1324.975;1319.82;1321.74;4662
2026-05-18 11:35:00;1315.02;1327;1314.26;1321.315;6506
2026-05-18 11:30:00;1311.87;1316.35;1310.11;1313.83;6604
2026-05-18 11:25:00;1313.85;1322.53;1312.74;1312.74;11290
2026-05-18 11:20:00;1316.58;1320.18;1312.75;1315.43;8510
2026-05-18 11:15:00;1323.06;1324.84;1315.2;1316.08;6484
2026-05-18 11:10:00;1315.58;1327.33;1313;1326.25;6764
2026-05-18 11:05:00;1329.48;1331.42;1315;1316.68;5890
2026-05-18 11:00:00;1318;1330.19;1316.2;1330.19;12870
2026-05-18 10:55:00;1314.295;1321.51;1313.56;1317.63;24652
2026-05-18 10:50:00;1306.01;1322.01;1303.08;1313.57;16134
2026-05-18 10:45:00;1318.55;1318.55;1303.47;1305.81;15666
2026-05-18 10:40:00;1319.61;1327.1;1317.26;1321.96;10440
2026-05-18 10:35:00;1313.26;1330;1311.54;1319.04;21052
2026-05-18 10:30:00;1327.9;1334;1312.64;1313.59;13962
2026-05-18 10:25:00;1329.12;1334.8;1324.395;1327.89;10498
2026-05-18 10:20:00;1332.96;1337;1327;1328.76;11302
2026-05-18 10:15:00;1339.58;1342;1324.1;1331.9;12284
2026-05-18 10:10:00;1329.64;1339.01;1324.67;1339.01;12194
2026-05-18 10:05:00;1324.58;1334.41;1318.605;1331.66;16432
2026-05-18 10:00:00;1346.3;1346.3;1322.1;1325.13;18820
2026-05-18 09:55:00;1358.36;1359.05;1341.31;1346.49;13522
2026-05-18 09:50:00;1354.97;1372.01;1347.43;1358.01;15336
2026-05-18 09:45:00;1367.535;1375.38;1353.84;1355.39;31878
2026-05-18 09:40:00;1397.49;1398.07;1367;1368.28;18612
2026-05-18 09:35:00;1415.2;1415.825;1394.39;1400.26;27062
2026-05-18 09:30:00;1431.67;1438;1410.82;1414.41;19192
2026-05-15 15:55:00;1407.53003;1412.45996;1399.060059;1406.98999;355703
2026-05-15 15:50:00;1414.46997;1415.76001;1402.18994;1406.31995;226482
2026-05-15 15:45:00;1415.25;1416.42004;1408.92004;1415.70996;148082
2026-05-15 15:40:00;1416.45996;1420.58997;1413;1415;219901
2026-05-15 15:35:00;1412.10010;1417.97986;1408.59998;1416.45996;286666
2026-05-15 15:30:00;1404.48999;1414.79004;1403.22998;1411.51550;121664
2026-05-15 15:25:00;1402;1404.99988;1401.27002;1404.11499;66487
2026-05-15 15:20:00;1403.78503;1406.40576;1401.010010;1402;79733
2026-05-15 15:15:00;1405.99011;1407.34998;1400.010010;1402.82007;99879
2026-05-15 15:10:00;1407.45996;1408.76001;1404.70996;1406.67004;81083
2026-05-15 15:05:00;1412.17004;1413.16003;1407.00097656;1407.50012;94981
2026-05-15 15:00:00;1411.94995;1416.90002;1409.070068;1412.20996;118000
2026-05-15 14:55:00;1412.060059;1413;1405.070068;1411.29504;77864
2026-05-15 14:50:00;1405.33984;1412.94995;1404.81995;1412.20996;75431
2026-05-15 14:45:00;1408.33496;1408.78503;1403.21997;1405.089966;64564
2026-05-15 14:40:00;1406.41504;1408.65002;1399.66003;1408.65002;69372
2026-05-15 14:35:00;1401.59998;1407;1400;1406.41504;76344
2026-05-15 14:30:00;1405.058838;1405.13501;1398.28003;1401.75;92016
2026-05-15 14:25:00;1416.95496;1417.49988;1403.69995;1404.88501;93855
2026-05-15 14:20:00;1408.21509;1417.5;1408.21497;1417.43994;77792
2026-05-15 14:15:00;1414.68994;1416.51001;1407.5;1407.5;73540
2026-05-15 14:10:00;1416.39001;1417.96985;1413;1414.084961;64634
2026-05-15 14:05:00;1421.81262;1423.19995;1415.83997;1416.39001;107680
2026-05-15 14:00:00;1410.5;1422;1410.23499;1421.91003;130908
2026-05-15 13:55:00;1409.37012;1411.099976;1407.18994;1410.5;68156
2026-05-15 13:50:00;1403.98999;1411.98999;1401.80005;1409.32495;65665
2026-05-15 13:45:00;1407.88000;1408.95996;1401.94995;1403.027466;64005
2026-05-15 13:40:00;1411.99902;1413;1405.80005;1407.75;68152
2026-05-15 13:35:00;1401.45996;1412.75;1400.76001;1411.62000;130525
2026-05-15 13:30:00;1401.5;1403.81006;1398.76001;1401.5;52712
2026-05-15 13:25:00;1395.5;1401.89001;1395.5;1401.19995;67773
2026-05-15 13:20:00;1394.38000;1398.62000;1393.70984;1395.88000;51329
2026-05-15 13:15:00;1398.26355;1398.91003;1394.35999;1395.025024;45624
2026-05-15 13:10:00;1399.45996;1400.48987;1396.070068;1398.91003;38849
2026-05-15 13:05:00;1396.089966;1401.61987;1395.51001;1399.22998;57150
2026-05-15 13:00:00;1398.84985;1399.89001;1394.00012207;1396.34009;42792
2026-05-15 12:55:00;1395.65991;1401.099976;1394.020020;1398.83997;49782
2026-05-15 12:50:00;1400.5;1400.95996;1392.70996;1394.77002;88218
2026-05-15 12:45:00;1404.16003;1405.94995;1399;1400.13000;57003
2026-05-15 12:40:00;1400.29004;1404.59998;1397.23999;1404.16003;70239
2026-05-15 12:35:00;1402.72998;1403.31006;1397.73010;1399.76501;78588
2026-05-15 12:30:00;1396.89990;1404.88989;1395;1402.90503;107974
2026-05-15 12:25:00;1394;1397.65991;1392.77002;1396.32996;76986
2026-05-15 12:20:00;1391.40002;1395.74963;1390.79004;1393.58496;68318
2026-05-15 12:15:00;1391.21497;1393;1387;1391.45496;68265
2026-05-15 12:10:00;1394.12000;1394.64685;1387;1391.64001;103118
2026-05-15 12:05:00;1394.015015;1397.94995;1392.70996;1394.13501;64389
2026-05-15 12:00:00;1395.65002;1397;1390.46997;1394.11499;96151
2026-05-15 11:55:00;1394.51501;1402.99988;1390;1395.53503;123029
2026-05-15 11:50:00;1400.88501;1400.88501;1392.80640;1394.51501;152463
2026-05-15 11:45:00;1412.56995;1414.99988;1400.38013;1400.5;141879
2026-05-15 11:40:00;1419.13000;1426.37805;1409.75;1412.83997;286131
2026-05-15 11:35:00;1413.015137;1422.15002;1409.21997;1419.92004;216019
2026-05-15 11:30:00;1400.98999;1414.99988;1400.069946;1413.23999;199383
2026-05-15 11:25:00;1400.76001;1405;1395.57996;1400.56494;145608
2026-05-15 11:20:00;1394;1408;1392.16016;1400.76001;197298
2026-05-15 11:15:00;1389.87000;1397.43005;1387.66003;1393.5;104412
2026-05-15 11:10:00;1402.32532;1403.45996;1387.83008;1390.99988;113538
2026-05-15 11:05:00;1397.14014;1403.12000;1386.18005;1403.12000;123099
2026-05-15 11:00:00;1392.80994;1401;1386.17004;1398.26501;155233
2026-05-15 10:55:00;1394.73999;1402.73987;1391;1391.27014;210036
2026-05-15 10:50:00;1382.46997;1395;1376.26001;1394.99988;139110
2026-05-15 10:45:00;1390.84998;1391;1380.88428;1382.93994;132273
2026-05-15 10:40:00;1386.76990;1396.020020;1385.63501;1390.90503;127374
2026-05-15 10:35:00;1392;1392.86011;1385.0050049;1385.69995;113430
2026-05-15 10:30:00;1391.43005;1395.98987;1387.22998;1392.65002;155403
2026-05-15 10:25:00;1399.31995;1401.50989;1385.34998;1389.88000;170370
2026-05-15 10:20:00;1399.81995;1413.18005;1392.010010;1399.94995;363487
2026-05-15 10:15:00;1388.75745;1404.51001;1380.66003;1399.18994;385705
2026-05-15 10:10:00;1362.27002;1388.70996;1362.27002;1388.050049;229206
2026-05-15 10:05:00;1356.80005;1379;1349.88013;1363.18567;290099
2026-05-15 10:00:00;1353.37000;1367.81995;1348.90002;1356.46997;312594
2026-05-15 09:55:00;1394.37000;1400;1351.79053;1353.69495;498209
2026-05-15 09:50:00;1383.26501;1405;1371.060059;1393.84998;491690
2026-05-15 09:45:00;1371.77002;1385.80005;1362.25;1382.53003;371088
2026-05-15 09:40:00;1338.85999;1378;1337.020020;1371.81494;392086
2026-05-15 09:35:00;1358.97998;1364.96997;1338.55005;1338.91003;338901
2026-05-15 09:30:00;1321.51001;1358.99988;1315.75;1358.015015;1892904
2026-05-14 15:55:00;1384.57996;1384.68005;1375;1382.89001;393838
2026-05-14 15:50:00;1390.96997;1391.25;1380.23999;1384.56995;195306
2026-05-14 15:45:00;1394.58997;1395.81995;1390.12000;1390.96997;77437
2026-05-14 15:40:00;1393.77002;1397.99988;1392;1395.18994;111634
2026-05-14 15:35:00;1386.48999;1394.53992;1384.28003;1394.089966;106944
2026-05-14 15:30:00;1383.66003;1389.53003;1383;1386.17004;122451
2026-05-14 15:25:00;1392.21497;1393.80005;1383.56006;1384.81006;97819
2026-05-14 15:20:00;1388.44995;1392.75;1387.97998;1392.30505;85371
2026-05-14 15:15:00;1393.37097;1394.93005;1386;1388.010010;111472
2026-05-14 15:10:00;1393.010010;1396.0047607;1390.56995;1392.95496;65122
2026-05-14 15:05:00;1396.60999;1398.55005;1392.22998;1393.99988;80922
2026-05-14 15:00:00;1402.47998;1406.43005;1396.76001;1397.39001;81772
2026-05-14 14:55:00;1408.25;1409.25;1401.72998;1402.020020;119718
2026-05-14 14:50:00;1406.43005;1413;1405.76001;1408.96497;93009
2026-05-14 14:45:00;1405.040039;1406.42004;1400.099976;1405.76001;54369
2026-05-14 14:40:00;1405.19995;1408;1404.5;1405.040039;30043
2026-05-14 14:35:00;1407;1408.57996;1404.84998;1406;28314
2026-05-14 14:30:00;1404.64502;1408.93994;1404.29004;1406.55005;47124
2026-05-14 14:25:00;1401.66003;1406.5;1400.71997;1404.71509;49206
2026-05-14 14:20:00;1406.51001;1407.99988;1400.72009;1402.050049;47949
2026-05-14 14:15:00;1406.96997;1411.46985;1405.42505;1406.51501;74101
2026-05-14 14:10:00;1399.98999;1407.13989;1398.52356;1405.73999;72826
2026-05-14 14:05:00;1395.5;1401;1395.5;1400;52033
2026-05-14 14:00:00;1401.040039;1401.5;1393.95996;1395.40503;66408
2026-05-14 13:55:00;1406.58997;1407;1399.59998;1400.31006;65328
2026-05-14 13:50:00;1405.20996;1407.71997;1400.89709;1406.33997;66402
2026-05-14 13:45:00;1401;1406.47998;1400.83997;1405.010010;68031
2026-05-14 13:40:00;1394.41003;1401.34998;1393.71973;1400;64716
2026-05-14 13:35:00;1394;1396.96997;1392.50012;1393.85498;66773
2026-05-14 13:30:00;1394.68994;1401.23999;1393.55505;1396.99988;75948
2026-05-14 13:25:00;1393.85999;1396;1388.19995;1395.31995;51361
2026-05-14 13:20:00;1389.33997;1397.66003;1389.33997;1393.97998;73116
2026-05-14 13:15:00;1397.27002;1400.14001;1388;1389.81006;136226
2026-05-14 13:10:00;1398.73999;1403.88196;1395;1397.089966;78977
2026-05-14 13:05:00;1407.73999;1407.73999;1398;1399.10498;66635
2026-05-14 13:00:00;1408.87988;1411.58997;1405;1406.50757;35899
2026-05-14 12:55:00;1412.82996;1412.98999;1406.18994;1407.90369;51266
2026-05-14 12:50:00;1410.22998;1414;1409.050049;1412.5;104675
2026-05-14 12:45:00;1401.82996;1410.76001;1400.00012207;1410.22998;89198
2026-05-14 12:40:00;1400;1405;1400;1402.5;49083
2026-05-14 12:35:00;1401.69995;1404.41992;1399.75;1400.30005;74368
2026-05-14 12:30:00;1405.010010;1409;1400.42004;1402.34998;88026
2026-05-14 12:25:00;1400.68994;1406.59998;1398.77148;1404.78015;109345
2026-05-14 12:20:00;1395.68005;1401.49988;1395.25;1401;58284
2026-05-14 12:15:00;1395.38501;1401.5;1394.43005;1395.68994;67937
2026-05-14 12:10:00;1395.25500;1398.32996;1394.23999;1395.40002;51121
2026-05-14 12:05:00;1401.59998;1401.98999;1393.099976;1395.25500;71262
2026-05-14 12:00:00;1395;1403.68994;1392.63000;1401.80005;112898
2026-05-14 11:55:00;1398.61987;1398.61987;1393.53003;1394.25;71905
2026-05-14 11:50:00;1391.67004;1399.5;1389.80005;1398;86679
2026-05-14 11:45:00;1387.96997;1392;1383.41003;1392;136452
2026-05-14 11:40:00;1388.18005;1393;1386.19995;1387.96997;155625
2026-05-14 11:35:00;1394.63013;1398;1388.77002;1388.77002;100745
2026-05-14 11:30:00;1400.45996;1403.82996;1391.28015;1394.63501;173138
2026-05-14 11:25:00;1398.375;1403.90002;1396.37000;1400.45996;103022
2026-05-14 11:20:00;1402.52502;1403;1393.16003;1397.76001;104955
2026-05-14 11:15:00;1397.19495;1403.83997;1396.020020;1402.52502;109173
2026-05-14 11:10:00;1396.90002;1398.60254;1393;1396.53003;98719
2026-05-14 11:05:00;1388.63501;1398;1388.63501;1397.59998;104128
2026-05-14 11:00:00;1384.25500;1392.51001;1382.32007;1388.63501;118440
2026-05-14 10:55:00;1386.45996;1391.29004;1382.29004;1384.375;173131
2026-05-14 10:50:00;1398.51001;1403.56995;1383.35999;1385.90503;251200
2026-05-14 10:45:00;1392.5;1401.25;1390;1398.60498;164327
2026-05-14 10:40:00;1402;1402;1390.52014;1392.18347;178556
2026-05-14 10:35:00;1404.53699;1407;1394.94995;1402.5;139417
2026-05-14 10:30:00;1406.875;1409;1399.030029;1404.17505;122646
2026-05-14 10:25:00;1408.35999;1408.95996;1402.010132;1406.069946;133933
2026-05-14 10:20:00;1418.33496;1422.81006;1406.23999;1407.68506;145694
2026-05-14 10:15:00;1413;1420;1405.59009;1418.88904;162377
2026-05-14 10:10:00;1400.82495;1416.81995;1399.34998;1413.020020;202211
2026-05-14 10:05:00;1403.53503;1410;1399.68518;1400.82495;150247
2026-05-14 10:00:00;1406.85999;1420.5;1398;1403.53503;254499
2026-05-14 09:55:00;1412.83997;1414.18335;1401;1408;249689
2026-05-14 09:50:00;1430.97998;1431.84998;1410.47998;1413.40002;343515
2026-05-14 09:45:00;1434.27502;1453.77002;1430;1430.62000;347760
2026-05-14 09:40:00;1414.099976;1444.43994;1412.50012;1433.55005;430634
2026-05-14 09:35:00;1393.11499;1418.019897;1389.00012207;1414.66895;405095
2026-05-14 09:30:00;1394.40002;1399.67505;1362;1393.46997;1284617
2026-05-13 15:55:00;1439.88000;1447.14001;1436.91003;1447.050049;315199
2026-05-13 15:50:00;1453.5;1453.5;1438.80005;1439.39502;223026
2026-05-13 15:45:00;1452.24500;1455.49988;1450.68005;1454.22498;95060
2026-05-13 15:40:00;1450.20996;1453;1449.80005;1452.24500;67106
2026-05-13 15:35:00;1445.51013;1452.5;1445.5;1450.5;84193
2026-05-13 15:30:00;1444.040039;1446.98987;1443.010132;1445.32996;38937
2026-05-13 15:25:00;1445.77002;1449;1443.45996;1444.18506;55803
2026-05-13 15:20:00;1444.72998;1448.98999;1440.069946;1446.15002;72446
2026-05-13 15:15:00;1445.54492;1445.875;1436.90002;1444.15002;102190
2026-05-13 15:10:00;1446.29004;1448.83997;1444.060059;1445.87000;50053
2026-05-13 15:05:00;1447.67004;1449.90002;1441.10010;1446.46997;64694
2026-05-13 15:00:00;1442.5;1449.15002;1442.35999;1447.75989;46944
2026-05-13 14:55:00;1446.59497;1447.31006;1441.010010;1443.099976;54144
2026-05-13 14:50:00;1447.50500;1449.37000;1444.79004;1446.56995;44993
2026-05-13 14:45:00;1448.51001;1449.25513;1442.089966;1448.50989;62505
2026-05-13 14:40:00;1450.80005;1452.31006;1448.030151;1448.72498;48645
2026-05-13 14:35:00;1450.81006;1451.80005;1446.55005;1450.30005;50383
2026-05-13 14:30:00;1454.94995;1456.68005;1448.64001;1451.39502;67814
2026-05-13 14:25:00;1450.84985;1457.99988;1449.93506;1454.64001;80068
2026-05-13 14:20:00;1452;1453.069946;1445.26013;1450.62000;62472
2026-05-13 14:15:00;1446.85999;1452.43506;1446.65076;1451.73999;65260
2026-05-13 14:10:00;1443.79004;1447.96997;1443.79004;1446.39001;42321
2026-05-13 14:05:00;1444.21997;1447.55005;1441.59998;1443.11499;40574
2026-05-13 14:00:00;1441.38000;1446.069946;1440.81006;1445.45996;54485
2026-05-13 13:55:00;1449.93005;1450.58997;1441.57007;1442.28503;60540
2026-05-13 13:50:00;1443.20996;1452.82996;1442.17004;1449.91003;77418
2026-05-13 13:45:00;1444.89001;1449.63989;1442.91003;1443.14001;66734
2026-05-13 13:40:00;1448.55005;1449.38501;1444.75195;1444.82996;57551
2026-05-13 13:35:00;1450.61011;1456;1447.53003;1448.38000;60779
2026-05-13 13:30:00;1455.92004;1457.90002;1448.81006;1451.43506;233635
2026-05-13 13:25:00;1452.74512;1460.68994;1452.30005;1455.91504;68093
2026-05-13 13:20:00;1455.77502;1458.59998;1452.49011;1452.74500;88630
2026-05-13 13:15:00;1461.12000;1462.49988;1453.17004;1455.77502;109630
2026-05-13 13:10:00;1454.030029;1463;1454.030029;1461.5;163449
2026-05-13 13:05:00;1451.93506;1454.030029;1448.56995;1453.5;91919
2026-05-13 13:00:00;1444.28003;1453.60999;1444;1451.93506;84119
2026-05-13 12:55:00;1450.88989;1452.97998;1443.42004;1444.29004;100835
2026-05-13 12:50:00;1446.12000;1455.78003;1445.020020;1450.44495;114526
2026-05-13 12:45:00;1447.68994;1448.36987;1443.63000;1446.12000;64475
2026-05-13 12:40:00;1441.35010;1449.96997;1441.35010;1447.10498;87485
2026-05-13 12:35:00;1443.5;1445.88000;1441.54004;1441.54004;60010
2026-05-13 12:30:00;1440.5;1445.99988;1436.15002;1443.45996;93921
2026-05-13 12:25:00;1437.34998;1440.99988;1433.43103;1440.12000;77925
2026-05-13 12:20:00;1435.00012207;1439.27002;1435;1437.35010;59529
2026-05-13 12:15:00;1434;1437.30005;1429.44995;1435.83997;51462
2026-05-13 12:10:00;1434.95996;1438.099976;1432.45996;1434.63989;71561
2026-05-13 12:05:00;1432.73999;1435.47998;1427.73999;1435.46387;65284
2026-05-13 12:00:00;1421.66003;1433.44995;1419.30005;1432.89001;80206
2026-05-13 11:55:00;1424.68005;1426.18005;1415.80005;1421.75;90521
2026-05-13 11:50:00;1428.73499;1428.73499;1423.81006;1424.98010;61781
2026-05-13 11:45:00;1433.67004;1434.99988;1426.88013;1428.41003;65135
2026-05-13 11:40:00;1426.30005;1437.75989;1426.30005;1433.5;88762
2026-05-13 11:35:00;1427.10498;1433.98999;1425.62012;1426.050049;92729
2026-05-13 11:30:00;1425.35999;1428.96997;1419.13000;1426.77734;100608
2026-05-13 11:25:00;1428.96997;1430.010010;1417.21997;1425.36499;134962
2026-05-13 11:20:00;1439.29004;1440.13000;1428;1429.010010;109898
2026-05-13 11:15:00;1442.57495;1445.88000;1437.00012207;1439.65002;58692
2026-05-13 11:10:00;1447.18005;1447.97986;1438.36011;1442.46997;83133
2026-05-13 11:05:00;1454.88000;1454.88000;1442.00012207;1447.020020;107671
2026-05-13 11:00:00;1455.16504;1458;1448.37000;1455.21497;112053
2026-05-13 10:55:00;1450.86914;1460;1449.31006;1455.16504;170654
2026-05-13 10:50:00;1438.19336;1454;1436.20996;1450.39001;127420
2026-05-13 10:45:00;1439.020020;1442.90002;1433.95007;1437.59998;122713
2026-05-13 10:40:00;1447.18994;1450.41003;1437.18774;1438.27002;106009
2026-05-13 10:35:00;1454.94995;1457;1440.19995;1447.19995;146229
2026-05-13 10:30:00;1437.70496;1455.33997;1436.68445;1455.00012207;171979
2026-05-13 10:25:00;1440.92273;1446;1436.00012207;1439.69995;149768
2026-05-13 10:20:00;1425.99988;1444;1425;1441.41504;191436
2026-05-13 10:15:00;1417.99500;1429.89990;1412.68005;1425.5;162767
2026-05-13 10:10:00;1419.16003;1426.089966;1405;1417.99500;269192
2026-05-13 10:05:00;1425.50012;1427.98987;1405;1420;321522
2026-05-13 10:00:00;1443.025024;1444.31006;1425;1427.26501;179687
2026-05-13 09:55:00;1459.33997;1466.98999;1435.65015;1443;229991
2026-05-13 09:50:00;1442.68701;1460;1429;1459.56006;262386
2026-05-13 09:45:00;1448;1451.62000;1422.25;1442.86499;363405
2026-05-13 09:40:00;1455.34998;1466;1445;1446.37012;299867
2026-05-13 09:35:00;1474.88525;1474.89001;1438.64014;1454.57996;403058
2026-05-13 09:30:00;1509.54504;1513.56995;1469;1474.17004;1819968
2026-05-12 15:55:00;1462.81006;1462.84998;1449;1452.030029;423537
2026-05-12 15:50:00;1455.92505;1463.62109;1445;1461.94995;270647
2026-05-12 15:45:00;1451.084717;1459;1448.18994;1455.92505;224755
2026-05-12 15:40:00;1443.23010;1456;1441;1452.32996;251752
2026-05-12 15:35:00;1435.83997;1443.87000;1432.19995;1443.41003;198453
2026-05-12 15:30:00;1412.35999;1437.59900;1412.35999;1435.81995;242436
2026-05-12 15:25:00;1415.069946;1417.67004;1411.77002;1412.33496;72578
2026-05-12 15:20:00;1418.84998;1420.29993;1411.22998;1415.069946;80849
2026-05-12 15:15:00;1413.29004;1421.30005;1413.29004;1418.84985;97130
2026-05-12 15:10:00;1402.40503;1417.5;1402.27405;1413.29004;117866
2026-05-12 15:05:00;1404.28003;1408.26001;1399.020142;1403.060059;71345
2026-05-12 15:00:00;1397.40002;1405;1396.77954;1404.42004;70158
2026-05-12 14:55:00;1406.25;1413.10999;1395.57996;1397.15002;130677
2026-05-12 14:50:00;1406.069946;1411.59985;1403.56995;1406.65503;62351
2026-05-12 14:45:00;1411.099976;1411.099976;1402.25012;1406.95496;114031
2026-05-12 14:40:00;1416.0050049;1419;1410.76001;1411.069946;61108
2026-05-12 14:35:00;1416.94995;1420.5;1414.00012207;1416.0050049;69100
2026-05-12 14:30:00;1417.010010;1422.59998;1412.73999;1418.069946;107911
2026-05-12 14:25:00;1410.040039;1424.83984;1410.040039;1417.17004;135534
2026-05-12 14:20:00;1413.42004;1415.23999;1409.31006;1410.040039;66893
2026-05-12 14:15:00;1418.73865;1419.77002;1409.12000;1413.44495;109391
2026-05-12 14:10:00;1410.59998;1418.98999;1409;1418.51001;78599
2026-05-12 14:05:00;1415.089966;1420.60986;1410;1410.35999;102142
2026-05-12 14:00:00;1408.80005;1421;1406.20996;1415;163776
2026-05-12 13:55:00;1407.23999;1412.5;1402.34998;1409.93250;98352
2026-05-12 13:50:00;1404.98547;1407.27002;1398.18005;1407.27002;66134
2026-05-12 13:45:00;1400.14001;1404.98987;1397.5;1404.98547;50468
2026-05-12 13:40:00;1403.95496;1403.95496;1397.69995;1400;68318
2026-05-12 13:35:00;1410.73755;1411.21997;1399.72009;1404.39001;118469
2026-05-12 13:30:00;1405.29004;1414;1404.21008;1411;166264
2026-05-12 13:25:00;1407.13855;1407.57996;1396.014648;1405;123114
2026-05-12 13:20:00;1403.26941;1410.030029;1401.5;1406.53015;142512
2026-05-12 13:15:00;1401.5;1410.030029;1400;1403.56006;193329
2026-05-12 13:10:00;1388.099976;1401.76001;1387.125;1401.65552;153074
2026-05-12 13:05:00;1383.48999;1397.75;1382.27002;1387.75;212084
2026-05-12 13:00:00;1375.70996;1383;1372.30005;1383;138625
2026-05-12 12:55:00;1371.12000;1378.98999;1368.33997;1375.26501;139156
2026-05-12 12:50:00;1375.69995;1380.94995;1367;1371.12012;162316
2026-05-12 12:45:00;1373.35999;1376.19995;1369.070068;1375.51001;150025
2026-05-12 12:40:00;1380.20996;1380.98767;1368;1373.80005;249593
2026-05-12 12:35:00;1383.32495;1392;1377.87048;1380.060059;210875
2026-05-12 12:30:00;1395.60999;1398.31995;1380.12012;1382.66003;271824
2026-05-12 12:25:00;1399.48999;1399.99988;1392.5;1395.60999;165707
2026-05-12 12:20:00;1403;1406.46997;1397.75012;1399.48999;171617
2026-05-12 12:15:00;1416.48999;1416.99988;1403;1403;125798
2026-05-12 12:10:00;1403.079956;1418.28003;1401.16003;1416.47864;140288
2026-05-12 12:05:00;1404.64001;1411;1401.27002;1403.51001;132549
2026-05-12 12:00:00;1400.81494;1412;1398;1404.28503;167272
2026-05-12 11:55:00;1401.0050049;1403.53003;1396.14001;1401.060059;281283
2026-05-12 11:50:00;1414.16003;1414.76501;1401;1401.010010;150484
2026-05-12 11:45:00;1419.33496;1421.76990;1412.81995;1414.84497;104042
2026-05-12 11:40:00;1423.76001;1424.54004;1413.10999;1419.33496;139133
2026-05-12 11:35:00;1420.73865;1427.40002;1418.37000;1423.76001;178213
2026-05-12 11:30:00;1403.099976;1422.42175;1403.099976;1421.094971;180508
2026-05-12 11:25:00;1404.24500;1412.98999;1402.27002;1402.79504;194334
2026-05-12 11:20:00;1415.51001;1417.71997;1402.43005;1404.23999;197948
2026-05-12 11:15:00;1414.59497;1415.64001;1405;1414.99500;310547
2026-05-12 11:10:00;1426.85999;1427.050049;1413.81995;1414.51001;169699
2026-05-12 11:05:00;1424.72998;1430;1421.19006;1425.80005;123694
2026-05-12 11:00:00;1430.79004;1434.58984;1422.12000;1425.21985;135255
2026-05-12 10:55:00;1443.35999;1446;1427.18994;1431.41992;187234
2026-05-12 10:50:00;1421.63000;1444.99988;1419;1443.53003;271622
2026-05-12 10:45:00;1430.90002;1434.97998;1421.46997;1422.094971;226302
2026-05-12 10:40:00;1436.18994;1441.18005;1430.89197;1431.55505;308388
2026-05-12 10:35:00;1418.66003;1438.80005;1416.080078;1436.51782;368650
2026-05-12 10:30:00;1430.20496;1431.48987;1411.020020;1418.51001;453794
2026-05-12 10:25:00;1444.076050;1448.060059;1426.22998;1430.31995;379788
2026-05-12 10:20:00;1459.089844;1460.12000;1444;1444.68506;239059
2026-05-12 10:15:00;1461.33997;1463.71997;1448.70996;1459;324524
2026-05-12 10:10:00;1465.39307;1468.87988;1455.62024;1461.98999;187697
2026-05-12 10:05:00;1455.60999;1467.79004;1455;1465.28003;205966
2026-05-12 10:00:00;1461.29004;1472.76221;1454.010010;1457.125;338365
2026-05-12 09:55:00;1486.53003;1486.53003;1455;1460.85999;345504
2026-05-12 09:50:00;1494.31006;1495.19250;1480.67004;1484.38135;182369
2026-05-12 09:45:00;1499.45996;1508.31995;1488.010132;1495.28003;322564
2026-05-12 09:40:00;1496.5;1501.51001;1483.00012207;1500.85986;319740
2026-05-12 09:35:00;1476.15503;1499.30005;1475;1497;451889
2026-05-12 09:30:00;1492;1492.125;1457.5;1476.30005;1393300
2026-05-11 15:55:00;1545.15503;1548.089966;1541.56995;1547.82996;280705
2026-05-11 15:50:00;1550.56006;1552.61987;1542.57983;1545.96997;166931
2026-05-11 15:45:00;1550.41016;1554.88000;1548.56995;1551.51001;120988
2026-05-11 15:40:00;1545.99988;1557.38989;1542;1550.75;149703
2026-05-11 15:35:00;1541.34253;1546.31995;1538.33997;1544.60999;170461
2026-05-11 15:30:00;1546.35999;1553;1540.90002;1541.12000;152526
2026-05-11 15:25:00;1559.29004;1560.98999;1544;1548.079956;186444
2026-05-11 15:20:00;1573;1575;1557.59375;1558.25500;149668
2026-05-11 15:15:00;1572.43994;1574.80005;1566.68994;1573.81995;117743
2026-05-11 15:10:00;1578.15002;1579.87000;1570;1571.70996;88010
2026-05-11 15:05:00;1570.38000;1580.51001;1568.65002;1578.15002;113283
2026-05-11 15:00:00;1566.68005;1573.24988;1565.51868;1570.069946;110981
2026-05-11 14:55:00;1580.48999;1584.48999;1564;1566.43994;184678
2026-05-11 14:50:00;1577.060059;1580.96997;1575.00012207;1580.18994;108970
2026-05-11 14:45:00;1581.49500;1581.96997;1575;1577;89914
2026-05-11 14:40:00;1578.010010;1582.97998;1574.80005;1581.50500;148813
2026-05-11 14:35:00;1571.020020;1583.48987;1570.82996;1578.90002;240369
2026-05-11 14:30:00;1565.51001;1572;1564.00012207;1571.020020;160899
2026-05-11 14:25:00;1558.37000;1567.12000;1557.30005;1566.26001;117244
2026-05-11 14:20:00;1556.82153;1558.64526;1551;1557.63000;92397
2026-05-11 14:15:00;1559.14990;1559.77991;1555.40002;1557.5;69522
2026-05-11 14:10:00;1563.5;1563.76990;1557.18994;1558.96509;63257
2026-05-11 14:05:00;1562.094971;1563.5;1558.00012207;1563.5;68429
2026-05-11 14:00:00;1561.73999;1563.99988;1556.69995;1561.94995;77068
2026-05-11 13:55:00;1563.28992;1563.28992;1558;1561.24500;81974
2026-05-11 13:50:00;1563.75;1566.5;1562.17004;1562.64502;55723
2026-05-11 13:45:00;1560;1566.83997;1557.00012207;1563.75;78141
2026-05-11 13:40:00;1565.69995;1566.98999;1559.82495;1561.010010;75314
2026-05-11 13:35:00;1563.15002;1568.51001;1562.29004;1565.97498;72170
2026-05-11 13:30:00;1568.81995;1574;1561.27014;1563.82996;114425
2026-05-11 13:25:00;1566.43506;1570;1565.44995;1568.82007;105712
2026-05-11 13:20:00;1561.99500;1568.84998;1561.21497;1566.33704;105297
2026-05-11 13:15:00;1564.51001;1565.89001;1559;1561.70996;94590
2026-05-11 13:10:00;1566.94995;1566.94995;1560.88000;1564.51001;105454
2026-05-11 13:05:00;1566.89001;1567.90002;1561.31006;1566.57996;90378
2026-05-11 13:00:00;1562.99500;1568.84998;1562.00012207;1565.98999;88842
2026-05-11 12:55:00;1561.81006;1565.89001;1560.51001;1562.99500;110454
2026-05-11 12:50:00;1560.70996;1565;1559.63000;1561.5;73417
2026-05-11 12:45:00;1561.85999;1565;1559.010010;1560.040039;79785
2026-05-11 12:40:00;1562.54004;1563.43994;1549.31006;1562.65002;107938
2026-05-11 12:35:00;1571.26001;1573.99988;1560;1561.70996;123493
2026-05-11 12:30:00;1569.37000;1575.80005;1566.53003;1571.55005;104586
2026-05-11 12:25:00;1567.125;1572.75;1567.125;1569.37988;90886
2026-05-11 12:20:00;1564.73999;1568.75;1561;1568;90333
2026-05-11 12:15:00;1572.81494;1573.53003;1560.5;1564.24500;114880
2026-05-11 12:10:00;1579;1579.94995;1566.12000;1572.51001;117478
2026-05-11 12:05:00;1579.53003;1581;1572.12000;1579.56006;130125
2026-05-11 12:00:00;1574.20996;1581.069946;1571.27002;1579.34985;225836
2026-05-11 11:55:00;1567.92505;1574.90002;1564;1574.20996;574426
2026-05-11 11:50:00;1561.23303;1568.59998;1553.13989;1567.95996;133198
2026-05-11 11:45:00;1552.5;1563.26001;1552;1561;99802
2026-05-11 11:40:00;1556.125;1562.22986;1550;1552.75500;156378
2026-05-11 11:35:00;1552.90002;1559.43005;1548.88000;1556.125;121234
2026-05-11 11:30:00;1538.40002;1552.90002;1537.53003;1551.77002;124290
2026-05-11 11:25:00;1547.35999;1548.57996;1537;1539.19995;146196
2026-05-11 11:20:00;1541.099976;1548.58997;1539.70996;1547.97498;119587
2026-05-11 11:15:00;1546;1549.84998;1538.70996;1541.26001;121467
2026-05-11 11:10:00;1552.31494;1557;1544.93994;1546.28003;124363
2026-05-11 11:05:00;1556;1557.37000;1546.85010;1552.31494;123851
2026-05-11 11:00:00;1543.19995;1558.81995;1537.00012207;1556.062012;177021
2026-05-11 10:55:00;1546.16003;1546.95996;1539;1542.66003;96623
2026-05-11 10:50:00;1547.46997;1550.5;1534.58997;1545.079956;140549
2026-05-11 10:45:00;1547.98999;1554.99695;1540.5;1547.46997;169305
2026-05-11 10:40:00;1541.084961;1556;1536.010010;1547.80005;201332
2026-05-11 10:35:00;1536.42004;1546.31995;1531.40002;1540.84705;219090
2026-05-11 10:30:00;1516;1538.75;1514.46997;1536.375;314195
2026-05-11 10:25:00;1548.79004;1549.14990;1514.84998;1515.80005;426887
2026-05-11 10:20:00;1558;1560;1542.68005;1548.25;176886
2026-05-11 10:15:00;1561.55005;1564.16992;1551.68994;1556.077026;180287
2026-05-11 10:10:00;1566.55005;1570.71997;1554.00012207;1562.12000;197668
2026-05-11 10:05:00;1551.80005;1578;1551.70996;1566.26501;307035
2026-05-11 10:00:00;1542.32996;1565.68994;1542.32996;1551.060059;279735
2026-05-11 09:55:00;1546.43994;1554.43994;1539.59644;1542.92004;244488
2026-05-11 09:50:00;1541.45996;1549.64990;1531.13013;1546.30005;445025
2026-05-11 09:45:00;1558.87000;1561.93994;1536;1542.030029;446920
2026-05-11 09:40:00;1545.91504;1562.87000;1536;1557.43506;556851
2026-05-11 09:35:00;1587.046753;1589.98999;1531.81006;1544.62427;726723
2026-05-11 09:30:00;1586.25;1600;1571;1587.16003;2362556
2026-05-08 15:55:00;1557.63501;1564;1555.67004;1562.33997;547833
2026-05-08 15:50:00;1554;1559.65002;1551;1557.91003;312627
2026-05-08 15:45:00;1551.27002;1559.93445;1548.51001;1554.18994;315253
2026-05-08 15:40:00;1549.26001;1554.72998;1546.25;1550.94495;259490
2026-05-08 15:35:00;1537.48511;1552.92993;1535.90002;1549.5;321119
2026-05-08 15:30:00;1532.43005;1538.79968;1528.89001;1537.48511;202357
2026-05-08 15:25:00;1536.96497;1538.78992;1531.084961;1532.20007;221631
2026-05-08 15:20:00;1542.95996;1544.95996;1536.29004;1536.96497;357106
2026-05-08 15:15:00;1535.050049;1543.79004;1533.20996;1542.47998;192239
2026-05-08 15:10:00;1537.00012207;1541.37000;1535.020874;1535.55005;181648
2026-05-08 15:05:00;1531.074951;1540;1530.079956;1537.48999;216651
2026-05-08 15:00:00;1521.85999;1535.89990;1521.19995;1531.079956;246674
2026-05-08 14:55:00;1531.93005;1532.78003;1521.83997;1522.52502;219586
2026-05-08 14:50:00;1524.89001;1535.48999;1523.48999;1532.71423;283956
2026-05-08 14:45:00;1521.20996;1524.89001;1519.38000;1524.89001;147407
2026-05-08 14:40:00;1513.93994;1523.060059;1511.15002;1521.77002;202700
2026-05-08 14:35:00;1509.82996;1515.58997;1509.35999;1514.18994;109643
2026-05-08 14:30:00;1512.75500;1513.24988;1508;1510.33496;81620
2026-05-08 14:25:00;1515.59998;1516.78992;1510.80005;1512.89600;124847
2026-05-08 14:20:00;1507.88000;1516.010010;1507.78503;1515.60498;142157
2026-05-08 14:15:00;1511.14001;1511.88904;1505.24011;1507.36499;93337
2026-05-08 14:10:00;1503.26501;1512.54004;1503.26001;1511.094971;111035
2026-05-08 14:05:00;1500.5;1505;1499;1503.020142;71393
2026-05-08 14:00:00;1499.31995;1502.55005;1496.43994;1501;75040
2026-05-08 13:55:00;1501.45435;1504.96997;1497;1499.54004;103399
2026-05-08 13:50:00;1499;1502.41003;1496.11316;1501.13000;109846
2026-05-08 13:45:00;1510.48499;1511.59985;1498.20996;1499.00024414;125513
2026-05-08 13:40:00;1511.28503;1511.97986;1506.020020;1510.17554;87964
2026-05-08 13:35:00;1507.79004;1514.5;1507.020020;1511.96997;100337
2026-05-08 13:30:00;1509.63501;1512.20996;1505.20996;1508.35986;111080
2026-05-08 13:25:00;1509.43506;1514.72986;1504.90002;1509.020142;159930
2026-05-08 13:20:00;1500.85999;1510.97986;1497.31006;1509.5;121139
2026-05-08 13:15:00;1504.15564;1504.87988;1498.010010;1500.32996;120353
2026-05-08 13:10:00;1503.66003;1507.21985;1501.35999;1504.48999;135972
2026-05-08 13:05:00;1490.5;1504.33997;1487;1503.30005;179218
2026-05-08 13:00:00;1485.96997;1497.31995;1485.45496;1490.5;137257
2026-05-08 12:55:00;1489.98999;1499.98999;1485.40002;1485.97998;191759
2026-05-08 12:50:00;1497.62000;1498.75;1487.31006;1489.5;193977
2026-05-08 12:45:00;1494.60010;1507.67004;1493.010132;1496.95508;248606
2026-05-08 12:40:00;1519.34998;1519.94995;1494.59998;1495.060059;287522
2026-05-08 12:35:00;1522.98987;1523.93005;1514;1519.060059;186612
2026-05-08 12:30:00;1521.85999;1528.52002;1519.00012207;1521.63794;266518
2026-05-08 12:25:00;1517.59497;1522.5;1516.28003;1521.63000;193006
2026-05-08 12:20:00;1510.35498;1522.029907;1509.82996;1517.17004;218928
2026-05-08 12:15:00;1508.63000;1512.60999;1508.23010;1510.72083;111177
2026-05-08 12:10:00;1504.59497;1511.81995;1500.93005;1508.54004;164870
2026-05-08 12:05:00;1509.81995;1511.94995;1502.60999;1503.98999;180529
2026-05-08 12:00:00;1506.089966;1516.82996;1505.76001;1510.75;240613
2026-05-08 11:55:00;1507.43005;1518.25;1505.18005;1506;360023
2026-05-08 11:50:00;1495;1509.5;1493.089966;1507.42004;322601
2026-05-08 11:45:00;1490.47998;1496.93005;1488.081421;1495.079956;128865
2026-05-08 11:40:00;1491.65002;1493.26001;1485.88000;1490.25;108217
2026-05-08 11:35:00;1491.81006;1495.97986;1487;1491.73999;157475
2026-05-08 11:30:00;1493.49988;1494;1487;1490.83997;146915
2026-05-08 11:25:00;1490;1498.80005;1489.27002;1492.70996;215849
2026-05-08 11:20:00;1482.10498;1495.81995;1481.55005;1490;288840
2026-05-08 11:15:00;1483.53003;1485.050049;1473.010010;1482.10498;179276
2026-05-08 11:10:00;1478.22998;1487.70996;1477.48218;1483.5;187110
2026-05-08 11:05:00;1477.93506;1483.87000;1475.35999;1478.68994;136515
2026-05-08 11:00:00;1479.050049;1484.94995;1474;1477.85498;196919
2026-05-08 10:55:00;1466.79004;1481.089966;1465.45557;1479.23999;248302
2026-05-08 10:50:00;1468.030029;1471;1462.5;1466.39001;134379
2026-05-08 10:45:00;1466.63000;1472.97998;1462.20996;1468.46997;176034
2026-05-08 10:40:00;1469.68005;1471;1463.18005;1467.79504;193656
2026-05-08 10:35:00;1480.40686;1481.93994;1466.12000;1469.83997;237245
2026-05-08 10:30:00;1468.92102;1481.81995;1463.91003;1481.16003;334174
2026-05-08 10:25:00;1458.72986;1476.58997;1457.64001;1470.14502;411878
2026-05-08 10:20:00;1452.52014;1463;1452;1458.5;295832
2026-05-08 10:15:00;1447.70996;1457.77002;1441.93005;1453.44592;228722
2026-05-08 10:10:00;1455.80005;1456.19995;1443.20996;1448.37000;240695
2026-05-08 10:05:00;1455;1460;1443.93445;1455;323228
2026-05-08 10:00:00;1451.90503;1466.77002;1450;1455.54004;471208
2026-05-08 09:55:00;1438;1452.44995;1432.60010;1452.37000;355971
2026-05-08 09:50:00;1432.90002;1443;1423;1438.21997;403535
2026-05-08 09:45:00;1419.030029;1438.67993;1419.030029;1432.89990;407353
2026-05-08 09:40:00;1419.35498;1429.63000;1411;1421.83362;379330
2026-05-08 09:35:00;1402.074951;1425.51001;1401.96997;1418.91504;635238
2026-05-08 09:30:00;1394.37000;1416.44995;1391.12000;1402.14502;2021602
2026-05-07 15:55:00;1323.55005;1341.67004;1323.5;1339.98999;492870
2026-05-07 15:50:00;1322.32996;1323.49866;1316;1322.96997;183966
2026-05-07 15:45:00;1322.75;1326.41003;1319.57996;1321.78003;189455
2026-05-07 15:40:00;1317.69995;1323;1317.18005;1322.68005;212575
2026-05-07 15:35:00;1303.88000;1317.99988;1303.88000;1317.48999;204870
2026-05-07 15:30:00;1296.54504;1305.21997;1296.020020;1304;119481
2026-05-07 15:25:00;1300.33997;1300.79004;1295;1296.54504;124941
2026-05-07 15:20:00;1305.5;1305.75;1299.21008;1300.33496;114981
2026-05-07 15:15:00;1306.73999;1311.18994;1303.26001;1305.75;103415
2026-05-07 15:10:00;1301.89001;1309.97986;1300.50012;1306.099976;106851
2026-05-07 15:05:00;1304.94995;1306.38501;1300.24500;1301.75;96351
2026-05-07 15:00:00;1299.68994;1305.5;1299.5;1304.62000;91789
2026-05-07 14:55:00;1297.78015;1307.31995;1295.069946;1298.78003;158699
2026-05-07 14:50:00;1297.41504;1302;1292.57385;1298.97510;158237
2026-05-07 14:45:00;1305.82996;1305.99988;1297.68994;1297.78003;153935
2026-05-07 14:40:00;1305.060059;1310.46997;1303.51001;1305.82996;123249
2026-05-07 14:35:00;1301.97998;1307.66003;1299.010010;1305.93506;116983
2026-05-07 14:30:00;1301.55005;1308.80005;1300.41003;1301.92505;199587
2026-05-07 14:25:00;1304.70996;1304.70996;1296.19995;1301.55005;296699
2026-05-07 14:20:00;1316.98499;1317.80005;1304.020020;1304.63000;198005
2026-05-07 14:15:00;1313.64929;1320.93994;1313.41003;1316.98499;114319
2026-05-07 14:10:00;1317.80005;1320.80994;1310.40002;1314.40100;98444
2026-05-07 14:05:00;1324.44495;1326.44250;1316.77600;1317.42505;70804
2026-05-07 14:00:00;1322.61902;1328.80994;1321.079956;1324.44495;87228
2026-05-07 13:55:00;1319.57996;1325.22998;1317.57996;1322.60498;90161
2026-05-07 13:50:00;1325.0050049;1325.97998;1316.010010;1319.18994;84116
2026-05-07 13:45:00;1326.99988;1327.59985;1323.5;1325.99988;59125
2026-05-07 13:40:00;1328.75;1332;1322.93005;1325.53015;95263
2026-05-07 13:35:00;1323.64001;1331.58997;1321.80005;1329.25;98124
2026-05-07 13:30:00;1315.67505;1324.37000;1313.96045;1323.65002;95279
2026-05-07 13:25:00;1326.15002;1327.94995;1312;1315.52502;151763
2026-05-07 13:20:00;1319.63501;1331;1317.17004;1325;183200
2026-05-07 13:15:00;1325.31335;1326.35999;1318.35999;1319.63501;116342
2026-05-07 13:10:00;1335.14001;1335.5;1325;1326.42505;76164
2026-05-07 13:05:00;1333.57495;1339;1333.079956;1335.5;79442
2026-05-07 13:00:00;1329.65002;1335.77002;1329.010132;1333.45996;55454
2026-05-07 12:55:00;1335.030029;1336.79004;1327.60498;1328.80005;105982
2026-05-07 12:50:00;1328.98987;1336.87988;1327.0063477;1334.93994;115674
2026-05-07 12:45:00;1329.97986;1329.97986;1324.14014;1328.68994;68683
2026-05-07 12:40:00;1316.97998;1329.42505;1316.15015;1329.42004;130632
2026-05-07 12:35:00;1326.98999;1327;1315.39001;1316.88000;111929
2026-05-07 12:30:00;1320.67004;1332.78003;1318.040039;1326.75745;147344
2026-05-07 12:25:00;1325.48999;1326.49988;1320;1320.67004;143310
2026-05-07 12:20:00;1318.015015;1326;1313.030151;1325.77002;202146
2026-05-07 12:15:00;1321.11499;1322.70996;1308.18994;1318.025024;293766
2026-05-07 12:10:00;1331;1335;1320.25;1321.47998;238192
2026-05-07 12:05:00;1332.27502;1332.99988;1319;1331;376515
2026-05-07 12:00:00;1334.16003;1338.63000;1328.59998;1332.27502;251949
2026-05-07 11:55:00;1341.29004;1342.33203;1332.090088;1334.0050049;162286
2026-05-07 11:50:00;1345.13684;1345.94995;1337.84998;1340.5;163605
2026-05-07 11:45:00;1352.34998;1352.81995;1341.28003;1345.010010;148896
2026-05-07 11:40:00;1352.67004;1353.97986;1348.92004;1351.95496;78572
2026-05-07 11:35:00;1355.94995;1358.19995;1348;1352.85999;138417
2026-05-07 11:30:00;1358.74500;1361.88000;1354.5;1355.94995;97492
2026-05-07 11:25:00;1356.17004;1359.48999;1350.13000;1358.19995;109077
2026-05-07 11:20:00;1352.20996;1357.90002;1349;1356.17004;70835
2026-05-07 11:15:00;1349.089966;1355.87000;1348.66003;1351.40503;96794
2026-05-07 11:10:00;1352.83984;1352.83997;1343;1349.98999;190717
2026-05-07 11:05:00;1348.92004;1355.71997;1346.5;1352.47998;135712
2026-05-07 11:00:00;1356.099976;1356.73999;1346.53003;1349;206728
2026-05-07 10:55:00;1362.93994;1366;1355.76001;1356.28003;125512
2026-05-07 10:50:00;1358.33496;1363.25;1354.75;1362.63000;156333
2026-05-07 10:45:00;1370.24463;1372.81006;1357.69995;1358.32996;166562
2026-05-07 10:40:00;1377.5;1379.010010;1367;1369.78247;128979
2026-05-07 10:35:00;1373.18005;1379;1369.41003;1377;146946
2026-05-07 10:30:00;1378.57996;1385.72998;1371.67004;1373.65515;135371
2026-05-07 10:25:00;1379.31006;1391.71997;1378;1378.15747;185622
2026-05-07 10:20:00;1379.31995;1400.98999;1376.010132;1380.056519;399202
2026-05-07 10:15:00;1361.90002;1391.97498;1361.30505;1378.70496;445109
2026-05-07 10:10:00;1365.020020;1370.14001;1358.10010;1361.96997;221493
2026-05-07 10:05:00;1346.86011;1368.28003;1343.80005;1365.43005;242303
2026-05-07 10:00:00;1354.12000;1357.010010;1343.22998;1347.69995;198868
2026-05-07 09:55:00;1358.25500;1370;1350.030029;1353.58044;284567
2026-05-07 09:50:00;1348.54504;1360.27002;1343.30005;1359.18506;336625
2026-05-07 09:45:00;1344.020020;1350;1327.23999;1350;483390
2026-05-07 09:40:00;1374.58655;1375.37000;1340.76013;1345.063232;456292
2026-05-07 09:35:00;1387.95996;1389.98999;1370.010010;1375;279146
2026-05-07 09:30:00;1379.90002;1397.020020;1354.41003;1387.099976;1422517
2026-05-06 15:55:00;1404.26990;1410;1402.90002;1409.93994;564602
2026-05-06 15:50:00;1404.17004;1406.27002;1398.16101;1403.58496;139835
2026-05-06 15:45:00;1405.79004;1408;1404.00012207;1404.58496;103658
2026-05-06 15:40:00;1403.44995;1408.75;1402.14001;1405.81726;107247
2026-05-06 15:35:00;1398.10999;1404.73987;1396.98999;1403.30005;110743
2026-05-06 15:30:00;1406.65002;1407.63757;1397.030029;1398.63000;114163
2026-05-06 15:25:00;1401.5;1409.98999;1401.39001;1406.77002;147014
2026-05-06 15:20:00;1399.26001;1402.55994;1396.67004;1402.15002;80130
2026-05-06 15:15:00;1400.63000;1403;1398;1400;88085
2026-05-06 15:10:00;1393.70996;1400.97998;1392.28003;1400.73987;125588
2026-05-06 15:05:00;1392.59009;1394.48999;1386.29004;1393.79504;80383
2026-05-06 15:00:00;1395.61597;1396;1390.40002;1392;65481
2026-05-06 14:55:00;1388.58997;1396;1387.40271;1395.89001;85478
2026-05-06 14:50:00;1383.30005;1389.91003;1382.70996;1388.85999;59802
2026-05-06 14:45:00;1383.00012207;1385.020020;1382;1383.31006;49991
2026-05-06 14:40:00;1384.44824;1386;1380.79004;1384.040039;52759
2026-05-06 14:35:00;1385.43994;1389.62988;1382.68994;1384.25;123304
2026-05-06 14:30:00;1374.064819;1385.46997;1372.35010;1385.23499;101910
2026-05-06 14:25:00;1372.44995;1376;1365;1373.48999;137478
2026-05-06 14:20:00;1375.21997;1376.050049;1371.30005;1372.44995;111570
2026-05-06 14:15:00;1376.83997;1383;1374;1375.58997;92624
2026-05-06 14:10:00;1383;1384.99988;1373.45996;1376.5;77521
2026-05-06 14:05:00;1376.069946;1384.98999;1375.88013;1382.55005;74533
2026-05-06 14:00:00;1375.67004;1378.88000;1372;1375.76001;71016
2026-05-06 13:55:00;1375.77002;1378.54004;1370;1375.96997;92937
2026-05-06 13:50:00;1380.20496;1382;1374;1374.50012;96884
2026-05-06 13:45:00;1395.96399;1398.76001;1378.31006;1379.10010;136506
2026-05-06 13:40:00;1392.48999;1398.99988;1389.069946;1396.48499;105534
2026-05-06 13:35:00;1380.069946;1393.30505;1380;1390.50122;113223
2026-05-06 13:30:00;1382.5;1383.99988;1379.11011;1380.069946;60616
2026-05-06 13:25:00;1380.66333;1383.15991;1379.77002;1382.77002;253329
2026-05-06 13:20:00;1383.12048;1387;1380.73999;1380.88000;73309
2026-05-06 13:15:00;1380.27002;1385;1378;1382.53003;154408
2026-05-06 13:10:00;1373.93030;1382.33118;1373.93030;1379.92505;74588
2026-05-06 13:05:00;1377.42505;1378;1372.28015;1373.89526;75936
2026-05-06 13:00:00;1373.85999;1380.35999;1371;1377.87000;110998
2026-05-06 12:55:00;1372.57996;1375.34998;1370.10999;1374.58496;102808
2026-05-06 12:50:00;1376.64001;1380;1370.31995;1373.39502;91509
2026-05-06 12:45:00;1382.34253;1385.86987;1374;1376.010010;118290
2026-05-06 12:40:00;1386;1388.27002;1382.00012207;1382.68164;87630
2026-05-06 12:35:00;1384.21997;1388.26990;1379.079956;1385.5;88963
2026-05-06 12:30:00;1376.44995;1388.75;1375;1383.58105;130192
2026-05-06 12:25:00;1376;1381.99988;1374.59998;1376.11755;137332
2026-05-06 12:20:00;1370.084961;1378.99988;1367.099976;1376.78003;163487
2026-05-06 12:15:00;1395.93994;1395.93994;1368;1370.084961;425221
2026-05-06 12:10:00;1401.064941;1405.92859;1395.12000;1396.42505;139677
2026-05-06 12:05:00;1399.050049;1401.99988;1397;1401.064941;82409
2026-05-06 12:00:00;1393;1404.47998;1392.10010;1399.020020;98831
2026-05-06 11:55:00;1401.089966;1402.49988;1392;1394.010010;126505
2026-05-06 11:50:00;1396.82996;1402.99988;1390.74011;1400.96997;179279
2026-05-06 11:45:00;1405.39001;1408.75;1395;1396.41504;160041
2026-05-06 11:40:00;1412.010010;1414.75;1398.88000;1407.015015;199734
2026-05-06 11:35:00;1407.5;1414.48987;1404.19995;1413.41003;191664
2026-05-06 11:30:00;1425.28003;1427.28003;1406.23999;1407.5;325626
2026-05-06 11:25:00;1427.5;1432.19995;1425.10999;1425.51001;180458
2026-05-06 11:20:00;1436.33997;1438.75989;1425.010132;1427.030029;222789
2026-05-06 11:15:00;1425.69995;1438.76001;1423.44092;1436.20996;271145
2026-05-06 11:10:00;1422.30005;1436.50989;1421.58008;1425.69995;393533
2026-05-06 11:05:00;1418.72998;1426;1411.30005;1422.29004;384245
2026-05-06 11:00:00;1399.90002;1419.46997;1396.010132;1418.56995;303997
2026-05-06 10:55:00;1402.69995;1407.93005;1393;1400;250731
2026-05-06 10:50:00;1398.010010;1411.97998;1390.68994;1402.82996;355725
2026-05-06 10:45:00;1380;1399;1379.64001;1398.78003;421487
2026-05-06 10:40:00;1377.60999;1384.18005;1374.24011;1379.55005;355162
2026-05-06 10:35:00;1365.48999;1379.71997;1352.92004;1377.010498;371141
2026-05-06 10:30:00;1343.25793;1366;1334.67004;1365;308729
2026-05-06 10:25:00;1343.89001;1359.42004;1340.15015;1344.53003;550931
2026-05-06 10:20:00;1351;1361.95496;1337.56006;1344.84998;676595
2026-05-06 10:15:00;1360.41504;1366.25;1345.59998;1352.31006;587687
2026-05-06 10:10:00;1386.030029;1387.96997;1355.59998;1360.32996;383831
2026-05-06 10:05:00;1358.38000;1392.49988;1354.46509;1386.020142;704995
2026-05-06 10:00:00;1385.98999;1387.88989;1358.18005;1359.050049;692305
2026-05-06 09:55:00;1402.53406;1409.74988;1385;1385;348691
2026-05-06 09:50:00;1403.99500;1407;1381.20996;1404.39990;600828
2026-05-06 09:45:00;1415.98999;1420;1395;1403.00012207;417636
2026-05-06 09:40:00;1397.14600;1420;1393.00012207;1415.89001;542884
2026-05-06 09:35:00;1430.040039;1432.050049;1379;1396.57996;868766
2026-05-06 09:30:00;1437.14001;1439.69995;1410.88000;1430.050049;2724438
2026-05-05 15:55:00;1396;1407.52502;1395.32996;1406;485701
2026-05-05 15:50:00;1392.19995;1396.099854;1389.20007;1394.87000;258478
2026-05-05 15:45:00;1390.66003;1393;1388.79004;1392.17004;156037
2026-05-05 15:40:00;1395.93994;1396;1388.84998;1391.64001;186817
2026-05-05 15:35:00;1396;1396;1392.48999;1395.050049;105414
2026-05-05 15:30:00;1393.43005;1396;1390.58997;1396;131815
2026-05-05 15:25:00;1397.71497;1398.63989;1392.57996;1394.090210;133284
2026-05-05 15:20:00;1401.68994;1404;1394.5;1397.71497;156733
2026-05-05 15:15:00;1403.069946;1405.83984;1399;1401.68994;144821
2026-05-05 15:10:00;1411.31494;1413;1400.31006;1403.64001;145865
2026-05-05 15:05:00;1413.10938;1413.10986;1407.65002;1410.81006;82776
2026-05-05 15:00:00;1412;1413;1410.050049;1412.60498;104183
2026-05-05 14:55:00;1408.59497;1414.97998;1405.52014;1412.46509;138002
2026-05-05 14:50:00;1412.30750;1413.94995;1406.22009;1408.59497;118269
2026-05-05 14:45:00;1410.35999;1412.60999;1407.16003;1412;73646
2026-05-05 14:40:00;1408;1411;1406.010010;1410.63245;68774
2026-05-05 14:35:00;1408.89990;1411.38000;1406.5;1407.57996;165785
2026-05-05 14:30:00;1411.23999;1413.41003;1404.089966;1408.90002;118319
2026-05-05 14:25:00;1408.90503;1413;1408.44995;1412.90002;64199
2026-05-05 14:20:00;1411.32996;1412.020020;1407.040039;1408.90503;67433
2026-05-05 14:15:00;1408.95996;1413;1407.47498;1411.96997;99374
2026-05-05 14:10:00;1410.62000;1411.99988;1405.49500;1408.94507;132904
2026-05-05 14:05:00;1412.74500;1418.5;1410.30005;1410.62000;427778
2026-05-05 14:00:00;1414.68005;1415.81995;1407.31006;1413.19995;139849
2026-05-05 13:55:00;1412.0063477;1418.11987;1411.30005;1414.72998;164550
2026-05-05 13:50:00;1412.57983;1412.75;1407.30200;1412.29504;105320
2026-05-05 13:45:00;1408.43005;1416.97998;1407.31006;1412.98999;133266
2026-05-05 13:40:00;1412.35498;1413.80005;1408.20007;1408.20007;112080
2026-05-05 13:35:00;1408.5;1413.69995;1407.30005;1412.15002;161313
2026-05-05 13:30:00;1412.95496;1413.70496;1408;1409.49512;93934
2026-05-05 13:25:00;1411.89001;1418.88000;1410.30005;1413.35999;138972
2026-05-05 13:20:00;1414.99988;1414.99988;1409.28015;1410.80005;128023
2026-05-05 13:15:00;1407.98975;1416.38867;1407.63013;1413.75;229893
2026-05-05 13:10:00;1407.32495;1408.24988;1403;1407.78003;103940
2026-05-05 13:05:00;1406.69495;1408.86853;1403.51001;1407.26001;136493
2026-05-05 13:00:00;1400.40002;1407.46985;1398.51001;1406.14014;123509
2026-05-05 12:55:00;1396.83655;1403.91992;1396.5;1400.92004;158271
2026-05-05 12:50:00;1397.49500;1399.30005;1393.00012207;1397.64001;138769
2026-05-05 12:45:00;1386.25;1398.18005;1386;1397.49500;204875
2026-05-05 12:40:00;1376.96997;1387;1374.15015;1386.5;192979
2026-05-05 12:35:00;1382.94995;1392.79004;1375.31006;1376.57068;222804
2026-05-05 12:30:00;1385.90002;1388.24988;1373.39001;1382.89001;215780
2026-05-05 12:25:00;1396.49500;1398.98987;1373;1386.58997;353508
2026-05-05 12:20:00;1400;1404.055420;1396.72998;1397.18994;158458
2026-05-05 12:15:00;1414.15747;1414.34985;1400;1400;246579
2026-05-05 12:10:00;1408.53003;1415.74988;1404.84998;1414.17505;291001
2026-05-05 12:05:00;1398.71497;1409.48743;1395.30005;1408.53503;342432
2026-05-05 12:00:00;1386.40002;1399;1382.36011;1398.82996;205465
2026-05-05 11:55:00;1386.79993;1392;1384.17004;1386.5;234413
2026-05-05 11:50:00;1382.93994;1387.91003;1381.00097656;1386.25;152408
2026-05-05 11:45:00;1377.55005;1383.5;1376.040039;1382.62805;169711
2026-05-05 11:40:00;1368.040039;1378.5;1366.80005;1377.38000;101945
2026-05-05 11:35:00;1374.59998;1377.80005;1366.19995;1368.5;147106
2026-05-05 11:30:00;1374.59998;1375.80005;1369.66003;1374.48999;110074
2026-05-05 11:25:00;1379.95496;1380.59985;1374.020020;1374.030029;139467
2026-05-05 11:20:00;1372.68994;1381.41992;1370.32996;1380;219255
2026-05-05 11:15:00;1370.56006;1373;1368;1372.34998;159685
2026-05-05 11:10:00;1363.41003;1370.94995;1361.60999;1370.43994;147829
2026-05-05 11:05:00;1369.77002;1372;1361.63000;1363.055054;153296
2026-05-05 11:00:00;1364.020020;1368.59998;1362;1368.59998;184534
2026-05-05 10:55:00;1377.00012207;1378.11499;1364;1364;215247
2026-05-05 10:50:00;1367.93994;1378.28003;1366;1377.40002;188617
2026-05-05 10:45:00;1367.15503;1373.93994;1364.59998;1368.55505;195634
2026-05-05 10:40:00;1369;1372.48999;1364.63000;1366.47998;279687
2026-05-05 10:35:00;1378.22998;1379;1368.12012;1369.35339;298057
2026-05-05 10:30:00;1387.5;1393.38867;1377.35693;1378.22998;339116
2026-05-05 10:25:00;1384.83496;1397.43994;1384.52014;1387.5;524413
2026-05-05 10:20:00;1370.010010;1385.71985;1365.19995;1384.65002;442608
2026-05-05 10:15:00;1361.63000;1378;1356;1371;486173
2026-05-05 10:10:00;1366.15002;1368.12000;1358.69006;1361.97998;308874
2026-05-05 10:05:00;1364.010132;1368.39001;1352;1366;413702
2026-05-05 10:00:00;1358.80505;1373;1354.50024;1364.68445;619894
2026-05-05 09:55:00;1337.59998;1359.55005;1335.79004;1358.62195;509584
2026-05-05 09:50:00;1329.45996;1342.66003;1325.88000;1336.20996;450620
2026-05-05 09:45:00;1335.84998;1338.48999;1326.66003;1330;374122
2026-05-05 09:40:00;1338.32300;1340.66992;1326.60999;1335.98999;509940
2026-05-05 09:35:00;1313.48010;1340.72144;1313.47998;1338.14001;874121
2026-05-05 09:30:00;1289;1316;1286.13013;1314.47998;1726485
2026-05-04 15:55:00;1259.12000;1259.25;1246.84998;1256.020020;533756
2026-05-04 15:50:00;1259.99500;1263.73999;1256.71997;1259.5;218278
2026-05-04 15:45:00;1263.069946;1263.069946;1256.18994;1259.79907;150836
2026-05-04 15:40:00;1261.68005;1264;1258.87012;1263.55664;154167
2026-05-04 15:35:00;1266.5;1267;1260.66003;1262.14001;149582
2026-05-04 15:30:00;1265;1267.56995;1263;1266.63000;172739
2026-05-04 15:25:00;1259;1266;1259;1265.41003;151955
2026-05-04 15:20:00;1260.80005;1262.51001;1254.29004;1259.16003;140795
2026-05-04 15:15:00;1262.42004;1266.5;1260.050049;1260.56006;165719
2026-05-04 15:10:00;1263;1267.87000;1261.099976;1262.56494;221314
2026-05-04 15:05:00;1258.45996;1265;1257.81006;1262.39001;214958
2026-05-04 15:00:00;1254.0050049;1258.45996;1251.46997;1258.13501;166474
2026-05-04 14:55:00;1248.39502;1254.11987;1248.010010;1253.73999;128395
2026-05-04 14:50:00;1244.27502;1249.95996;1242.15002;1248.39502;82640
2026-05-04 14:45:00;1241.53003;1244.98999;1238.47998;1244.19495;89763
2026-05-04 14:40:00;1248.75;1249.99988;1240.18005;1241.50012;105838
2026-05-04 14:35:00;1245.88000;1250.88000;1245.070068;1248.00097656;146764
2026-05-04 14:30:00;1241.069946;1246.37598;1239.91003;1246.21497;130856
2026-05-04 14:25:00;1238.81006;1241.88000;1235.97998;1241.069946;81428
2026-05-04 14:20:00;1233.77002;1239.5;1232.21997;1239.49988;69476
2026-05-04 14:15:00;1231.37000;1234.79993;1230.58997;1233.62878;56506
2026-05-04 14:10:00;1224.875;1233.99988;1224.43994;1231.82996;115680
2026-05-04 14:05:00;1237.43506;1239.13000;1224.25;1224.875;246514
2026-05-04 14:00:00;1237.59009;1240.91003;1236.39490;1236.90002;72096
2026-05-04 13:55:00;1235.45239;1238.77002;1234.5;1238.77002;86947
2026-05-04 13:50:00;1234.54504;1237.97986;1233.67004;1235.75;63690
2026-05-04 13:45:00;1235.88000;1239.57129;1233.030029;1234.12012;99507
2026-05-04 13:40:00;1236.63000;1236.97998;1234;1235.23999;40758
2026-05-04 13:35:00;1235.21997;1237.034058;1232.34998;1237.034058;85704
2026-05-04 13:30:00;1238.32861;1239.31995;1234.47998;1235.045044;78449
2026-05-04 13:25:00;1238.28003;1241.67993;1237.5;1238;68306
2026-05-04 13:20:00;1238.48499;1240.20996;1237.21008;1237.93384;62408
2026-05-04 13:15:00;1242.23999;1244;1238;1238.80005;85908
2026-05-04 13:10:00;1244.44995;1245.42004;1240.050049;1242.26990;67162
2026-05-04 13:05:00;1246.13000;1248.88000;1243.37000;1244.45996;89161
2026-05-04 13:00:00;1240.51001;1247.25;1240.00012207;1246.060059;109935
2026-05-04 12:55:00;1238.76001;1242.87000;1238.43005;1240.45996;176610
2026-05-04 12:50:00;1241.30005;1241.5;1235.69006;1238.38000;59738
2026-05-04 12:45:00;1236.80005;1241.34998;1236.23096;1241.30005;72535
2026-05-04 12:40:00;1233.89001;1238.78760;1232.00012207;1236.80005;66545
2026-05-04 12:35:00;1237.60498;1238;1231.00012207;1233.98999;237102
2026-05-04 12:30:00;1237.53003;1240.099976;1236;1237.33997;63120
2026-05-04 12:25:00;1241.010010;1242.64990;1236.86023;1237.82996;75976
2026-05-04 12:20:00;1235.70898;1241.25;1233.52002;1241.25;110799
2026-05-04 12:15:00;1237.10999;1237.31006;1225.88000;1234.57996;271454
2026-05-04 12:10:00;1239.020020;1242.15991;1235;1237.53003;125572
2026-05-04 12:05:00;1246.5;1246.98999;1237.5;1239.31006;123639
2026-05-04 12:00:00;1248.70996;1250.66992;1244.040039;1246.58997;67571
2026-05-04 11:55:00;1255.010010;1257.19995;1248;1248.19995;105498
2026-05-04 11:50:00;1248.094971;1256;1244;1254.58997;139104
2026-05-04 11:45:00;1250.13000;1252.060059;1245.68994;1248.44031;135952
2026-05-04 11:40:00;1241.18286;1250.75;1237.13013;1250.12012;140649
2026-05-04 11:35:00;1245.47498;1246.5;1238.57996;1240.75012;128216
2026-05-04 11:30:00;1242;1246.98999;1236;1245.079224;143790
2026-05-04 11:25:00;1232.53003;1245.77991;1232.47998;1242.95996;165360
2026-05-04 11:20:00;1243.14502;1243.43005;1232;1233.22998;244935
2026-05-04 11:15:00;1250.49500;1252.97998;1242.47998;1243.14502;120016
2026-05-04 11:10:00;1255.57996;1257.77991;1248.00024414;1250.90002;154730
2026-05-04 11:05:00;1251.60498;1258.75;1249.67004;1255.57996;192155
2026-05-04 11:00:00;1248.23999;1252.76001;1242.040039;1251.60010;167167
2026-05-04 10:55:00;1246.625;1254.29004;1245.56006;1248.47998;170077
2026-05-04 10:50:00;1249;1250.22998;1240.45996;1246.625;147389
2026-05-04 10:45:00;1250.22498;1255;1246;1248.44873;239515
2026-05-04 10:40:00;1237.66504;1251.72998;1237.34009;1250.22498;264606
2026-05-04 10:35:00;1231.68994;1241.66125;1225.88000;1237.66504;405226
2026-05-04 10:30:00;1240.43506;1244.19995;1230.30005;1231.48999;360087
2026-05-04 10:25:00;1247.42004;1254.79004;1239.68994;1240.089966;323039
2026-05-04 10:20:00;1256.95996;1258.59985;1247.15247;1247.17004;291637
2026-05-04 10:15:00;1262;1268.59985;1254.42004;1257.045044;318298
2026-05-04 10:10:00;1264.15503;1272.43994;1262;1262;269621
2026-05-04 10:05:00;1266.15503;1275.079956;1263.55847;1264.66003;499537
2026-05-04 10:00:00;1259.32996;1268.78003;1256.030151;1266.85999;378186
2026-05-04 09:55:00;1251.58997;1260.33997;1246.46997;1259.99988;326379
2026-05-04 09:50:00;1245.85999;1257.96997;1236.69995;1251.18005;442458
2026-05-04 09:45:00;1252.22998;1254.48987;1236.88000;1245.30005;511775
2026-05-04 09:40:00;1237.85498;1257;1233.48010;1252.58997;761687
2026-05-04 09:35:00;1215.36499;1238;1205;1237.27002;651108
2026-05-04 09:30:00;1222.18005;1238.80005;1210.55005;1215.040039;2448031
2026-05-01 15:55:00;1174.73999;1189.23999;1174.56921;1188.16003;825123
2026-05-01 15:50:00;1167.81006;1176.75;1167.81006;1174.55005;515955
2026-05-01 15:45:00;1161.38000;1169.48987;1158.20007;1167.90503;410115
2026-05-01 15:40:00;1149.90503;1161.87000;1149.43005;1161.38000;308059
2026-05-01 15:35:00;1152.44995;1153.97998;1146.46375;1150;194969
2026-05-01 15:30:00;1153.75;1155.98267;1147.13000;1152.020020;206421
2026-05-01 15:25:00;1149.45996;1156.97998;1149.10010;1153.22009;334744
2026-05-01 15:20:00;1148.63501;1150;1143.23010;1149.099976;206311
2026-05-01 15:15:00;1150.34998;1155.25;1145.84998;1148.65503;335164
2026-05-01 15:10:00;1143.73499;1153.97998;1143.72498;1150.25;348878
2026-05-01 15:05:00;1144.38000;1145.5;1140;1143.73499;140132
2026-05-01 15:00:00;1146.55005;1146.94995;1139.33997;1143.99988;184668
2026-05-01 14:55:00;1137.21997;1147;1136.64014;1146.77002;237055
2026-05-01 14:50:00;1129.56995;1138.16003;1129.14001;1137.22998;172633
2026-05-01 14:45:00;1137.080444;1137.37000;1121.87012;1129.020020;277589
2026-05-01 14:40:00;1138.71997;1142.5;1135.45007;1137.0050049;193420
2026-05-01 14:35:00;1140.099976;1142.97986;1136.98010;1139;164337
2026-05-01 14:30:00;1131.46497;1142.87988;1130.64001;1140;289870
2026-05-01 14:25:00;1132.91504;1137.44995;1130.89001;1131.46497;256279
2026-05-01 14:20:00;1123.89001;1133.32996;1123.26062;1133;245333
2026-05-01 14:15:00;1114.57996;1124.80005;1114.51501;1123.47998;224620
2026-05-01 14:10:00;1115.52502;1118.38000;1113;1114.58496;103398
2026-05-01 14:05:00;1108.31995;1117.98999;1107.80005;1115.64465;139395
2026-05-01 14:00:00;1108.73999;1113.62000;1107.5;1107.80005;118813
2026-05-01 13:55:00;1106.27002;1110;1106.22998;1109.61963;71755
2026-05-01 13:50:00;1107.074951;1110;1105.72009;1107.60986;311478
2026-05-01 13:45:00;1103.75;1107.93994;1102.69995;1107.074951;89525
2026-05-01 13:40:00;1099.93506;1103.59998;1099.49011;1103.59998;41614
2026-05-01 13:35:00;1100.76990;1101.50989;1098;1099.5;48320
2026-05-01 13:30:00;1097.90002;1101.49988;1095.30005;1100.14001;66146
2026-05-01 13:25:00;1098.90515;1099.89001;1096;1098.22498;71853
2026-05-01 13:20:00;1099.67004;1100.66003;1096.16052;1099;66858
2026-05-01 13:15:00;1095.31995;1102;1094.45996;1099.57996;97796
2026-05-01 13:10:00;1099.5;1100;1094.14001;1095.18005;114700
2026-05-01 13:05:00;1101.32495;1102.040039;1098.040039;1099.27502;93837
2026-05-01 13:00:00;1102.43005;1104.50989;1099.89502;1101.31995;128072
2026-05-01 12:55:00;1106;1108.87000;1101.66003;1102.079956;73626
2026-05-01 12:50:00;1107.48499;1108.81995;1104.31995;1106;63772
2026-05-01 12:45:00;1099.34497;1108.79993;1098.62000;1107.97998;105348
2026-05-01 12:40:00;1103.20996;1103.20996;1098;1099.34497;126948
2026-05-01 12:35:00;1105.26501;1107.18994;1102.42505;1102.90002;69751
2026-05-01 12:30:00;1098.44238;1106.59998;1097.92871;1105.36011;87905
2026-05-01 12:25:00;1100.83997;1101.90991;1097.58008;1098.30005;57972
2026-05-01 12:20:00;1098.68994;1101.31006;1094.52002;1100.63000;124862
2026-05-01 12:15:00;1101.64502;1106;1098.48999;1099.98987;98771
2026-05-01 12:10:00;1106.91003;1114.050049;1101.16003;1101.35010;220500
2026-05-01 12:05:00;1101.98999;1108.98999;1100.82007;1106.90002;132305
2026-05-01 12:00:00;1098.59998;1105.25;1098.33997;1102;116114
2026-05-01 11:55:00;1098.62000;1102;1097.090454;1099.030029;140849
2026-05-01 11:50:00;1091.68005;1099.39990;1086.50903;1099.010010;133491
2026-05-01 11:45:00;1088.46594;1093.97998;1085.060059;1092.30505;117366
2026-05-01 11:40:00;1098.080078;1099.15002;1086.11011;1089.5;176698
2026-05-01 11:35:00;1102.73999;1107;1097.00012207;1098.079956;126825
2026-05-01 11:30:00;1098.26001;1104.36646;1094.39001;1103.37000;144198
2026-05-01 11:25:00;1099;1107.89001;1097.75;1098.29004;193392
2026-05-01 11:20:00;1105.37000;1108.68994;1094.00012207;1098.98987;264386
2026-05-01 11:15:00;1092.82495;1105.72998;1091;1105.37000;276853
2026-05-01 11:10:00;1088;1098.42004;1085;1092.82495;208090
2026-05-01 11:05:00;1088.96997;1094.89001;1083.32996;1088.49500;223251
2026-05-01 11:00:00;1077.98999;1089.46985;1076.21997;1088.035034;240449
2026-05-01 10:55:00;1085.58997;1093.68994;1076;1078;262458
2026-05-01 10:50:00;1092.52905;1093.80005;1077.25;1085.40002;443309
2026-05-01 10:45:00;1099.5;1103.81995;1092;1092.90002;220247
2026-05-01 10:40:00;1099.98499;1109.84998;1090.80505;1100.31995;432921
2026-05-01 10:35:00;1102.87000;1104;1090.030029;1099.00012207;585782
2026-05-01 10:30:00;1120.18005;1121.33997;1101.45996;1102.31995;427265
2026-05-01 10:25:00;1131.54504;1131.68005;1119.14001;1120.14001;256014
2026-05-01 10:20:00;1129.38000;1135.56006;1125.25;1130.58496;313760
2026-05-01 10:15:00;1141.78003;1143.68994;1127.87000;1128.78003;320536
2026-05-01 10:10:00;1138.14001;1145.70996;1132.79004;1142;417115
2026-05-01 10:05:00;1149.23999;1151.93005;1138.079956;1138.29053;406954
2026-05-01 10:00:00;1141.44995;1153;1135.14001;1149.89087;619343
2026-05-01 09:55:00;1112.44995;1142.93994;1108.96997;1141.13000;641056
2026-05-01 09:50:00;1114.97998;1124.56006;1108.25;1112.19995;692880
2026-05-01 09:45:00;1110.67505;1114.98987;1095;1114.43506;667902
2026-05-01 09:40:00;1071.039062;1118;1070.61096;1110.68994;1066504
2026-05-01 09:35:00;1064.48999;1073.77991;1048;1071.89502;632422
2026-05-01 09:30:00;1059.020020;1081.93445;1050.39001;1063.65002;2284908
2026-04-30 15:55:00;1097.33997;1099.89001;1093.41003;1096.53003;452106
2026-04-30 15:50:00;1114.40002;1114.40002;1096.37000;1097.53003;408858
2026-04-30 15:45:00;1113.40002;1115;1112.25012;1114.21997;239487
2026-04-30 15:40:00;1111.78503;1113.63000;1108.044312;1113.10999;171142
2026-04-30 15:35:00;1111.22998;1113.37000;1110.43604;1112.18005;121879
2026-04-30 15:30:00;1110.20496;1113;1109.020142;1111.21997;107106
2026-04-30 15:25:00;1111.66003;1113.97986;1109.26013;1110.20496;130835
2026-04-30 15:20:00;1109.030029;1112.68994;1108.57996;1111.87000;148292
2026-04-30 15:15:00;1109.45996;1110;1106.80005;1109;108125
2026-04-30 15:10:00;1108.25;1110;1107.050049;1109;168048
2026-04-30 15:05:00;1103.49500;1108.26990;1103.028076;1108;103303
2026-04-30 15:00:00;1103.37000;1107.57996;1102.010132;1103.98608;121680
2026-04-30 14:55:00;1103.00012207;1107.19995;1101.050049;1103.85986;137594
2026-04-30 14:50:00;1095.5;1103.87000;1095;1103.030640;92686
2026-04-30 14:45:00;1093.99500;1097.82666;1093.5;1096;70880
2026-04-30 14:40:00;1098.094971;1098.99988;1093.95996;1093.99500;276977
2026-04-30 14:35:00;1098.17993;1100.55005;1096.62012;1098.25;49778
2026-04-30 14:30:00;1096.83997;1099.33997;1096.010010;1098;76994
2026-04-30 14:25:00;1099.060059;1100.75989;1096.5;1096.50012;70385
2026-04-30 14:20:00;1099.72498;1101.14001;1097.25;1099.80005;67459
2026-04-30 14:15:00;1099.90002;1104.62000;1099.26978;1099.72498;136652
2026-04-30 14:10:00;1096.67004;1099.90002;1094.76355;1099.83997;94410
2026-04-30 14:05:00;1094.33997;1097.22998;1094.16003;1096.81006;70771
2026-04-30 14:00:00;1095.53003;1095.53003;1092.025146;1093.92004;62229
2026-04-30 13:55:00;1092.84998;1097;1092;1095.66992;88337
2026-04-30 13:50:00;1089.41003;1092.98987;1088.060059;1092.85999;57478
2026-04-30 13:45:00;1090.18506;1092.59985;1089.099976;1089.29004;65230
2026-04-30 13:40:00;1090.33496;1094.31995;1089.45996;1090;70946
2026-04-30 13:35:00;1085.55005;1090.99988;1084.63013;1090.5;93470
2026-04-30 13:30:00;1089.85999;1091.84998;1085.64001;1085.98010;96751
2026-04-30 13:25:00;1092.79004;1094.34998;1089.58997;1089.58997;60239
2026-04-30 13:20:00;1092.49500;1094.80005;1090.79700;1094.29993;54616
2026-04-30 13:15:00;1091.87000;1093.020020;1089.51001;1092.97986;53722
2026-04-30 13:10:00;1090.58496;1093;1090;1091.55994;46123
2026-04-30 13:05:00;1092;1092.97327;1088.31006;1090.58496;63823
2026-04-30 13:00:00;1089.069946;1094;1089.069946;1091.99500;72613
2026-04-30 12:55:00;1089.17004;1091.15002;1088.50281;1089.073364;55486
2026-04-30 12:50:00;1093.54504;1094.060059;1088.37427;1089.99988;97509
2026-04-30 12:45:00;1098.55005;1099.56006;1092.59998;1092.82996;81713
2026-04-30 12:40:00;1098.84497;1100.88000;1097;1099.93616;68434
2026-04-30 12:35:00;1099.10986;1101;1098.079956;1098.56995;71614
2026-04-30 12:30:00;1096.83997;1099.97498;1095.55005;1099.10144;66654
2026-04-30 12:25:00;1093.56006;1096.87988;1092.81006;1095.92505;55292
2026-04-30 12:20:00;1096.66003;1098;1095;1095;59810
2026-04-30 12:15:00;1096.88000;1096.88000;1093.46350;1095.93506;52433
2026-04-30 12:10:00;1093.34180;1097.36987;1091.71045;1096.68506;63911
2026-04-30 12:05:00;1092.50244;1095.19995;1092.44995;1093.89001;55215
2026-04-30 12:00:00;1093.85999;1094.56995;1090.52356;1093.030029;90799
2026-04-30 11:55:00;1097.58997;1098.58984;1093.00012207;1094.48987;43311
2026-04-30 11:50:00;1094.20996;1098.97986;1093.17041;1098.43994;64762
2026-04-30 11:45:00;1095.81006;1097.97986;1092.047241;1093.74500;68171
2026-04-30 11:40:00;1098.38000;1098.97607;1095;1095.63000;42496
2026-04-30 11:35:00;1101.82996;1101.97876;1096.26013;1098.66003;61274
2026-04-30 11:30:00;1096.98999;1104.25;1096.98999;1101.28003;79708
2026-04-30 11:25:00;1096.72009;1100.37415;1095.81995;1096.055054;111704
2026-04-30 11:20:00;1093.75500;1097.97986;1092.58997;1096.5;68236
2026-04-30 11:15:00;1090.30005;1094.5;1089.64502;1092.59570;66325
2026-04-30 11:10:00;1093.82996;1095.83997;1086.030029;1090.49500;128520
2026-04-30 11:05:00;1097.39600;1097.53003;1092.020020;1093.80005;67491
2026-04-30 11:00:00;1094.45996;1100;1093.41003;1096.93994;123161
2026-04-30 10:55:00;1091.34497;1097.5;1091.34497;1094.29004;86055
2026-04-30 10:50:00;1086.91394;1096;1085.089966;1093.35999;127191
2026-04-30 10:45:00;1084.89001;1091;1083.5;1087.54504;99485
2026-04-30 10:40:00;1082.43994;1089.069946;1081;1084.92004;88311
2026-04-30 10:35:00;1087.5;1088.69995;1080.92334;1082.33997;89669
2026-04-30 10:30:00;1084;1093.18005;1083;1087.25;125475
2026-04-30 10:25:00;1092.875;1092.875;1084.75;1084.75;86873
2026-04-30 10:20:00;1084.45496;1093.50500;1084;1092.99097;165847
2026-04-30 10:15:00;1089.94995;1089.94995;1080.020020;1084.66003;149151
2026-04-30 10:10:00;1078.83496;1092.59998;1076.050049;1089.88501;167381
2026-04-30 10:05:00;1093;1093;1076.88000;1078.18005;208917
2026-04-30 10:00:00;1092.82251;1096;1087.00012207;1092.00012207;167900
2026-04-30 09:55:00;1092.18005;1096.99988;1089;1092.18994;144638
2026-04-30 09:50:00;1100.42004;1102.78601;1090;1090.97998;186940
2026-04-30 09:45:00;1095.98999;1101;1088.33826;1100.88501;277714
2026-04-30 09:40:00;1102.29004;1103.71997;1094;1096.030029;323717
2026-04-30 09:35:00;1110.71497;1114.97986;1097.47009;1103.5;341260
2026-04-30 09:30:00;1111.14001;1114;1096.010132;1110.028687;1251792
2026-04-29 15:55:00;1070.88000;1071.27002;1061.73999;1064.20996;427898
2026-04-29 15:50:00;1071.21997;1074.54004;1068.020996;1073.57959;129501
2026-04-29 15:45:00;1069.30005;1072.13000;1068.56445;1071.81006;87980
2026-04-29 15:40:00;1071.14001;1072.46997;1068.089966;1069.51001;99579
2026-04-29 15:35:00;1073.60999;1073.65002;1070.00012207;1071.14001;52985
2026-04-29 15:30:00;1073.37000;1075.89001;1069.95496;1072.33374;75529
2026-04-29 15:25:00;1071.5;1076.98987;1071.012329;1074.48999;152284
2026-04-29 15:20:00;1070.52979;1072.47986;1060;1071.29004;227958
2026-04-29 15:15:00;1078.34998;1079.77002;1070.44727;1071.5;124985
2026-04-29 15:10:00;1077.45996;1078.84998;1075.875;1077.81006;46396
2026-04-29 15:05:00;1078.010010;1080.70996;1074.51001;1077.59998;85779
2026-04-29 15:00:00;1080.30005;1081.89990;1077.24011;1079.68994;57215
2026-04-29 14:55:00;1077.23499;1082.49988;1076.65051;1080.21997;83071
2026-04-29 14:50:00;1075.44006;1079.44348;1075.44006;1076.82495;60296
2026-04-29 14:45:00;1072.040039;1076.97998;1071.010010;1076.27502;56419
2026-04-29 14:40:00;1075.79004;1076.48999;1071;1071.86499;84771
2026-04-29 14:35:00;1075.66003;1081.73987;1075.66003;1076.39502;71163
2026-04-29 14:30:00;1077.78503;1077.79150;1073.12000;1075.18005;61123
2026-04-29 14:25:00;1080;1080.93994;1077.43115;1077.79004;64456
2026-04-29 14:20:00;1074.44995;1081;1073.31958;1080.93994;79558
2026-04-29 14:15:00;1072.92505;1076.64001;1071.19995;1074.060059;88325
2026-04-29 14:10:00;1073.79004;1074.79004;1071.030151;1073.47998;62859
2026-04-29 14:05:00;1069;1077;1069;1073.32495;90505
2026-04-29 14:00:00;1074.44531;1074.49976;1066.55750;1068.030029;52826
2026-04-29 13:55:00;1069;1072.54895;1068.21997;1072.54895;53770
2026-04-29 13:50:00;1067.91504;1069.73987;1066.50610;1069;48130
2026-04-29 13:45:00;1065.25;1068.39990;1064.17004;1068.060059;68968
2026-04-29 13:40:00;1069.39001;1069.55005;1064.17004;1065.21997;69457
2026-04-29 13:35:00;1067.19995;1071.76990;1066.00012207;1068.84851;71206
2026-04-29 13:30:00;1069.14001;1069.88989;1065.26001;1066.93005;75172
2026-04-29 13:25:00;1072.32007;1072.57007;1066.31006;1068.51355;130803
2026-04-29 13:20:00;1075.15002;1075.94336;1071.5;1072.38000;64493
2026-04-29 13:15:00;1075;1077.46997;1073.47998;1074.95996;40524
2026-04-29 13:10:00;1076.5;1077.45996;1072.41016;1075.5;61732
2026-04-29 13:05:00;1074.85010;1078.17993;1074.55005;1076.63000;43389
2026-04-29 13:00:00;1077.19495;1078.54639;1072.81995;1075.58997;63576
2026-04-29 12:55:00;1079.57996;1081.030029;1075.00012207;1077.30554;54804
2026-04-29 12:50:00;1080.089966;1083.87708;1079.24011;1080.37000;51371
2026-04-29 12:45:00;1079.53503;1081.74988;1078.00012207;1080.125;57092
2026-04-29 12:40:00;1077.64001;1080.72119;1077.12012;1079.25500;58322
2026-04-29 12:35:00;1077.17920;1077.63989;1074.010132;1077.094971;41207
2026-04-29 12:30:00;1077.65002;1079.23999;1073.77014;1076.26001;59916
2026-04-29 12:25:00;1076.49011;1079.60986;1073.67004;1077.95496;60843
2026-04-29 12:20:00;1076;1077.52991;1073.42004;1077.10901;117591
2026-04-29 12:15:00;1082.16504;1083.44055;1076.099976;1076.19397;107676
2026-04-29 12:10:00;1084.32495;1086.089233;1080.50012;1082.12000;73175
2026-04-29 12:05:00;1083.59998;1086.47986;1083;1084.32495;57159
2026-04-29 12:00:00;1087.53003;1087.77307;1083.69995;1084.30005;55997
2026-04-29 11:55:00;1085.61597;1088.20996;1083.50012;1087.36353;65574
2026-04-29 11:50:00;1089.27002;1089.72998;1083.030029;1085.66003;104470
2026-04-29 11:45:00;1091.42004;1093.40002;1087.91504;1089.020020;68548
2026-04-29 11:40:00;1095.48999;1096.80994;1090;1090.97498;76075
2026-04-29 11:35:00;1092.5;1095.60999;1091.00012207;1094.82996;91347
2026-04-29 11:30:00;1087.65002;1092.30005;1087;1092;60567
2026-04-29 11:25:00;1090.40002;1091.82166;1085.77002;1086.97961;65520
2026-04-29 11:20:00;1091.44995;1094;1089.020020;1089.70996;65411
2026-04-29 11:15:00;1089.079956;1092;1085.54504;1091.39001;73598
2026-04-29 11:10:00;1086.55005;1091;1084.19116;1090.11499;121675
2026-04-29 11:05:00;1088.16504;1089.68005;1086.099976;1086.46997;106886
2026-04-29 11:00:00;1094.53003;1097.28003;1087.5;1088.61804;162164
2026-04-29 10:55:00;1097.079956;1099.49988;1093.044312;1093.41003;110659
2026-04-29 10:50:00;1090.65308;1099.49988;1088.63635;1097.56482;216870
2026-04-29 10:45:00;1089;1093.44995;1089;1090.15002;76686
2026-04-29 10:40:00;1092.33997;1092.33997;1087.10999;1088.50952;89272
2026-04-29 10:35:00;1089.25;1094.49988;1088;1092.5;105462
2026-04-29 10:30:00;1087.010010;1094.24988;1085;1090.010010;143599
2026-04-29 10:25:00;1086.95996;1091.5;1086;1086.64001;144883
2026-04-29 10:20:00;1084.51514;1089;1082.5;1086.49500;104717
2026-04-29 10:15:00;1080.35999;1088.13440;1079.5;1085.13000;139168
2026-04-29 10:10:00;1083.064941;1085.25989;1078.13000;1079.96997;181878
2026-04-29 10:05:00;1089.25;1092;1080.22009;1083.064941;203947
2026-04-29 10:00:00;1091.72998;1096;1087;1089.25;200664
2026-04-29 09:55:00;1091.98499;1094.47998;1086.51001;1089.93506;217280
2026-04-29 09:50:00;1079.64001;1093;1078;1091.97498;260147
2026-04-29 09:45:00;1092.80896;1093.88000;1078;1079.025024;339420
2026-04-29 09:40:00;1093.41504;1102.99988;1089.18994;1093.66504;585751
2026-04-29 09:35:00;1075.39001;1096.49988;1074;1094.71997;635455
2026-04-29 09:30:00;1070.59998;1082;1063.68005;1077.14502;1504536
2026-04-28 15:55:00;1011.56000;1011.64001;1000.22998;1002.83002;420517
2026-04-28 15:50:00;1018;1018;1010.17999;1012.025024;127414
2026-04-28 15:45:00;1016.41498;1017.98999;1016.030090;1017.44000;55590
2026-04-28 15:40:00;1014.74841;1018;1014.59998;1016.030029;66286
2026-04-28 15:35:00;1012.20001;1016.60992;1011.28552;1015.070007;76121
2026-04-28 15:30:00;1016.65997;1018.049988;1012.20007;1013.21997;111073
2026-04-28 15:25:00;1017.82501;1018.90991;1015.00012207;1016.77502;119621
2026-04-28 15:20:00;1023.49988;1023.49988;1017.65009;1017.96899;97117
2026-04-28 15:15:00;1026.87000;1027.083740;1021.79010;1023.25;120246
2026-04-28 15:10:00;1028.40002;1028.61987;1025.23523;1027.17505;95512
2026-04-28 15:05:00;1030.75;1032.90002;1028.040283;1028.40503;87302
2026-04-28 15:00:00;1028.079956;1031.49988;1027.5;1030.030029;115623
2026-04-28 14:55:00;1026.40002;1028;1025.44995;1027.82495;66237
2026-04-28 14:50:00;1024.5;1026.93994;1023.10999;1026.57996;54444
2026-04-28 14:45:00;1027.19006;1027.53992;1024.46997;1024.75500;48554
2026-04-28 14:40:00;1024.74988;1027.44995;1024.375;1026.73499;59578
2026-04-28 14:35:00;1026.48999;1026.53003;1023.049988;1024.65320;61637
2026-04-28 14:30:00;1027.73999;1028.62000;1024.96997;1026.51501;86566
2026-04-28 14:25:00;1028.20996;1029;1026.49011;1027.73499;71652
2026-04-28 14:20:00;1025;1028.51990;1025;1028.18994;126782
2026-04-28 14:15:00;1022.13751;1026;1020.98578;1025.31152;115153
2026-04-28 14:10:00;1021.46002;1022.37000;1020.53998;1022.26801;46672
2026-04-28 14:05:00;1023.40002;1023.57001;1019.56000;1021.88672;95329
2026-04-28 14:00:00;1023.15100;1024.35815;1021.5;1022.96002;70795
2026-04-28 13:55:00;1022.46997;1024.063110;1021.26007;1023.85999;65757
2026-04-28 13:50:00;1020.13971;1024.40002;1019.27002;1022.94000;117591
2026-04-28 13:45:00;1019.46997;1022;1018.10010;1019.5;111643
2026-04-28 13:40:00;1018.025024;1020.34003;1017.50012;1019.69000;143125
2026-04-28 13:35:00;1014.20502;1018.97992;1013.54999;1017.90002;130213
2026-04-28 13:30:00;1009.20001;1014.21997;1009;1013.15002;328042
2026-04-28 13:25:00;1005.62000;1009.76221;1004.27002;1009.020020;91460
2026-04-28 13:20:00;1004.98999;1006;1003.80011;1005.5;35577
2026-04-28 13:15:00;1005;1005.99988;1003.00012207;1004.92999;51268
2026-04-28 13:10:00;1004.45001;1006.12988;1003.22998;1005.84808;63576
2026-04-28 13:05:00;1003.875;1005.29309;1001.29999;1004.099976;72731
2026-04-28 13:00:00;1005.5;1007.46997;1002.5;1004.48999;111872
2026-04-28 12:55:00;1004.55499;1006.64001;1003.38013;1005.47998;132149
2026-04-28 12:50:00;996.75;1004.70001;995.20001;1004.55499;159213
2026-04-28 12:45:00;991.42999;996.74988;991.17999;996.37000;87317
2026-04-28 12:40:00;989.78998;991.60999;989.046570;991.34003;58116
2026-04-28 12:35:00;987.66010;992;986.84039;989.79498;70849
2026-04-28 12:30:00;992.00012207;993.31000;987.28998;988.70502;108409
2026-04-28 12:25:00;992.69501;994.98993;991.95502;992.57709;48298
2026-04-28 12:20:00;991.39001;993.26001;989.049988;992.25;84341
2026-04-28 12:15:00;994.90997;995.49988;990.53003;990.88000;63758
2026-04-28 12:10:00;997.049988;997.049988;993.00012207;994.31000;72641
2026-04-28 12:05:00;994.74500;999.58002;994.74500;997.45490;82478
2026-04-28 12:00:00;997.31183;998.32990;993.00012207;994.53998;91691
2026-04-28 11:55:00;995.68500;1000.5;994.045105;997.26001;101804
2026-04-28 11:50:00;994;998.98993;993.030029;995.70001;114915
2026-04-28 11:45:00;994.34991;994.98993;990.28998;993.75;78407
2026-04-28 11:40:00;989.5;994.052979;989.039978;994;59573
2026-04-28 11:35:00;990.46997;993.79999;987.12451;990.34998;82259
2026-04-28 11:30:00;991.79999;991.85999;986;990.39001;106535
2026-04-28 11:25:00;993.12000;993.12000;988.33521;992.010010;111565
2026-04-28 11:20:00;998.88898;999;991.29999;993.49988;136411
2026-04-28 11:15:00;995.83002;998.97998;994;998.65002;108183
2026-04-28 11:10:00;986.00012207;996.21002;985.90002;996.099976;155913
2026-04-28 11:05:00;989;989.99988;985.16998;986.59998;134290
2026-04-28 11:00:00;995.99988;999.96002;987.32739;988.5;233444
2026-04-28 10:55:00;983.00012207;996;983.00012207;995.35999;226694
2026-04-28 10:50:00;995;995.35999;980.28003;983.97998;368750
2026-04-28 10:45:00;1001.27502;1002.91992;994.67999;995.35999;209860
2026-04-28 10:40:00;997.070007;1003.61987;990.65002;1001;330362
2026-04-28 10:35:00;1009.40997;1010.99988;993.55499;996.96002;473014
2026-04-28 10:30:00;1013.75153;1014.25989;1007.00012207;1009.28497;230874
2026-04-28 10:25:00;1016.65002;1017.41760;1011.020081;1013.13000;222382
2026-04-28 10:20:00;1020.76501;1022;1016.27002;1016.27002;176246
2026-04-28 10:15:00;1022.38000;1026.5;1016.43591;1020.25;215110
2026-04-28 10:10:00;1029.74414;1030.18005;1021.40009;1022;236217
2026-04-28 10:05:00;1035.69995;1039.23987;1027.31006;1029.28003;246648
2026-04-28 10:00:00;1044.59998;1045;1033.099976;1035.29004;191416
2026-04-28 09:55:00;1040.99988;1047.64990;1035;1044.96997;209409
2026-04-28 09:50:00;1047.5;1047.60327;1035.055054;1040.88208;341229
2026-04-28 09:45:00;1049.88989;1054.21997;1045.52344;1047.77600;282298
2026-04-28 09:40:00;1037.74500;1051.94995;1035;1050;395224
2026-04-28 09:35:00;1028.58997;1044.12000;1028.58997;1038.74500;431320
2026-04-28 09:30:00;1027.59998;1034.43005;1011.010010;1028;1910511
2026-04-27 15:55:00;1069.48999;1070.64001;1065.56006;1070.27002;429142
2026-04-27 15:50:00;1062.93176;1069.72998;1062.93005;1068.47998;257314
2026-04-27 15:45:00;1060.88501;1064.44995;1060.68005;1062.64502;112354
2026-04-27 15:40:00;1060.099976;1060.75;1057.58215;1060.75;100011
2026-04-27 15:35:00;1059.88000;1061;1057.57007;1059.69995;102617
2026-04-27 15:30:00;1062.62000;1063;1059.010010;1059.010010;100586
2026-04-27 15:25:00;1063.41003;1064.25;1061.00012207;1062.93005;65537
2026-04-27 15:20:00;1065.31006;1066.38989;1063.010010;1063.010010;89714
2026-04-27 15:15:00;1064.75;1065.82495;1063.010132;1065.59998;80622
2026-04-27 15:10:00;1063.15002;1064.75;1061;1064.30286;73032
2026-04-27 15:05:00;1064.73547;1065.88989;1062.34998;1063.22998;52558
2026-04-27 15:00:00;1064.43298;1065.97485;1063.23010;1064.91003;81969
2026-04-27 14:55:00;1059.93994;1064.97998;1059.75;1064.10010;95488
2026-04-27 14:50:00;1061.49988;1061.49988;1058.73999;1059.93005;41912
2026-04-27 14:45:00;1059.48999;1061.58984;1058.5;1061.069946;37969
2026-04-27 14:40:00;1061.21997;1061.59497;1058.52014;1059;67476
2026-04-27 14:35:00;1061.51001;1063.5;1061.00012207;1061.96997;74200
2026-04-27 14:30:00;1059.96997;1062.75281;1059.27002;1061.38000;71968
2026-04-27 14:25:00;1058.060059;1059.96997;1056.49500;1059.91504;50045
2026-04-27 14:20:00;1055.94495;1059.81995;1055;1058.40002;77882
2026-04-27 14:15:00;1059.25134;1060.53064;1055.060059;1055.94495;85237
2026-04-27 14:10:00;1062.95996;1063.29004;1058;1059.67993;90516
2026-04-27 14:05:00;1060.41003;1063.5;1060;1062.5;48110
2026-04-27 14:00:00;1062.65002;1062.65002;1059;1060.35999;56523
2026-04-27 13:55:00;1061.47998;1062.99988;1060.12000;1062.74207;40832
2026-04-27 13:50:00;1064.80005;1064.96997;1060.51001;1061.069946;49072
2026-04-27 13:45:00;1064.85999;1065;1062.79004;1064.23999;61076
2026-04-27 13:40:00;1060.14001;1065;1058.40015;1064.59497;75827
2026-04-27 13:35:00;1063.35999;1063.62000;1059.45996;1060.76990;47209
2026-04-27 13:30:00;1061.65503;1063.91003;1061;1063.089111;45763
2026-04-27 13:25:00;1060.34656;1062.95996;1060.079956;1061.70996;43246
2026-04-27 13:20:00;1061.18005;1061.33899;1058.090088;1060.28003;74777
2026-04-27 13:15:00;1065.88953;1066;1059.77014;1060.89001;88604
2026-04-27 13:10:00;1065.90002;1067.42004;1064.10999;1065.55505;77213
2026-04-27 13:05:00;1063;1065.89990;1062.10010;1065.89990;59415
2026-04-27 13:00:00;1060.5;1063.46997;1060.00012207;1063.010010;62631
2026-04-27 12:55:00;1062.35754;1062.35754;1058;1060.089966;119301
2026-04-27 12:50:00;1063.69824;1064.099976;1061.30005;1061.97998;62118
2026-04-27 12:45:00;1061.90002;1064.21985;1061.31006;1063.75903;44402
2026-04-27 12:40:00;1064.65002;1064.94995;1061.10999;1061.69495;72462
2026-04-27 12:35:00;1065.23499;1066.88989;1063.50012;1063.50012;100967
2026-04-27 12:30:00;1061.59998;1066.040039;1061.42004;1065.23499;85589
2026-04-27 12:25:00;1063.35999;1064;1060.60010;1061.68994;64562
2026-04-27 12:20:00;1065.76501;1065.81006;1061.68994;1062.85999;110304
2026-04-27 12:15:00;1061.93506;1066.5;1061.66284;1065.30005;128360
2026-04-27 12:10:00;1060.47998;1063.87988;1059.56494;1061.60999;98632
2026-04-27 12:05:00;1058.60010;1061;1057.040161;1060;91610
2026-04-27 12:00:00;1063.81006;1065;1057.081055;1058.59998;132377
2026-04-27 11:55:00;1059.49500;1065.39990;1058.89001;1063.94995;126953
2026-04-27 11:50:00;1061.46509;1062.69995;1058.88000;1059.97998;96391
2026-04-27 11:45:00;1061.98999;1064.56995;1059.48975;1061.24548;192742
2026-04-27 11:40:00;1054.69995;1063.43005;1053.80005;1062.72998;223034
2026-04-27 11:35:00;1052.90002;1055;1049.80359;1054.76001;134070
2026-04-27 11:30:00;1048.53503;1058;1048.00024414;1052.86499;263110
2026-04-27 11:25:00;1046.90918;1051;1045.57007;1048.98999;105983
2026-04-27 11:20:00;1049.98999;1050.30505;1046.010010;1047.29004;113083
2026-04-27 11:15:00;1051;1054.46997;1049;1049.010010;135313
2026-04-27 11:10:00;1052.55005;1054.91992;1048.19836;1051.37903;222972
2026-04-27 11:05:00;1044.64001;1053.47253;1043.92004;1052.020142;174055
2026-04-27 11:00:00;1043.88000;1047.27991;1042.50012;1044.56006;107691
2026-04-27 10:55:00;1041;1045.79993;1038;1044.67993;105007
2026-04-27 10:50:00;1043.98999;1049.79004;1039.25012;1041.35999;184967
2026-04-27 10:45:00;1039.00012207;1044.79102;1035.050049;1044.43005;147297
2026-04-27 10:40:00;1046.98999;1049.29004;1039.22998;1040;150502
2026-04-27 10:35:00;1041.87549;1051.76904;1041.31006;1047.11755;321278
2026-04-27 10:30:00;1041.25500;1042.35986;1035.040039;1041.28003;213512
2026-04-27 10:25:00;1044.55994;1045.79004;1039.63013;1042;121827
2026-04-27 10:20:00;1044.41040;1047.43994;1041.79004;1043.55505;175327
2026-04-27 10:15:00;1048.91003;1049.54968;1038;1044.060059;245241
2026-04-27 10:10:00;1039.010010;1049.5;1035;1049.5;292259
2026-04-27 10:05:00;1035.43994;1047.48987;1033.68250;1039.5;328281
2026-04-27 10:00:00;1033.89148;1039.81995;1028.11011;1036.29004;243082
2026-04-27 09:55:00;1024.78992;1037.050049;1023.093079;1034.98999;364970
2026-04-27 09:50:00;1021.52002;1024.99988;1008.88562;1023.64502;339014
2026-04-27 09:45:00;1024.56995;1028;1014;1021.49500;383718
2026-04-27 09:40:00;1029.88574;1032;1022.79498;1024.74500;399894
2026-04-27 09:35:00;1029.67004;1043.089844;1021.5;1028.96497;623405
2026-04-27 09:30:00;1023.58002;1030.79993;1010;1030.66785;1281023
2026-04-24 15:55:00;992.64001;992.78998;988.57001;989.91998;324016
2026-04-24 15:50:00;988.78998;992.64502;988.78998;992.64502;160698
2026-04-24 15:45:00;987.92999;989.70001;987.043579;988.86658;91059
2026-04-24 15:40:00;986.044983;989.15997;984.63000;988.40002;99222
2026-04-24 15:35:00;986.72498;988.16998;984.030029;985.51001;110968
2026-04-24 15:30:00;989.45502;990.35999;986.37012;986.72498;92583
2026-04-24 15:25:00;991.17999;991.44989;987.090088;989.45502;117013
2026-04-24 15:20:00;995.32990;995.45001;990.90997;990.94647;87136
2026-04-24 15:15:00;994.62512;996.53998;994.40143;994.79999;67165
2026-04-24 15:10:00;993.49500;995.15002;992.87000;994.99988;55646
2026-04-24 15:05:00;994.80499;995.40991;992.51007;993.5;71031
2026-04-24 15:00:00;993.10999;997;992.54779;994.90002;88120
2026-04-24 14:55:00;994.50500;994.70300;992.77069;992.98999;44963
2026-04-24 14:50:00;994.52002;995.099976;992.53998;993.88000;67074
2026-04-24 14:45:00;996.88000;998.51001;994.82001;995.40930;111232
2026-04-24 14:40:00;994.18268;997.35437;994.18268;996.64001;86401
2026-04-24 14:35:00;994.80463;995.48999;993.24011;994.29999;74471
2026-04-24 14:30:00;990.099976;995.46002;989.16010;995;107512
2026-04-24 14:25:00;989.5;991.64001;989.47089;989.47089;52323
2026-04-24 14:20:00;989.14502;990;987.98999;989.25;43072
2026-04-24 14:15:00;989.90002;990.40997;988;988.88879;47409
2026-04-24 14:10:00;990.28497;990.79999;988.50012;990;45313
2026-04-24 14:05:00;991.044983;992.37988;988.96002;990.33002;49403
2026-04-24 14:00:00;995.25;995.59998;989.29742;991.044983;103533
2026-04-24 13:55:00;992.020020;996;991.030029;995.015015;103576
2026-04-24 13:50:00;991.96002;994.23999;991.72998;992.96503;80817
2026-04-24 13:45:00;989.84998;992.90002;989.00012207;991.98993;76804
2026-04-24 13:40:00;986.85999;990.88000;986.85999;989.85010;72140
2026-04-24 13:35:00;987.46002;988.34003;986.20001;986.99707;58708
2026-04-24 13:30:00;984.74799;987.099976;982.78009;986.71503;74325
2026-04-24 13:25:00;986.89001;987.099976;984.67999;985;32036
2026-04-24 13:20:00;987.98999;988.49402;984.25;986.039978;61690
2026-04-24 13:15:00;985.5;988.43988;984.014404;987.98993;57881
2026-04-24 13:10:00;985;988;984.096985;985.5;52676
2026-04-24 13:05:00;988.59998;988.66998;984.21161;984.50012;60344
2026-04-24 13:00:00;987.87512;989.71368;987.35999;988.0048218;40913
2026-04-24 12:55:00;988.89502;990.41998;987.21002;987.83002;46551
2026-04-24 12:50:00;989;990.75;988.50012;988.79498;44291
2026-04-24 12:45:00;989.53003;990.49988;988;989.59003;41386
2026-04-24 12:40:00;990.97992;991.99988;987;989.059998;61156
2026-04-24 12:35:00;991.71637;993.32001;990.23999;990.59003;61544
2026-04-24 12:30:00;988.47998;991.69000;988.47998;991.35999;53578
2026-04-24 12:25:00;991.57001;991.57001;987.89001;988.049988;42741
2026-04-24 12:20:00;989.59003;991.86462;988;991.43402;66249
2026-04-24 12:15:00;986.77148;990;985.57001;988.84497;55264
2026-04-24 12:10:00;987.25500;988.90863;986.00012207;986.75;48840
2026-04-24 12:05:00;990.039978;990.87000;986.15009;987.78992;52913
2026-04-24 12:00:00;988.23999;990.15002;986.45892;989.57501;48611
2026-04-24 11:55:00;985.63000;988.59998;983.10028;988.42999;55426
2026-04-24 11:50:00;988.18829;990.5;984.12000;986.16779;66179
2026-04-24 11:45:00;988.13501;992;986.36011;987.72998;105613
2026-04-24 11:40:00;982.31000;989;982.28839;987.88000;72256
2026-04-24 11:35:00;985.41998;985.54999;980.65002;982;86765
2026-04-24 11:30:00;982.83002;987.5;981.84998;985.83002;65041
2026-04-24 11:25:00;988.84619;988.84619;982.82001;982.82013;101702
2026-04-24 11:20:00;985.30011;990.82123;983.29999;988.90997;113159
2026-04-24 11:15:00;992.65997;992.98938;985.29999;985.62000;228249
2026-04-24 11:10:00;995.20001;997.89001;990.88013;992.99402;183284
2026-04-24 11:05:00;995.020020;997.63989;993.54010;995.10999;99931
2026-04-24 11:00:00;995.31500;997;992;994;95931
2026-04-24 10:55:00;991.57001;998.30658;991.57001;995.059998;133636
2026-04-24 10:50:00;994.29999;995.32001;990.65002;991.39001;130840
2026-04-24 10:45:00;992.99249;994.5;988;993.13013;155274
2026-04-24 10:40:00;988.82257;995.83002;988.34521;991.95502;214092
2026-04-24 10:35:00;982.38501;990.5;981.51001;989.40997;144196
2026-04-24 10:30:00;988.5;990.54999;979.0084229;982;267021
2026-04-24 10:25:00;984.5;989;981.44153;988.49988;192840
2026-04-24 10:20:00;986.46997;988.44678;981;985.125;264318
2026-04-24 10:15:00;990.54999;999.75610;985.16010;986.72961;415215
2026-04-24 10:10:00;990.48999;1002.090027;984.010010;990.84003;668565
2026-04-24 10:05:00;969;991.37000;968.25012;990.59003;742606
2026-04-24 10:00:00;962.70001;972.28003;961;968.58002;302165
2026-04-24 09:55:00;955.080017;965.75;951.58002;963.40002;264374
2026-04-24 09:50:00;961.45001;963.52002;952.20020;953.030029;235618
2026-04-24 09:45:00;968.67999;970.96509;960;961.080017;243877
2026-04-24 09:40:00;969.44000;974.51001;963.64001;968.37000;424226
2026-04-24 09:35:00;957.20001;969.79993;951.010010;969.020020;332449
2026-04-24 09:30:00;953.59998;965;947.00012207;958.15002;936405
2026-04-23 15:55:00;927.94000;933.72247;927;932.23999;394279
2026-04-23 15:50:00;928.37000;932;926.25708;927.81000;217270
2026-04-23 15:45:00;929.80328;932.32001;926.11011;927.73999;169896
2026-04-23 15:40:00;929;931.77002;929;929.79498;110288
2026-04-23 15:35:00;935.51001;935.51001;928.20001;929.010010;252488
2026-04-23 15:30:00;938;940.43988;935.20001;935.67499;69774
2026-04-23 15:25:00;941.38000;941.88037;937.48010;937.53278;75975
2026-04-23 15:20:00;937.60999;941.63000;936.62433;940.69470;87090
2026-04-23 15:15:00;937.67987;939.38989;936;937.39001;89055
2026-04-23 15:10:00;937.26001;938.37988;935.60010;937.16998;59775
2026-04-23 15:05:00;933.73499;938.48999;933.73499;937.97998;101367
2026-04-23 15:00:00;935.31000;936.49280;932.010071;933.52502;79106
2026-04-23 14:55:00;938.010010;938.87988;933.40002;934.053406;86682
2026-04-23 14:50:00;940.37000;940.37000;937.090027;938.63000;128637
2026-04-23 14:45:00;945.32501;945.97992;940.19012;940.37000;71680
2026-04-23 14:40:00;945.17419;946;943.50012;946;45316
2026-04-23 14:35:00;945.71997;947.75;944.18719;945.375;52737
2026-04-23 14:30:00;945.31488;948;944.86499;945.71167;75827
2026-04-23 14:25:00;945.375;945.74078;943.015015;945.14001;40221
2026-04-23 14:20:00;945.98999;946.34003;943;945.0040283;56666
2026-04-23 14:15:00;946.70001;947.49988;945.00012207;945.98999;46041
2026-04-23 14:10:00;946.79590;949.5;944.22998;946.56500;58154
2026-04-23 14:05:00;946.31500;950;945.00012207;947.20001;74549
2026-04-23 14:00:00;945.59998;950.99988;943.85999;946.39001;130875
2026-04-23 13:55:00;942.38470;945.91992;941.11713;945.16998;169489
2026-04-23 13:50:00;935.46997;944.75;930.5;942.87000;184418
2026-04-23 13:45:00;937.10999;937.10999;930.20007;934.99500;219972
2026-04-23 13:40:00;948.98999;949;936.00012207;937.25;280933
2026-04-23 13:35:00;951.91498;952.89001;947;947.90997;93245
2026-04-23 13:30:00;948.28497;952.50348;944.96997;952;194551
2026-04-23 13:25:00;947.10010;952;945.87012;948.62433;139797
2026-04-23 13:20:00;949.15002;952.46002;946.22150;947.10010;178779
2026-04-23 13:15:00;955.5;955.94989;947.79999;949.52002;211715
2026-04-23 13:10:00;954.070007;957.47998;952.34009;956;150976
2026-04-23 13:05:00;960.97498;961.76001;953.35999;953.94000;165977
2026-04-23 13:00:00;967.20001;969.97998;960.66998;960.66998;160487
2026-04-23 12:55:00;969.40002;970.87903;965.84998;967.99988;79907
2026-04-23 12:50:00;970.95007;972.98999;969.60010;969.89001;56103
2026-04-23 12:45:00;972.27008;973.77002;970.78003;971.21002;59742
2026-04-23 12:40:00;974.57501;974.93878;972.34998;972.53998;63764
2026-04-23 12:35:00;974.31000;975.5;972.14001;974.16998;105032
2026-04-23 12:30:00;966.16498;974.79993;965.59998;973.98999;120526
2026-04-23 12:25:00;965.45502;967.70001;964.010010;966.16418;43230
2026-04-23 12:20:00;966.16010;967.90680;964.82001;965.45502;50145
2026-04-23 12:15:00;968.030029;970.34003;966.34009;967.13507;71890
2026-04-23 12:10:00;965.17999;969.49652;965.17999;968.025024;64749
2026-04-23 12:05:00;965.039978;966.88000;962.00012207;965.28497;138010
2026-04-23 12:00:00;970.19000;971.49988;965.030029;965.030029;119981
2026-04-23 11:55:00;968.79498;971.82990;968.79498;970.080017;72565
2026-04-23 11:50:00;972.33002;974.18073;968.12012;968.68500;153523
2026-04-23 11:45:00;974.16998;974.87000;971.53003;972.62000;88032
2026-04-23 11:40:00;973.84003;978.87988;973.51007;974.64203;145935
2026-04-23 11:35:00;971.64990;974.23999;970.0014038;973.96002;104051
2026-04-23 11:30:00;968.13000;972.97998;967.22998;971.67999;98018
2026-04-23 11:25:00;972;972.090027;968.047119;968.5;83566
2026-04-23 11:20:00;972.56128;973;970.00012207;972.12000;80409
2026-04-23 11:15:00;973.55768;973.82001;969.82001;972.59003;116120
2026-04-23 11:10:00;969.59998;975.35999;969.00012207;973.93500;177009
2026-04-23 11:05:00;966.57001;970;965.17010;969.60999;129019
2026-04-23 11:00:00;963.60999;967.95990;962.17010;966.54999;117386
2026-04-23 10:55:00;960.40997;965.25;960.40997;963.89001;115180
2026-04-23 10:50:00;959.88000;961.089905;956;960.059998;90986
2026-04-23 10:45:00;959.62000;960.39001;958.20007;959.12000;63265
2026-04-23 10:40:00;963.099976;964.44000;957.21838;959.87000;132216
2026-04-23 10:35:00;964.71503;970.42999;961.17010;963.57001;246667
2026-04-23 10:30:00;959.010010;966.54993;958.28998;964.71503;276955
2026-04-23 10:25:00;956.52008;959.37988;953.76001;958.18500;146902
2026-04-23 10:20:00;950;958.010010;950;957.38000;202595
2026-04-23 10:15:00;946.66498;952.22998;946.66498;950.69623;120785
2026-04-23 10:10:00;952.22498;953.46997;946;946.60999;196939
2026-04-23 10:05:00;953.57001;953.57001;948.010010;952.22498;150815
2026-04-23 10:00:00;953.15997;956.054993;946.00012207;952.44000;300580
2026-04-23 09:55:00;957.45001;957.97998;952.40997;953.48999;205562
2026-04-23 09:50:00;953.90002;961.47992;953.90002;957.51001;293270
2026-04-23 09:45:00;952.47998;956.58990;950.56000;953.78998;157928
2026-04-23 09:40:00;950.875;957;948.34998;951.55530;244566
2026-04-23 09:35:00;947.090027;953.99988;943;951.13000;294158
2026-04-23 09:30:00;948.54498;956.90991;941;947.059998;1201107
2026-04-22 15:55:00;978.83002;980.47992;976.48999;978.85999;333851
2026-04-22 15:50:00;976.20001;981.061096;974.76001;979.26001;292569
2026-04-22 15:45:00;973;976.37000;972.51001;976.059998;160029
2026-04-22 15:40:00;972.22998;973.67999;970.76532;973.51788;115014
2026-04-22 15:35:00;973.60999;974.22681;971;972.12653;107763
2026-04-22 15:30:00;972;975.12000;969;973.61499;143569
2026-04-22 15:25:00;974.60992;974.99988;970.75;971.99829;130812
2026-04-22 15:20:00;979.30988;979.30988;974.010010;974.010010;121842
2026-04-22 15:15:00;980.38000;980.98993;977.73999;978.96503;115376
2026-04-22 15:10:00;976.54999;980.75;975.35999;980.375;188881
2026-04-22 15:05:00;973.19000;978;972.47009;976.82111;146791
2026-04-22 15:00:00;974.057922;974.057922;968.45001;973.5;160664
2026-04-22 14:55:00;975.62000;976.10449;973.20001;973.71002;65043
2026-04-22 14:50:00;974.98999;977.29712;973.15002;975.53998;91264
2026-04-22 14:45:00;976.10999;977.76001;973.72998;974.075012;176755
2026-04-22 14:40:00;974.5;976.96002;974.070007;975.56158;149758
2026-04-22 14:35:00;972.96997;974.73499;972.65002;974.50500;63358
2026-04-22 14:30:00;972.34998;974.77002;972;973.21997;91546
2026-04-22 14:25:00;968.72998;972.84991;968.72998;972.090027;88985
2026-04-22 14:20:00;970.57001;971.48993;966.15100;968.73499;112383
2026-04-22 14:15:00;971.84998;971.84998;968;970.72803;98753
2026-04-22 14:10:00;971.17999;973.48999;970.53998;971.46997;92646
2026-04-22 14:05:00;968.79999;972;968.12012;970.53003;99393
2026-04-22 14:00:00;971.32501;971.54999;968.020081;969;154210
2026-04-22 13:55:00;972.88000;972.88000;970.26001;971.5;130392
2026-04-22 13:50:00;973.31000;976.78003;972.60010;972.83502;137302
2026-04-22 13:45:00;974.39001;974.51001;971.58008;973.15997;77599
2026-04-22 13:40:00;971.16498;975;969.82013;974.39001;140622
2026-04-22 13:35:00;973.33002;975.89990;970.88000;971.16998;130809
2026-04-22 13:30:00;972.032410;973.69000;970.88000;973.33002;147775
2026-04-22 13:25:00;971.78003;975.20239;971.28009;972;239059
2026-04-22 13:20:00;965.49762;972.79993;963.80310;972.059998;263176
2026-04-22 13:15:00;964.049988;966.48999;963;965.21198;201121
2026-04-22 13:10:00;958.39990;964.61987;958.15503;964.15503;227819
2026-04-22 13:05:00;956.75;958.84991;956.32013;958.15503;96717
2026-04-22 13:00:00;956.53497;957.87988;955.010071;957.42419;103740
2026-04-22 12:55:00;956.29999;959.46991;956.0021973;956.76001;151220
2026-04-22 12:50:00;952.83002;957.26001;952.14001;956.79749;107541
2026-04-22 12:45:00;950.20007;954.035583;950.20007;952.059998;88322
2026-04-22 12:40:00;953.92950;954.40991;950.26007;950.85999;132784
2026-04-22 12:35:00;956;957.65997;953.090088;953.090088;148588
2026-04-22 12:30:00;954.89899;956.64990;952.93500;956.044189;178046
2026-04-22 12:25:00;950.89008;958.37988;950.15558;954.81000;255419
2026-04-22 12:20:00;946.53003;952.27502;945.5;951.28998;255798
2026-04-22 12:15:00;943.51501;948.24988;943.00012207;946.53003;176258
2026-04-22 12:10:00;941.98322;943.78998;941.17999;943.51501;107573
2026-04-22 12:05:00;941.33002;942.98993;939.12000;940.39502;109213
2026-04-22 12:00:00;941.27002;941.94788;939.21100;941.12000;121161
2026-04-22 11:55:00;942.42999;942.65997;938.78003;941.25;113159
2026-04-22 11:50:00;946.29999;948;941.19000;942.60999;189684
2026-04-22 11:45:00;936.44238;948.059998;934.00012207;946.53998;336714
2026-04-22 11:40:00;938.65002;939.15997;932.96002;936.86987;171952
2026-04-22 11:35:00;937.85999;938.99988;934.30670;938.76001;131558
2026-04-22 11:30:00;934.41998;938.5;932.65692;937.70001;173978
2026-04-22 11:25:00;935.22998;939.84003;933.070129;934.43201;254940
2026-04-22 11:20:00;928.28003;937.85999;928.074097;935.61499;403747
2026-04-22 11:15:00;921.59998;929;921.32013;928.28009;153318
2026-04-22 11:10:00;920;922.24902;916.60010;922.19000;131230
2026-04-22 11:05:00;925.25500;925.48993;919.22009;919.52002;122634
2026-04-22 11:00:00;923.010071;926.40002;920.62000;924.85449;122285
2026-04-22 10:55:00;925.16498;926.88989;920.51001;922.99237;134375
2026-04-22 10:50:00;925.90009;930.49988;924;924.51007;228104
2026-04-22 10:45:00;921.98999;932.87073;921.76001;926.14502;559221
2026-04-22 10:40:00;917.15503;922;917.15503;921.62769;196617
2026-04-22 10:35:00;916.87000;918.40997;914;917.375;129744
2026-04-22 10:30:00;916.66998;920.67999;913;917.74799;232004
2026-04-22 10:25:00;910.71002;920.049988;910;916.38782;382438
2026-04-22 10:20:00;907.28003;914.38373;906.94733;910.66998;302026
2026-04-22 10:15:00;902.72998;907.88000;902.72998;907.67999;178597
2026-04-22 10:10:00;898.11731;902.81531;898.11731;902.74841;131232
2026-04-22 10:05:00;901.20001;901.20001;896.81000;898.50500;177748
2026-04-22 10:00:00;903.28998;905.039978;898;901.59998;207805
2026-04-22 09:55:00;903.12000;904.22998;895.73999;903.20001;425692
2026-04-22 09:50:00;905.82001;907.66992;901.52002;903.12000;230214
2026-04-22 09:45:00;914.41998;914.42499;902.40002;906.40503;287121
2026-04-22 09:40:00;910.48999;915.87988;909.55957;914.42499;178391
2026-04-22 09:35:00;920.46997;924;909.25;909.57092;280097
2026-04-22 09:30:00;922.010010;928.75;914.010071;920.74719;866221
2026-04-21 15:55:00;901.049988;903.79999;900.79999;903.35999;227834
2026-04-21 15:50:00;903.85999;908.99951;899.53998;901.17999;251109
2026-04-21 15:45:00;902.47998;905.080017;901.5;903.53003;139319
2026-04-21 15:40:00;913.41998;913.41998;901.65503;902.67987;166744
2026-04-21 15:35:00;916.96002;917.32660;911.38000;912.73499;109042
2026-04-21 15:30:00;915.52002;917.75989;915.21002;917.14429;91007
2026-04-21 15:25:00;916.46997;916.69989;914.95502;915.59003;36707
2026-04-21 15:20:00;914.50500;916.99988;914.020081;916.38000;48728
2026-04-21 15:15:00;915.50989;917.24237;914.020081;914.50500;59037
2026-04-21 15:10:00;915.65002;917.14001;913.44000;914.81201;65323
2026-04-21 15:05:00;914.59998;916.29999;914.59998;915.31000;72442
2026-04-21 15:00:00;913.54999;915;913.050110;914.48999;45016
2026-04-21 14:55:00;914.375;914.97992;911.95001;913.54999;55943
2026-04-21 14:50:00;911.72498;915;910.5;914.38501;48796
2026-04-21 14:45:00;912.43500;913.48999;911.00012207;912.10999;34612
2026-04-21 14:40:00;914.60999;914.60999;911.72620;912.43500;53025
2026-04-21 14:35:00;914.95001;915.84497;913.53998;914.48999;29570
2026-04-21 14:30:00;913.56500;915.59998;913.13013;914.95001;38324
2026-04-21 14:25:00;913.45502;915.44000;913.00012207;913.51001;44669
2026-04-21 14:20:00;914.49988;915.62988;912.52008;913.58002;47192
2026-04-21 14:15:00;916.44000;917.075012;912.52008;913.91498;75419
2026-04-21 14:10:00;914.57001;916.99988;914.15009;916.56000;47761
2026-04-21 14:05:00;916.92999;917.76990;914.64001;915.049988;56511
2026-04-21 14:00:00;916.15997;918.50989;916.15997;917.080017;76777
2026-04-21 13:55:00;916.61499;917;914.63000;916.065002;69791
2026-04-21 13:50:00;916.29999;917.71991;915.12000;916.89429;66232
2026-04-21 13:45:00;913.375;917.16992;912.5;916.60498;60725
2026-04-21 13:40:00;916.99988;916.99988;913.099976;913.375;81472
2026-04-21 13:35:00;913.48999;917.54993;911.23010;916.48999;85827
2026-04-21 13:30:00;913;915.010010;913;913.010010;70100
2026-04-21 13:25:00;913.70007;916.60999;911.22009;913.5;88698
2026-04-21 13:20:00;911.28003;915;910.64001;914.10999;86825
2026-04-21 13:15:00;909.85602;912.65997;909.81012;911.73999;50643
2026-04-21 13:10:00;911.77002;911.95508;908.00012207;909.30011;43090
2026-04-21 13:05:00;910.79999;912.33502;906.50012;911.059998;66191
2026-04-21 13:00:00;908.38501;910.79999;907.98010;910.32001;45038
2026-04-21 12:55:00;909.39001;910;907.71478;907.71478;29730
2026-04-21 12:50:00;910.20502;910.40997;907.5;908.64001;31828
2026-04-21 12:45:00;906.92999;911;906.92999;910.0050049;64196
2026-04-21 12:40:00;907.64001;908.99988;906;906.75;74132
2026-04-21 12:35:00;913.090027;913.79993;907.12012;907.90002;82241
2026-04-21 12:30:00;912.875;914.47998;912.25012;912.56000;45910
2026-04-21 12:25:00;912.48999;914.5;912.00012207;912.38898;36789
2026-04-21 12:20:00;913.44000;915;911.98499;912.48999;98225
2026-04-21 12:15:00;912.75;914.16089;911.45007;913.34998;66580
2026-04-21 12:10:00;912.98999;913.5;910.010071;912.020020;77236
2026-04-21 12:05:00;914.40002;914.99988;911.039978;913.082703;107658
2026-04-21 12:00:00;913.98999;918.79999;913.61499;914.5;243091
2026-04-21 11:55:00;908.90997;914.33002;908.88000;913.67157;175734
2026-04-21 11:50:00;907.22998;909.38989;906.70001;909.099976;81651
2026-04-21 11:45:00;904.20001;908.75;901.88013;907.68500;138883
2026-04-21 11:40:00;903.90002;904.96002;900.83728;903.75;106402
2026-04-21 11:35:00;906.51520;906.87000;902.10010;904.25;109583
2026-04-21 11:30:00;905.10999;908.52002;905.10999;907.23999;67373
2026-04-21 11:25:00;907.054993;907.56000;904.00012207;906.099182;68502
2026-04-21 11:20:00;908.78003;909.84998;906.51868;907.030029;64452
2026-04-21 11:15:00;909.44000;909.48999;905;908.70001;85393
2026-04-21 11:10:00;907.72992;910.73999;907.48999;909.63483;136381
2026-04-21 11:05:00;903.84998;908.30499;900.26001;907.5;144800
2026-04-21 11:00:00;902.78003;905;900.20001;903.00030518;170210
2026-04-21 10:55:00;904.76001;907.20001;901.25;902.36499;120079
2026-04-21 10:50:00;908.22998;908.95001;903.89001;904.47998;158342
2026-04-21 10:45:00;911.030029;911.030029;906.16998;908;99973
2026-04-21 10:40:00;910;913.74988;908.77002;911.53571;119049
2026-04-21 10:35:00;907.91498;911.59998;906.039978;911.59998;126572
2026-04-21 10:30:00;911.91498;912.34003;905.10010;908.42700;221259
2026-04-21 10:25:00;913.37000;914.95990;909;911.75;213437
2026-04-21 10:20:00;914.70001;918.080017;912.67999;913.74500;163958
2026-04-21 10:15:00;913.69000;915.14001;911.26801;914.81000;137850
2026-04-21 10:10:00;915.39001;915.99988;912;913.21002;122806
2026-04-21 10:05:00;914.53003;918;914.50012;915.44501;91252
2026-04-21 10:00:00;917.70001;918;912.32001;914.75;152321
2026-04-21 09:55:00;917.80011;922;916.10010;917.70001;158868
2026-04-21 09:50:00;916.31000;919.91998;912.50012;917.98999;216905
2026-04-21 09:45:00;919.98999;922;914;915.97998;256980
2026-04-21 09:40:00;929.80719;929.80719;917.97998;920.56677;268668
2026-04-21 09:35:00;933.5;937.57501;927;930.26501;323951
2026-04-21 09:30:00;929.28998;938.78003;926.37531;932.88000;1144385
2026-04-20 15:55:00;911.26001;913.31360;910.22998;912.82501;299615
2026-04-20 15:50:00;913.5;915.89990;910.080078;910.21002;171574
2026-04-20 15:45:00;914;915.99988;912.5;913.29999;86858
2026-04-20 15:40:00;911.48999;914.39990;911.48999;913.98999;86628
2026-04-20 15:35:00;912.40759;912.70142;910.77008;911.92999;75129
2026-04-20 15:30:00;914.18903;915.46991;911.59003;912.18500;83887
2026-04-20 15:25:00;914.25299;915.59998;913.32013;914.099976;80141
2026-04-20 15:20:00;913.90997;915.036316;913.13013;914.48993;82900
2026-04-20 15:15:00;918.50012;919.39423;913.00012207;914.16998;145794
2026-04-20 15:10:00;920.53003;920.86987;918.51001;919.28998;47678
2026-04-20 15:05:00;918.59998;920.71991;918.34003;920.46002;72075
2026-04-20 15:00:00;921.53998;922.53992;918.59003;918.91998;78547
2026-04-20 14:55:00;921.010010;922.48999;920.53009;922.039978;56986
2026-04-20 14:50:00;921.59998;923.49988;920.51001;921.010010;47658
2026-04-20 14:45:00;921.92902;924;921.19000;922.034973;84045
2026-04-20 14:40:00;919.53003;922.87988;918;922.15997;107644
2026-04-20 14:35:00;920.73999;921.29993;918.96997;919.53497;89305
2026-04-20 14:30:00;924.76001;925.37549;920.010071;920.90503;113184
2026-04-20 14:25:00;925.80499;926.54999;924.32013;924.76001;83278
2026-04-20 14:20:00;924.84998;925.97498;923.62000;925.5;71453
2026-04-20 14:15:00;924.92999;925.5;923.59998;925.39001;39587
2026-04-20 14:10:00;925.41998;925.74988;922.90009;924.96997;86258
2026-04-20 14:05:00;925;925.93872;923.75012;925.21503;34254
2026-04-20 14:00:00;925.49988;926.97998;923.96997;924.52502;76332
2026-04-20 13:55:00;926.099915;926.40991;923.5;925.25;62747
2026-04-20 13:50:00;924.77502;926.099976;922.69012;925.58002;65299
2026-04-20 13:45:00;925.083191;925.88000;924.5;924.89001;55319
2026-04-20 13:40:00;923.50500;925.89990;923.35199;925.00012207;56860
2026-04-20 13:35:00;923.14502;924.98993;921.79999;923.25;61120
2026-04-20 13:30:00;923.70001;924.97998;922.50012;923.14502;55940
2026-04-20 13:25:00;925.40997;925.49500;923;923.64001;54701
2026-04-20 13:20:00;926.23383;926.23383;923.12012;925.13000;86216
2026-04-20 13:15:00;924.96002;927.15997;924.36011;925.35010;87116
2026-04-20 13:10:00;923.96997;925.70001;923.57001;925.48999;36331
2026-04-20 13:05:00;925.75;925.75;923.52008;924.47998;32009
2026-04-20 13:00:00;924.51001;925.88000;923.40009;925.70001;66601
2026-04-20 12:55:00;925.020020;925.5;923.11780;924.50500;51297
2026-04-20 12:50:00;923.75751;925.22620;921.79999;925.15997;81056
2026-04-20 12:45:00;924.69000;926.39990;923.57001;924.11499;81845
2026-04-20 12:40:00;923.39502;926.5;923.39502;924.47302;109492
2026-04-20 12:35:00;924.72498;924.99988;922.25012;923.020020;75502
2026-04-20 12:30:00;925.375;926;924.00012207;924.92999;57798
2026-04-20 12:25:00;925.60498;926.35992;923.52008;925.375;89054
2026-04-20 12:20:00;926.29999;927.79999;925;925.62000;141298
2026-04-20 12:15:00;924.25;926.53998;922.15009;926.29999;128144
2026-04-20 12:10:00;921.15997;926.76990;921.15997;924.49988;269039
2026-04-20 12:05:00;914.83502;921.48999;914.52618;921.40002;155202
2026-04-20 12:00:00;915.020020;916.010010;913;914.87000;74143
2026-04-20 11:55:00;912.93860;915.98999;912.80011;915.010071;77248
2026-04-20 11:50:00;913.12000;913.98993;909;912.70001;117664
2026-04-20 11:45:00;914.64319;917.25293;913.10999;914.52881;72607
2026-04-20 11:40:00;917.85883;918.15002;913;914.45502;100235
2026-04-20 11:35:00;917.20001;920.51990;916.40002;917.14001;115424
2026-04-20 11:30:00;917.94000;919.12000;915.67657;917.41888;99826
2026-04-20 11:25:00;917.91998;919.84998;915.15601;919;139641
2026-04-20 11:20:00;910.35999;919;910;917.5;216770
2026-04-20 11:15:00;907.15997;910.57001;904.53009;910.57001;102612
2026-04-20 11:10:00;906.5;909.76990;905.029175;906.57001;143674
2026-04-20 11:05:00;905.99091;906.77991;900.37000;906.49463;225914
2026-04-20 11:00:00;908.25;910.35999;904;905.10999;130660
2026-04-20 10:55:00;910.63000;910.84991;905.50012;908.42529;150153
2026-04-20 10:50:00;914.83502;915.98993;905.56982;910.84991;259189
2026-04-20 10:45:00;918.57001;919.089905;913.40002;914.83502;145557
2026-04-20 10:40:00;923.50500;924;918.10999;919.039917;114602
2026-04-20 10:35:00;919.19501;924.39990;919.00012207;923.5;114862
2026-04-20 10:30:00;919.77502;920.60992;917.32001;918.84540;64901
2026-04-20 10:25:00;921.059998;921.99988;919.43640;919.65997;52354
2026-04-20 10:20:00;921.059998;923.59003;918.40100;922;110208
2026-04-20 10:15:00;918;921.20001;916.5;920.72498;101518
2026-04-20 10:10:00;920.99011;924.39990;918.50012;918.96503;189486
2026-04-20 10:05:00;914.23499;921.99957;913.51007;921.59998;171896
2026-04-20 10:00:00;919.33002;919.74988;910.12000;914.12000;165154
2026-04-20 09:55:00;917;919.75;914;919.38000;121969
2026-04-20 09:50:00;919;920;912.98999;916.19000;253373
2026-04-20 09:45:00;925.96997;927.030029;918.5;919.90002;184584
2026-04-20 09:40:00;923.84003;926;916.00012207;925;247341
2026-04-20 09:35:00;931.34003;931.875;916;923.84003;411824
2026-04-20 09:30:00;930.96997;951.46997;923.25;931.81000;1465347
2026-04-17 15:55:00;925.85999;928.90002;918.96997;920.98999;797743
2026-04-17 15:50:00;917.34998;930.5;917.34998;925.98999;996962
2026-04-17 15:45:00;917.047302;918.54999;915.099976;917.020020;236524
2026-04-17 15:40:00;913.50409;917.10999;913.059998;916.72498;194503
2026-04-17 15:35:00;914.5;915.29993;912.030090;913.54999;152169
2026-04-17 15:30:00;911.33002;915.95288;911.33002;914.50012;166438
2026-04-17 15:25:00;909.85999;912.70001;909.31000;910.79498;102567
2026-04-17 15:20:00;910.080017;911;908.21997;909.89502;116325
2026-04-17 15:15:00;909.35590;910.78003;907.94818;910.39001;140393
2026-04-17 15:10:00;910.65002;910.65002;906.44000;908.99683;191447
2026-04-17 15:05:00;916.27502;916.69000;910.030029;910.34497;144853
2026-04-17 15:00:00;917.11499;918.5;914.030029;916.22998;126678
2026-04-17 14:55:00;914.015015;918.89990;914.015015;917.14001;132086
2026-04-17 14:50:00;917.16498;917.51001;912.030029;914.21997;163812
2026-04-17 14:45:00;918.81000;920.28717;916.82013;917.5;139777
2026-04-17 14:40:00;918.40997;919.82001;915.92999;918.42902;184713
2026-04-17 14:35:00;923.31000;924.65991;918.34998;918.40997;206624
2026-04-17 14:30:00;919.45001;923.48999;919;923;208754
2026-04-17 14:25:00;917;920.66992;916.89502;919.45001;215565
2026-04-17 14:20:00;914.54999;917.15002;913.50012;917.13000;118899
2026-04-17 14:15:00;910.69501;915.65991;910.63000;914.63000;154629
2026-04-17 14:10:00;909.094971;911.72998;908.90997;910.63507;83290
2026-04-17 14:05:00;909.82501;910.75989;907.030029;909.039978;103783
2026-04-17 14:00:00;910.83008;912.30798;909.099976;910;97363
2026-04-17 13:55:00;911.84998;912.5;910.11011;911.29999;90622
2026-04-17 13:50:00;911.34998;914.22992;910.010010;911.84998;171821
2026-04-17 13:45:00;907.049988;911.78003;907.049988;911.34998;165892
2026-04-17 13:40:00;906.84003;907.56000;905.66010;907.049988;56839
2026-04-17 13:35:00;905.29999;907.38989;905.18671;906.53003;69270
2026-04-17 13:30:00;906.15503;908.77991;905.12012;905.62000;111127
2026-04-17 13:25:00;903.66998;906.44000;902.50012;906.15503;98297
2026-04-17 13:20:00;905.45001;908.78003;901;903.094971;198801
2026-04-17 13:15:00;905.51501;907.020020;903.66998;905.68988;151509
2026-04-17 13:10:00;902.74988;906;901.81012;905.70001;123187
2026-04-17 13:05:00;902.83502;904.67999;900.5;902.27502;139714
2026-04-17 13:00:00;900.125;903.46991;899.92499;902.83502;113258
2026-04-17 12:55:00;897.98999;900.99988;897.56000;900.125;125132
2026-04-17 12:50:00;898.17999;899.36987;897.20001;897.98999;53186
2026-04-17 12:45:00;895.97998;899.70990;895.97998;897.98999;76229
2026-04-17 12:40:00;898.00012207;898.125;895.00012207;896.42999;79075
2026-04-17 12:35:00;897.81000;900.59998;897.080017;898.40991;137737
2026-04-17 12:30:00;896.28003;899.39551;895.89001;898.27002;121149
2026-04-17 12:25:00;898.88000;898.88000;894.15002;896.28003;92285
2026-04-17 12:20:00;897;898.99988;896.61011;898.69000;76948
2026-04-17 12:15:00;895.51001;899.5;895.50012;897.099976;139021
2026-04-17 12:10:00;893.39001;896.78998;893.00012207;895.94000;107581
2026-04-17 12:05:00;893.63000;894.84998;892.50012;893.59998;106111
2026-04-17 12:00:00;887.90002;893.89990;886.00012207;893.63000;254548
2026-04-17 11:55:00;895.64001;895.69501;887.12000;887.60999;281040
2026-04-17 11:50:00;897.87000;900;894.29999;895.88000;153672
2026-04-17 11:45:00;897.90997;899.87000;896.52008;897.71002;111327
2026-04-17 11:40:00;900.96503;901;897.049988;897.82501;140493
2026-04-17 11:35:00;900.99500;903;899.060974;901.059998;87446
2026-04-17 11:30:00;902.90057;903.91998;900.32507;901.10748;87242
2026-04-17 11:25:00;901.72498;902.96002;899.28998;902.17010;113988
2026-04-17 11:20:00;903.43597;904.29999;901.45001;901.66998;76047
2026-04-17 11:15:00;901.5;906;900.071289;903.39001;192629
2026-04-17 11:10:00;903.81000;904.13000;900.79999;901.12512;123942
2026-04-17 11:05:00;900.75;904.71997;900.75;903.00097656;124407
2026-04-17 11:00:00;901.020020;902.40002;898;900.59998;177953
2026-04-17 10:55:00;902.84998;903.79999;899.090027;901.099976;253819
2026-04-17 10:50:00;909;909.099976;902.26001;902.67999;188305
2026-04-17 10:45:00;907.090027;911.48999;907.090027;909.88501;99474
2026-04-17 10:40:00;907;908.67499;905.38000;907.47998;102151
2026-04-17 10:35:00;910.5;910.5;905.54010;907.59998;168999
2026-04-17 10:30:00;911.16498;912;908.42010;911.010071;134793
2026-04-17 10:25:00;911.76898;915.090027;910.5;911.16498;125219
2026-04-17 10:20:00;910.025024;912.15997;906.030090;912;160974
2026-04-17 10:15:00;914.29498;914.58990;909.22998;910.60999;106003
2026-04-17 10:10:00;912.76001;917;911.030029;914.35999;196107
2026-04-17 10:05:00;903.33008;914.49988;903.33008;912.76001;260194
2026-04-17 10:00:00;907.94000;909.57990;900.56000;904.69537;253024
2026-04-17 09:55:00;911.090027;911.70001;902;907.78003;368024
2026-04-17 09:50:00;914.67499;917.70001;910.79999;911;172217
2026-04-17 09:45:00;912.58002;916.99988;907;914.48999;279745
2026-04-17 09:40:00;923.020020;923.49048;910.14001;913.075012;378836
2026-04-17 09:35:00;922.35999;930.49988;921.97998;923.054993;345804
2026-04-17 09:30:00;920.84003;924.97998;909.57501;922.35999;1358852
2026-04-16 15:55:00;914.88000;920.080017;914.88000;919.39001;475882
2026-04-16 15:50:00;911.71997;914.88000;905.72009;914.51001;207896
2026-04-16 15:45:00;910.42999;912.5;909.00012207;911.81000;111429
2026-04-16 15:40:00;909.37000;911.78998;908.71002;910.059998;107174
2026-04-16 15:35:00;909.84003;911.96997;909.44000;909.57013;110393
2026-04-16 15:30:00;906.37000;911.71991;905.71002;910.29993;167468
2026-04-16 15:25:00;905.35999;906.78992;905.045898;906.31000;60988
2026-04-16 15:20:00;905.41998;907.70801;905.14001;905.21002;84110
2026-04-16 15:15:00;903.90002;906.83002;903.90002;904.81000;94036
2026-04-16 15:10:00;904.25;905.49988;902.29999;903.90503;102572
2026-04-16 15:05:00;903.43500;906.60999;903.0050049;904.28497;126334
2026-04-16 15:00:00;896.90997;904.31989;896.75;903.049988;170357
2026-04-16 14:55:00;895;897.40991;893.010010;897.23999;79778
2026-04-16 14:50:00;894.34497;895.99988;893.76001;895;53156
2026-04-16 14:45:00;896.46997;897.11377;894;894.39508;93915
2026-04-16 14:40:00;896.020020;897.54993;895.62000;897.030029;56725
2026-04-16 14:35:00;899.15991;899.90002;895.72998;896.13300;65679
2026-04-16 14:30:00;898.48999;900.33002;898.030090;899.11591;48990
2026-04-16 14:25:00;899.36499;899.98901;896.69012;898.34003;55520
2026-04-16 14:20:00;898.23999;901;897.5;899.13000;81544
2026-04-16 14:15:00;898.72748;898.98871;896.95001;897.81500;74478
2026-04-16 14:10:00;893.27911;899;892.51007;898.70001;156287
2026-04-16 14:05:00;897.049988;897.90887;893.00012207;893.40997;146809
2026-04-16 14:00:00;896.73499;899.91022;896.60199;897.15881;147023
2026-04-16 13:55:00;899.38501;899.38501;894.51001;897.17902;147598
2026-04-16 13:50:00;901.090027;901.090027;898.27362;899.19000;93956
2026-04-16 13:45:00;901.94000;902.84479;899.89001;901.090027;98185
2026-04-16 13:40:00;905.24500;906.58789;901.48822;901.64380;73484
2026-04-16 13:35:00;906.28003;906.77838;903.40002;905.48999;65475
2026-04-16 13:30:00;907.0050049;908.48993;905.12000;905.70502;50778
2026-04-16 13:25:00;908.47717;909.24988;906.20001;907.31763;70944
2026-04-16 13:20:00;904.37000;908.40002;904.22498;908.24500;66431
2026-04-16 13:15:00;904;904.64001;902.070007;904.015015;68542
2026-04-16 13:10:00;904.71997;906.36987;904.42999;904.75;101376
2026-04-16 13:05:00;903.33002;905;900.85010;904.83002;105650
2026-04-16 13:00:00;902.81000;905.90002;902.5;903.44000;75558
2026-04-16 12:55:00;902.92999;904.93762;902.080078;903.39001;69165
2026-04-16 12:50:00;906.65997;908;902.44000;902.78900;129620
2026-04-16 12:45:00;901.91998;906.63000;901.78998;906.63000;122966
2026-04-16 12:40:00;902.5;903.49988;900.40009;901.78998;110803
2026-04-16 12:35:00;895.39502;902.57990;894.20007;902.46503;191385
2026-04-16 12:30:00;901.23999;902.53992;894.38501;895.68500;259670
2026-04-16 12:25:00;906.13501;906.23993;900.010071;900.76001;143873
2026-04-16 12:20:00;906.55090;907.45319;902.82001;906.13501;157267
2026-04-16 12:15:00;910.31000;910.52502;906.75;906.75;104909
2026-04-16 12:10:00;909.91998;912.65997;909.42999;910.45001;89428
2026-04-16 12:05:00;910.12000;910.98993;908.20001;910.14001;136236
2026-04-16 12:00:00;916.53497;916.99988;910.050110;910.48999;124606
2026-04-16 11:55:00;912.79999;916.97992;912.73999;916.67999;106858
2026-04-16 11:50:00;912.86938;913.79932;911.60999;913.39001;83533
2026-04-16 11:45:00;913.62360;913.99988;911.11011;912.28998;98005
2026-04-16 11:40:00;917.44000;917.91998;913.29999;913.43500;82421
2026-04-16 11:35:00;914.21503;919.89990;914.21503;917.71997;145055
2026-04-16 11:30:00;912;915.49670;911.43011;913.90009;96866
2026-04-16 11:25:00;913.80499;914.96997;910.020020;912.070007;117770
2026-04-16 11:20:00;915.85999;917.20001;910.72998;913.83502;177101
2026-04-16 11:15:00;917.73999;920.49988;915;915.5;129452
2026-04-16 11:10:00;918;919.90002;916.57001;918.17499;106590
2026-04-16 11:05:00;921.16998;921.52698;917.79999;918.34003;90858
2026-04-16 11:00:00;919.75;923.49988;919.40002;921.69702;129890
2026-04-16 10:55:00;917.66998;922.38989;916.59668;919.75;129747
2026-04-16 10:50:00;918.47998;918.47998;915;917.53497;122774
2026-04-16 10:45:00;920.12000;921.14001;916.5;918.23999;108774
2026-04-16 10:40:00;918.28009;922;916.79999;919.78497;140441
2026-04-16 10:35:00;920.90002;921.78003;917.63501;918.46039;111441
2026-04-16 10:30:00;917.50500;921.080994;915.34003;921.020020;162674
2026-04-16 10:25:00;917.52002;923;915;917.77002;226215
2026-04-16 10:20:00;913.54999;918.5;909.34998;917.29999;204489
2026-04-16 10:15:00;919.16998;921.19049;911.25;913.71887;187450
2026-04-16 10:10:00;922.13751;923.10999;918.23999;918.85059;212245
2026-04-16 10:05:00;926.49841;927.78998;920.74011;921.72009;266976
2026-04-16 10:00:00;912.5;927.38989;912.46997;927.27002;468347
2026-04-16 09:55:00;901.97998;912.54559;900.54999;912.28998;327076
2026-04-16 09:50:00;918.73999;918.73999;900.98010;902.29230;426296
2026-04-16 09:45:00;917.11499;923;912.70001;919.125;341082
2026-04-16 09:40:00;917.47998;929.5;912.56012;916.82001;574009
2026-04-16 09:35:00;921.53998;926.33002;912;917;657304
2026-04-16 09:30:00;895.98999;922.56000;894.72998;921.40997;1516156
2026-04-15 15:55:00;886.84;892.6;886.84;891.33;16277
2026-04-15 15:50:00;891;895.11;886.3;886.69;8421
2026-04-15 15:45:00;891.415;893.705;889.825;890.805;5352
2026-04-15 15:40:00;895;895.23;891.8;891.87;4622
2026-04-15 15:35:00;893.685;895.19;893.55;894.75;4454
2026-04-15 15:30:00;890.97;894.58;890.6;893.7;4599
2026-04-15 15:25:00;888.96;891.72;888.96;891.44;2918
2026-04-15 15:20:00;891.18;891.225;888.94;889.07;3315
2026-04-15 15:15:00;893.1;893.81;890.47;891.18;4560
2026-04-15 15:10:00;892.51;893.44;892.24;892.995;4532
2026-04-15 15:05:00;890.435;892.72;890.05;891.85;3903
2026-04-15 15:00:00;891.64502;893;889.65002;890.41998;126384
2026-04-15 14:55:00;893.46;893.46;891.01;891.64502;41630
2026-04-15 14:50:00;894.44501;895.345;893.25012;894.015;11728
2026-04-15 14:45:00;894.32;894.66;892.25;894.66;2894
2026-04-15 14:40:00;896.24;896.275;893.485;894.29;3839
2026-04-15 14:35:00;894.84;896.85;894.54;896.7;3699
2026-04-15 14:30:00;892.87;895.605;892.34;894.96;3277
2026-04-15 14:25:00;898.17;898.17;892.44;892.44;8868
2026-04-15 14:20:00;897.5;899.22;896.86;898.57;1957
2026-04-15 14:15:00;896.6;898.81;895.83;897.3;4098
2026-04-15 14:10:00;894.97;897;894.2;896.64;3682
2026-04-15 14:05:00;895.55;896.25;894.78;895.19;2541
2026-04-15 14:00:00;894.26;897.29;892.27;895.3;3400
2026-04-15 13:55:00;894.99;895.63;893.3;894.235;2031
2026-04-15 13:50:00;891;895.6;891;895.1;3128
2026-04-15 13:45:00;887.99;891.74;887.655;891.3;2424
2026-04-15 13:40:00;888.6;889;887;887.17;1982
2026-04-15 13:35:00;887.77;889.78;887.77;889.175;1732
2026-04-15 13:30:00;885.32;888;885.15;887.73;3233
2026-04-15 13:25:00;885.43;887.18;885.14;885.14;2058
2026-04-15 13:20:00;885;885.88;883.83;885.27;2667
2026-04-15 13:15:00;884.24;885.65;882.87;885.03;1874
2026-04-15 13:10:00;885.4;887.12;882.79;884.34;3646
2026-04-15 13:05:00;882.79;885.93;882.5;884.84;3993
2026-04-15 13:00:00;880.92;883.99;878.71;883;2875
2026-04-15 12:55:00;878.075;881.86;876.02;880.93;3226
2026-04-15 12:50:00;878.93;880.96;876.28;877;2743
2026-04-15 12:45:00;875.6;878.69;874.65;878.57;3134
2026-04-15 12:40:00;885.8;885.8;874.09;875.6;9257
2026-04-15 12:35:00;887;887.97;886;886.05;2435
2026-04-15 12:30:00;884.46;889.2;884.46;886.45;7547
2026-04-15 12:25:00;887.73;887.84;884.17;884.41;1917
2026-04-15 12:20:00;888.415;888.9;886.36;887.62;1555
2026-04-15 12:15:00;887.24;889.1;886.3;888.22;3693
2026-04-15 12:10:00;884.53;888.17;883.35;886.81;4585
2026-04-15 12:05:00;882.29;886.12;882.29;885;3775
2026-04-15 12:00:00;884.56;885.23;881.62;883.46;3831
2026-04-15 11:55:00;886;886;881.85;884.12;3583
2026-04-15 11:50:00;889;889;885.4;885.53;2045
2026-04-15 11:45:00;888.28;892;888.28;890.25;2917
2026-04-15 11:40:00;886.61;889.14;885.94;888;2860
2026-04-15 11:35:00;885.51;888.15;884.26;887;2426
2026-04-15 11:30:00;888.25;888.83;883.5;884.16;3782
2026-04-15 11:25:00;891.4;891.98;887.63;888.51;4421
2026-04-15 11:20:00;891;893.81;889.5;892.93;2913
2026-04-15 11:15:00;895.72;895.72;891.36;891.36;2923
2026-04-15 11:10:00;893.78;896;892.7;895.75;4031
2026-04-15 11:05:00;894.405;894.81;891.99;893.63;4031
2026-04-15 11:00:00;896.27;896.27;890.6;894.035;6487
2026-04-15 10:55:00;897.26;898.79;895.57;895.89;4210
2026-04-15 10:50:00;901.66;904.88;893.98;897.86;6213
2026-04-15 10:45:00;901.22;902.11;897.25;902;3496
2026-04-15 10:40:00;895.88;905.11;895.75;901.55;8988
2026-04-15 10:35:00;891;897.79;891;895.4;6755
2026-04-15 10:30:00;896.655;896.69;889.43;890.98;5760
2026-04-15 10:25:00;896;900.03;894;896.57;10034
2026-04-15 10:20:00;880.5;898.03;880;895.97;9242
2026-04-15 10:15:00;883.82;886.77;878.93;881.045;6656
2026-04-15 10:10:00;882.89;888;878.88;884.5;13663
2026-04-15 10:05:00;898.14;899.5;880.94;883.36;17818
2026-04-15 10:00:00;904.21;904.78;896.53;898.83;15394
2026-04-15 09:55:00;908.37;912.35;902;904.99;7688
2026-04-15 09:50:00;909.51;913;904.87;908.38;9962
2026-04-15 09:45:00;909.3;915.01;908.43;909.28;14269
2026-04-15 09:40:00;912.17;913;903;910.51;16614
2026-04-15 09:35:00;916.37;920.99;910.58;912.27;11148
2026-04-15 09:30:00;929.505;937.91;914.64;916.9;11890
2026-04-14 15:55:00;940.38000;944.70001;940.17010;944.51001;284372
2026-04-14 15:50:00;945.96997;947.59998;939.020020;940.17999;260855
2026-04-14 15:45:00;943.48999;946;942.21997;945.43011;178458
2026-04-14 15:40:00;942.54999;944.40002;942.21997;943.33398;157746
2026-04-14 15:35:00;942.5;943.67999;940.020020;942.69000;111169
2026-04-14 15:30:00;942.95001;944.33002;941.34009;942.94501;101843
2026-04-14 15:25:00;943.35498;944.46997;940.23010;943.5;121727
2026-04-14 15:20:00;943.5;944.53992;942.22998;943.080017;112339
2026-04-14 15:15:00;940.070007;943.48999;939.88000;943.23999;91723
2026-04-14 15:10:00;938.94501;942.71002;938.5;940.53003;105697
2026-04-14 15:05:00;940.44000;941.99988;939.00012207;939.63989;84244
2026-04-14 15:00:00;941.080017;942.44000;939.5;940.44000;80876
2026-04-14 14:55:00;943.059998;943.54993;938.5;941.57001;114362
2026-04-14 14:50:00;944.40900;945.87988;942.16058;943.42999;110198
2026-04-14 14:45:00;941.30011;944.34003;940.020081;943.60010;89402
2026-04-14 14:40:00;943.98999;945.89990;940.48999;941.48499;161580
2026-04-14 14:35:00;941.79999;944.27002;941.090027;943.92999;115222
2026-04-14 14:30:00;937.53900;942.5;937.21997;941.81000;139490
2026-04-14 14:25:00;938.82001;940.66992;937.21997;937.71503;150620
2026-04-14 14:20:00;943.81000;944.87561;938.70001;939.11499;167983
2026-04-14 14:15:00;948.47913;948.70001;943.13000;944.27502;165382
2026-04-14 14:10:00;948.60498;950.91992;947.20801;948.39001;143971
2026-04-14 14:05:00;947.97998;949.25;946.81012;948.69000;209951
2026-04-14 14:00:00;942.21002;948.17999;941;948.059998;223438
2026-04-14 13:55:00;939.73999;942.46002;938.70007;941.00012207;123695
2026-04-14 13:50:00;937.10010;940.099976;936;939.73999;125747
2026-04-14 13:45:00;938.90997;939.12000;936.020020;937.54999;102379
2026-04-14 13:40:00;938.94788;939.87000;938.37012;938.90997;69990
2026-04-14 13:35:00;940.89502;942.28003;938.010010;939.57001;138904
2026-04-14 13:30:00;938.57861;941;936.72998;940.99988;139717
2026-04-14 13:25:00;939.46002;939.99988;937;938.28003;115339
2026-04-14 13:20:00;938;941;936.66998;939.22998;197869
2026-04-14 13:15:00;936.89001;939.030029;936.29999;937.52008;183714
2026-04-14 13:10:00;934.28003;937.98993;933.00012207;937.22998;154971
2026-04-14 13:05:00;930.15997;935.49988;929.84521;934;195313
2026-04-14 13:00:00;926.15002;930.81989;926.15002;930.15997;122753
2026-04-14 12:55:00;927.83258;927.83258;925.50012;926.15002;79417
2026-04-14 12:50:00;929.45001;929.45001;927.00012207;927.20551;64964
2026-04-14 12:45:00;930.51001;931.099976;928.46997;929.22998;66472
2026-04-14 12:40:00;927.10999;931.79993;926.46143;930.51489;129678
2026-04-14 12:35:00;927.77002;928.13000;925.010010;926.79999;103624
2026-04-14 12:30:00;927.96002;928.99988;926.52002;928.030029;83580
2026-04-14 12:25:00;931.20319;932.16998;927.21008;928.27502;98527
2026-04-14 12:20:00;930.5;932.45001;929.35010;930.98999;108909
2026-04-14 12:15:00;930.76001;931.69000;929.00012207;930.5;97379
2026-04-14 12:10:00;930.96997;931.68988;928.20001;930.81000;103594
2026-04-14 12:05:00;929.33502;932.45001;928.70007;931.020020;139418
2026-04-14 12:00:00;925.5;930.54999;925.00012207;929.33502;161203
2026-04-14 11:55:00;932.020020;932.98999;924.30011;925.54999;213277
2026-04-14 11:50:00;934;934.71002;930.10010;932.93988;105008
2026-04-14 11:45:00;931.39001;934.58423;930.11499;934.12860;154694
2026-04-14 11:40:00;937;937.75;931.020020;931.020020;217131
2026-04-14 11:35:00;929.31000;938.5;929.049988;937.31500;404369
2026-04-14 11:30:00;930.54999;931;925.010010;929.050110;335016
2026-04-14 11:25:00;923.044983;932;923.00012207;930.52002;463390
2026-04-14 11:20:00;917.65002;923.70001;916.90997;923.25;355998
2026-04-14 11:15:00;909.28998;918.39001;908.049988;917.65997;214516
2026-04-14 11:10:00;905.99988;911.90991;904.81000;909.58002;197474
2026-04-14 11:05:00;908.99988;909.81989;902.00012207;905.99988;342469
2026-04-14 11:00:00;912.81378;912.99988;907.75012;908.5;236454
2026-04-14 10:55:00;915.98999;916.40002;910.24011;912.79199;144736
2026-04-14 10:50:00;911.90002;917;911.86499;915.65002;195971
2026-04-14 10:45:00;910.88159;913;910;911.85999;161036
2026-04-14 10:40:00;912.50500;914.44000;910.30011;911.77338;143255
2026-04-14 10:35:00;919.27502;919.98999;910;912.27087;307706
2026-04-14 10:30:00;920;923.47998;916.12000;919.25;194194
2026-04-14 10:25:00;923.19000;924.30017;915.29999;919.45001;244720
2026-04-14 10:20:00;913.74500;924.40002;912.010010;922.5;359598
2026-04-14 10:15:00;919.29999;920.91992;912.52002;913.40002;321910
2026-04-14 10:10:00;910.10999;921.87988;910.099976;919;486360
2026-04-14 10:05:00;906.44000;915;906.12000;910.65002;370599
2026-04-14 10:00:00;912.017090;914.5;906;906.064087;357209
2026-04-14 09:55:00;919.57501;920.22992;906.010010;911.45001;446732
2026-04-14 09:50:00;910.97998;920.49988;910.47998;919.72498;404373
2026-04-14 09:45:00;921.010010;923.10992;906.46997;910.56500;688514
2026-04-14 09:40:00;909.14001;925.98999;905.020020;921.96997;931491
2026-04-14 09:35:00;938.96997;939.26892;907.50012;909.92499;1112468
2026-04-14 09:30:00;964.34497;965;922.44501;938.94000;2635335
2026-04-13 15:55:00;950.71997;953.40991;950.20001;952.49280;557120
2026-04-13 15:50:00;945;952.27002;941.47998;950.96002;463828
2026-04-13 15:45:00;945.32001;947.99988;944.29999;945.29999;244692
2026-04-13 15:40:00;948.78497;949.89001;945;945.52002;256882
2026-04-13 15:35:00;948.57001;950;947.63000;948.5;286664
2026-04-13 15:30:00;945.40997;949.23999;944.31000;948.57001;275208
2026-04-13 15:25:00;944.53998;946.97168;943.66998;945.92999;209277
2026-04-13 15:20:00;943.92999;946.5;942.37000;945.19989;276353
2026-04-13 15:15:00;942.59442;944.5;941.53998;943.77002;155736
2026-04-13 15:10:00;940.84003;943.20001;940.5;942.46002;144264
2026-04-13 15:05:00;944.54999;945.87988;940.47998;940.71887;219814
2026-04-13 15:00:00;941.43988;945.59003;940.50012;944.56000;295284
2026-04-13 14:55:00;941.77002;942.83990;939;941;238487
2026-04-13 14:50:00;940.049622;942.49988;939.010010;942.065002;219357
2026-04-13 14:45:00;938.80499;943.53998;938.80499;940.010010;430628
2026-04-13 14:40:00;936.63000;939.16998;934.51001;939.039978;260582
2026-04-13 14:35:00;934.32202;936.79993;933.13000;936.45502;241622
2026-04-13 14:30:00;930.40503;935.98999;929.66998;934;334919
2026-04-13 14:25:00;928.29498;931.62988;927.66998;930.48999;240042
2026-04-13 14:20:00;925.62000;928.5;925.039978;928.5;179278
2026-04-13 14:15:00;923.16998;926;923.15997;925.375;155506
2026-04-13 14:10:00;923.62000;924.56989;922.00012207;923.52002;116228
2026-04-13 14:05:00;927.89502;928;923.25;923.88000;201560
2026-04-13 14:00:00;926.50500;928;925.48999;927.89502;161391
2026-04-13 13:55:00;924.46997;928.35992;924.29999;926.70361;207936
2026-04-13 13:50:00;922.070007;925.47992;920;924.76001;197965
2026-04-13 13:45:00;919.34839;922.79999;917.23541;921.99500;242063
2026-04-13 13:40:00;914.67999;919.29999;914.41998;919.19000;205207
2026-04-13 13:35:00;912.75;915.59991;911.32001;914.41998;158461
2026-04-13 13:30:00;911.10498;913.85999;911;912.5;114705
2026-04-13 13:25:00;910;912;909.75500;911.00012207;78970
2026-04-13 13:20:00;911.29498;912.5;909.5;909.97992;115634
2026-04-13 13:15:00;907.62000;911.48999;907.62000;911.29498;108360
2026-04-13 13:10:00;907.19000;908.19000;906.51007;907.88000;41961
2026-04-13 13:05:00;908.69000;909.5;906;907.39001;68408
2026-04-13 13:00:00;906.90002;909.47998;906.5;909;74661
2026-04-13 12:55:00;907.37000;908.96997;905.51007;907.085022;71977
2026-04-13 12:50:00;909.52502;910.31000;907.048096;907.58002;96608
2026-04-13 12:45:00;908.42999;911.90002;908.21002;909.53998;121555
2026-04-13 12:40:00;909;909.68903;905.58838;908.60498;106322
2026-04-13 12:35:00;907.53998;909.23999;907.33002;908.73999;66122
2026-04-13 12:30:00;908.38000;909;906.65997;907.10010;89092
2026-04-13 12:25:00;907.33502;909.51001;906.18781;908.52008;135813
2026-04-13 12:20:00;902.41998;907.66992;901.75;907.37000;99136
2026-04-13 12:15:00;904.38000;904.64001;901.5;902.010010;61496
2026-04-13 12:10:00;904.78998;905;902.66010;904.75989;88481
2026-04-13 12:05:00;901.40503;905;899.099976;904.18011;156086
2026-04-13 12:00:00;904.34998;905;901.050110;901.43500;104254
2026-04-13 11:55:00;900.82001;904.69940;900.61011;904.36920;104040
2026-04-13 11:50:00;904.5;904.70453;901;901.054993;159624
2026-04-13 11:45:00;906.39008;908.12988;904.25;904.98993;88589
2026-04-13 11:40:00;908.75;909.89001;906.28003;906.56409;89101
2026-04-13 11:35:00;906.99902;909.75;906;908.90997;148397
2026-04-13 11:30:00;905.40997;907;904.020081;906.99988;121209
2026-04-13 11:25:00;907.020020;908;904.23999;905.70001;182289
2026-04-13 11:20:00;909;909.88989;906.51001;907.15088;127692
2026-04-13 11:15:00;911.0067139;911.0067139;907.75012;909.049988;119999
2026-04-13 11:10:00;912.79999;913.16998;909.75;910.41498;113346
2026-04-13 11:05:00;910.080017;913.89001;909.87000;912.95502;167767
2026-04-13 11:00:00;907.10999;911.58002;906.20001;910.26001;204606
2026-04-13 10:55:00;911.92999;914;907;907.17999;191023
2026-04-13 10:50:00;915.16998;915.16998;910.79999;911.46997;187085
2026-04-13 10:45:00;914.97998;917.56000;912;914.99329;297445
2026-04-13 10:40:00;909.88501;914.52002;908.79999;914.34497;279637
2026-04-13 10:35:00;910.39001;913.66998;908.12250;909.88501;403912
2026-04-13 10:30:00;907.45001;911.32990;903.40002;910.53162;413724
2026-04-13 10:25:00;899.044983;908.49988;898.080017;907.59998;383035
2026-04-13 10:20:00;894.15997;900;893.81970;899.16998;377884
2026-04-13 10:15:00;888.96997;894.54999;888.96997;894.15997;188660
2026-04-13 10:10:00;890.50500;890.83972;885.53009;889.28302;223867
2026-04-13 10:05:00;895.5;896.96002;887.52002;890.20001;266178
2026-04-13 10:00:00;894.33008;899.20001;892.72821;895.875;311906
2026-04-13 09:55:00;897.96002;898.67999;890.014404;894.97998;384360
2026-04-13 09:50:00;886.65997;898;886.5;897.86499;485974
2026-04-13 09:45:00;881.96002;886.48999;872.22009;886.48999;517865
2026-04-13 09:40:00;885;887.95001;880;882;397336
2026-04-13 09:35:00;881.45001;886.67987;880.5;885.21002;467994
2026-04-13 09:30:00;867.085022;885.76422;866.96997;881.51001;1796603
2026-04-10 15:55:00;849.77002;852.22998;848.020081;851.96002;282972
2026-04-10 15:50:00;851.84998;853.23999;848.14001;849.76501;185839
2026-04-10 15:45:00;852.78497;853.50598;850.51001;851.78998;157280
2026-04-10 15:40:00;853.82001;854.71997;852.010071;853;124267
2026-04-10 15:35:00;853.53003;854.51001;852.51007;853.58002;112224
2026-04-10 15:30:00;859.90997;859.90997;853.11011;853.65503;178749
2026-04-10 15:25:00;861.33990;861.33990;859.88000;860.19000;72356
2026-04-10 15:20:00;860.65002;861.39001;859.64008;861.20001;80590
2026-04-10 15:15:00;861;861.40002;859.79999;860.82501;67885
2026-04-10 15:10:00;860.60498;861.38989;859.50012;861.070007;63873
2026-04-10 15:05:00;858.71997;861.39001;858.37000;860.60498;86410
2026-04-10 15:00:00;859.50012;860.60999;857.51001;858.47131;78720
2026-04-10 14:55:00;858.62000;859.76001;856.54010;859.66498;47068
2026-04-10 14:50:00;856.48999;860.20001;855.36011;858.42499;80211
2026-04-10 14:45:00;856.17999;857.20001;855.31000;855.71002;64412
2026-04-10 14:40:00;859.46002;859.46002;854.44971;856.53998;139542
2026-04-10 14:35:00;861.28528;862.48999;859;859.33002;67341
2026-04-10 14:30:00;860.58099;861.75500;859.64001;861.38501;60881
2026-04-10 14:25:00;861.39001;861.98999;860.52002;860.52087;55411
2026-04-10 14:20:00;861.70001;862.58002;861;861.48999;96611
2026-04-10 14:15:00;860.79498;862.28998;860.34009;861.96002;66387
2026-04-10 14:10:00;859.099976;861.41968;858.18011;860.79498;60262
2026-04-10 14:05:00;856.73499;859.76001;856.099976;859.099976;78690
2026-04-10 14:00:00;859.53101;860.21997;856.50012;856.74530;98203
2026-04-10 13:55:00;859.48151;861.79999;859.27502;859.75;156569
2026-04-10 13:50:00;857.53998;859.59998;857.42999;859.54993;54281
2026-04-10 13:45:00;857.98999;858.5;856;857.010010;63700
2026-04-10 13:40:00;858.39001;858.79999;857;857.85999;72735
2026-04-10 13:35:00;856.19397;858.5;855.90503;858.048218;101808
2026-04-10 13:30:00;855.89001;856.34998;854.38013;855.5;70209
2026-04-10 13:25:00;856.090027;857;854.42999;855.65002;99876
2026-04-10 13:20:00;854.010010;856.59998;852.71002;856.46802;146032
2026-04-10 13:15:00;853;854.47998;852.10999;854.23999;87494
2026-04-10 13:10:00;852.83282;852.98999;849.51001;852.5;71054
2026-04-10 13:05:00;850.99988;853.39990;849.63000;852.28003;107088
2026-04-10 13:00:00;849.40002;851.49988;847.47998;850.55109;89193
2026-04-10 12:55:00;847.84998;849.40002;846.60101;848.98499;40100
2026-04-10 12:50:00;846.92999;848.39001;845.10010;847.70001;50141
2026-04-10 12:45:00;845.99792;847.53998;845.25;846.46503;56335
2026-04-10 12:40:00;848.28003;848.37988;844.060120;845.25;77364
2026-04-10 12:35:00;848.33002;850.5;847.50012;848.28003;73948
2026-04-10 12:30:00;846.5;849.5;846.5;847.91498;137467
2026-04-10 12:25:00;846.22009;847;845;846.5;62682
2026-04-10 12:20:00;846.39001;847.34003;842.5;846.60999;77595
2026-04-10 12:15:00;843.12000;847.84998;842;846.66998;84859
2026-04-10 12:10:00;841.42499;844.83002;841.00012207;843.46002;112021
2026-04-10 12:05:00;843.5;844.66992;839;841.42499;144921
2026-04-10 12:00:00;847;847.34998;842.50012;843.50012;115302
2026-04-10 11:55:00;846.58502;847.5;844.48999;846.79999;126505
2026-04-10 11:50:00;845.28003;848.45990;844.32001;846.44910;101064
2026-04-10 11:45:00;845.099976;845.79999;842.16998;845.090027;123658
2026-04-10 11:40:00;843.67999;845.74872;842.87012;844.38000;109171
2026-04-10 11:35:00;846.38000;846.38000;841.42999;843.97998;181425
2026-04-10 11:30:00;847.83002;850;844.89001;846.38000;94485
2026-04-10 11:25:00;851;851.40002;847.0010986;847.83002;110470
2026-04-10 11:20:00;849.89502;852.27002;848.54999;851.49292;115238
2026-04-10 11:15:00;846.26001;850.90002;846.041077;850.31000;114668
2026-04-10 11:10:00;848.76990;848.76990;843.050110;846.48993;148915
2026-04-10 11:05:00;843.96997;848.77002;843.5;848.34497;171642
2026-04-10 11:00:00;855.875;856.48993;844;844;261140
2026-04-10 10:55:00;855.45001;856.93988;854.5;856.40503;115105
2026-04-10 10:50:00;851.71997;856.34998;851.71997;855.20001;142418
2026-04-10 10:45:00;852.90002;854.46167;850.54999;851.63501;89923
2026-04-10 10:40:00;851.84998;855;849;852.53998;135554
2026-04-10 10:35:00;848.64001;853.99988;847.11700;851.94000;169755
2026-04-10 10:30:00;853.71002;854.10999;848.38013;848.38013;134213
2026-04-10 10:25:00;855.35498;855.35498;847.29999;853.60999;291551
2026-04-10 10:20:00;858.625;859.5;853.23010;855.35498;182452
2026-04-10 10:15:00;860.036804;862.39990;856.010010;858.72137;141996
2026-04-10 10:10:00;861.23993;862;855.099976;860.96991;211734
2026-04-10 10:05:00;856.28998;864.39001;856.23999;860.78497;240102
2026-04-10 10:00:00;859.020020;859.99988;855.51007;856.72498;260598
2026-04-10 09:55:00;862.75;867;859.51001;859.91290;342392
2026-04-10 09:50:00;862.64398;864.25;858.28497;862.00012207;274680
2026-04-10 09:45:00;850.065002;863.87988;849.48999;862.79169;580816
2026-04-10 09:40:00;837.81000;850.030029;835.27502;849.31677;509898
2026-04-10 09:35:00;855;858.69989;836.53009;838.025024;742730
2026-04-10 09:30:00;873.5;873.95001;853.29999;854.00012207;1930211
2026-04-09 15:55:00;851.56000;853.19000;848.030029;851.54999;548657
2026-04-09 15:50:00;852.21997;853.46997;850.88501;851.83502;190716
2026-04-09 15:45:00;854.51501;855;851.29010;852.21997;211538
2026-04-09 15:40:00;852.28998;854.90997;850.55157;854.55182;205778
2026-04-09 15:35:00;852.47998;852.79993;851.00018311;852.37000;180669
2026-04-09 15:30:00;846.31000;852.5;846.31000;852.41498;285098
2026-04-09 15:25:00;845.76001;847.81000;845.049988;846.37000;194041
2026-04-09 15:20:00;843.67999;845.79999;843.30011;845.5;142181
2026-04-09 15:15:00;845.63000;845.87988;843.10010;843.5;116931
2026-04-09 15:10:00;847.049988;847.40002;843.32001;845.33502;165666
2026-04-09 15:05:00;846.29999;847.28003;845.5;847.125;178283
2026-04-09 15:00:00;841.34003;846.28003;841.23499;846.15002;200489
2026-04-09 14:55:00;841.42291;841.97998;840.5;841.33002;60263
2026-04-09 14:50:00;842.049988;842.70001;839.71997;841.20160;107995
2026-04-09 14:45:00;840.96381;843.099426;840.34003;842.18988;159276
2026-04-09 14:40:00;839.40002;842.12000;838.80499;840.60999;159422
2026-04-09 14:35:00;836.20001;839.39990;835.17999;839.13000;86501
2026-04-09 14:30:00;837.15997;837.18658;834.31000;835.64001;84843
2026-04-09 14:25:00;835.34998;837.15997;835.010071;836.60010;63054
2026-04-09 14:20:00;836;837.34991;834.21002;835.010010;84762
2026-04-09 14:15:00;834.78497;836.40002;834.44012;835.70502;78076
2026-04-09 14:10:00;835.91498;837.79999;833.14008;834.91998;112828
2026-04-09 14:05:00;833.099976;836.5;832.90002;836.49988;105793
2026-04-09 14:00:00;838.48682;839.16992;832.51001;833.40930;145734
2026-04-09 13:55:00;837.92999;839;837.28998;838.90002;63792
2026-04-09 13:50:00;838.51001;839.38000;835.51001;837.71997;85586
2026-04-09 13:45:00;838.084900;839.54993;837.57013;838.40997;67494
2026-04-09 13:40:00;841.53998;842.15002;838.010010;838.28998;144745
2026-04-09 13:35:00;837.71991;843;837.30011;841.66998;225265
2026-04-09 13:30:00;837.375;837.88000;835.50012;837.31000;64655
2026-04-09 13:25:00;837.25;838.38989;835.10999;837.70001;93599
2026-04-09 13:20:00;836.90002;837.69000;836;837.28003;71793
2026-04-09 13:15:00;836.049988;837.20001;835.28009;836.90009;68696
2026-04-09 13:10:00;835.81360;837.20001;833.60999;836.69000;54709
2026-04-09 13:05:00;834.44000;837.28802;833;836;78315
2026-04-09 13:00:00;835.90002;836.45001;833.21997;834.44000;100903
2026-04-09 12:55:00;835.40002;836.23993;833.88501;835.92499;59711
2026-04-09 12:50:00;832.37903;835.96002;832.12012;835.00012207;102141
2026-04-09 12:45:00;833.46002;833.46002;831.12000;832.28998;93014
2026-04-09 12:40:00;835.875;836;833.030029;833.58002;89256
2026-04-09 12:35:00;836;836.79999;835.099976;835.79999;81797
2026-04-09 12:30:00;834.51001;836.65002;833.60010;836.22748;76420
2026-04-09 12:25:00;836.73999;837.75;834.51007;834.54498;116436
2026-04-09 12:20:00;836.67999;837.79999;836;836.99988;95425
2026-04-09 12:15:00;836.54999;836.96002;835.099976;836.42603;110758
2026-04-09 12:10:00;836.75800;838.18988;835.010010;836.12000;147752
2026-04-09 12:05:00;838.25690;840.49988;836.32001;836.90503;244263
2026-04-09 12:00:00;834.78998;840.38000;834.78998;838.44501;342259
2026-04-09 11:55:00;829.29498;834.71991;828.34003;834.66357;179921
2026-04-09 11:50:00;829.67999;830.90002;827.83002;829.18231;81393
2026-04-09 11:45:00;830.49500;830.89001;827.88013;830;144949
2026-04-09 11:40:00;830.21997;833.19989;829.54010;830.98993;165967
2026-04-09 11:35:00;830.74500;832.98993;828.78998;829.71997;210997
2026-04-09 11:30:00;823.68658;832.20001;823.29999;830.40997;287584
2026-04-09 11:25:00;826.039978;826.15002;821.48999;823.38000;102967
2026-04-09 11:20:00;827.55048;827.69000;824.00012207;825.81500;91469
2026-04-09 11:15:00;823.49500;827.5;822.51007;827.375;141982
2026-04-09 11:10:00;822.99988;824.92999;821.89001;823.42200;116854
2026-04-09 11:05:00;823.76501;824;821.25012;823;137310
2026-04-09 11:00:00;829.98999;829.98999;823.32001;823.78003;166833
2026-04-09 10:55:00;828;830.79999;825.81000;830.69153;278400
2026-04-09 10:50:00;822.35999;828.020020;822.26459;827.84998;249619
2026-04-09 10:45:00;818.60461;823;817.21997;822.39160;198935
2026-04-09 10:40:00;815.87720;819.45001;815;819.059998;193271
2026-04-09 10:35:00;814.67499;815.5;808.59009;815.44501;258928
2026-04-09 10:30:00;817;819.53998;812.31000;814.67499;251970
2026-04-09 10:25:00;822.45502;823.42999;815.33002;817.34998;230543
2026-04-09 10:20:00;819.010010;823.93500;819.010010;822.51001;214804
2026-04-09 10:15:00;825.53589;825.58002;815.099976;819.32001;374527
2026-04-09 10:10:00;827.090027;830;824;824.79510;288864
2026-04-09 10:05:00;822.88501;831.26990;822.88501;827.090027;552849
2026-04-09 10:00:00;823.40503;825.57001;820.40009;823.27002;272059
2026-04-09 09:55:00;824.51508;825.16998;819.5;823.40503;271359
2026-04-09 09:50:00;823.81989;825.97998;820.78998;824.69000;391060
2026-04-09 09:45:00;819.00012207;826.15002;817;823.26001;509588
2026-04-09 09:40:00;813.38000;821.059875;807.099976;819.91998;517430
2026-04-09 09:35:00;807.49500;820.68988;807.28003;813.40002;600250
2026-04-09 09:30:00;816.43011;818.99988;805;807.49500;2163420
2026-04-08 15:55:00;780.13000;781.13000;778.82501;780.48999;279420
2026-04-08 15:50:00;778.13000;782;777.080017;780.15503;164818
2026-04-08 15:45:00;779.15833;780.039978;777.90002;778.025024;85439
2026-04-08 15:40:00;778.55499;780;776.020020;778.95001;99133
2026-04-08 15:35:00;778.84998;781.5;778.22430;778.625;120715
2026-04-08 15:30:00;779.63501;780.81989;777;778.53998;126990
2026-04-08 15:25:00;777.5;779.95001;776.84003;779.32013;88574
2026-04-08 15:20:00;779.54999;780.32001;776.84009;777.16119;70457
2026-04-08 15:15:00;778.52502;780.83002;778.19000;780.12000;79794
2026-04-08 15:10:00;778.70001;780.79993;776.51007;778.83002;124298
2026-04-08 15:05:00;777.21997;778.87000;775.41199;778.70001;141231
2026-04-08 15:00:00;778.010010;781.59998;776.010071;776.42480;182414
2026-04-08 14:55:00;783.77002;783.77002;778;778.5;162263
2026-04-08 14:50:00;785.87000;785.89001;782.84003;783.43500;88460
2026-04-08 14:45:00;784.25;786.79993;783.57001;785.00012207;73525
2026-04-08 14:40:00;785;786.59003;784.010010;784.25012;69289
2026-04-08 14:35:00;786.62000;786.96002;784.29633;785.21118;75633
2026-04-08 14:30:00;782.95001;787;782.67499;786.38501;105515
2026-04-08 14:25:00;786.22998;786.42999;782.17999;782.17999;78477
2026-04-08 14:20:00;784.80499;787.34998;784.10510;786.22998;115691
2026-04-08 14:15:00;789.70502;790;782.010010;784.80499;131096
2026-04-08 14:10:00;790.28003;790.48999;789.020020;789.44012;65076
2026-04-08 14:05:00;790.62000;791.80902;789.41998;790.28003;97238
2026-04-08 14:00:00;788.27002;791.92999;787.61011;790.78497;110323
2026-04-08 13:55:00;787.87000;789.81989;787.080078;789.039978;68772
2026-04-08 13:50:00;792.010010;792.070007;786.67999;787.88000;137468
2026-04-08 13:45:00;789.71002;792.40997;789.40002;791.98499;96451
2026-04-08 13:40:00;790.090027;790.88000;789.020081;790.0050049;62298
2026-04-08 13:35:00;790.40002;790.44000;787.87000;790.15002;68823
2026-04-08 13:30:00;788.34998;790.32001;788.075012;789.73999;60981
2026-04-08 13:25:00;787.98499;790.34998;787.55011;788.5;67776
2026-04-08 13:20:00;789.049988;790.58002;787.020020;787.85999;58236
2026-04-08 13:15:00;787.75;791;787.75;789.28003;101470
2026-04-08 13:10:00;787.56000;788.79993;785.13000;788;126159
2026-04-08 13:05:00;789.34003;789.92999;787.10999;787.64502;76540
2026-04-08 13:00:00;789.020020;790;788.16998;789.28003;64462
2026-04-08 12:55:00;789.28003;790.39990;788.88000;789.054993;94883
2026-04-08 12:50:00;790.71002;791.43488;789.020020;789.38501;78673
2026-04-08 12:45:00;791.76001;793.49988;790.21002;790.62000;89242
2026-04-08 12:40:00;790.83002;792.099976;790;792.070007;95705
2026-04-08 12:35:00;792.50403;793.5;790;791.21503;153429
2026-04-08 12:30:00;788.44501;793.94000;787.82001;793;210733
2026-04-08 12:25:00;788.88000;788.88000;786.077820;788.88000;113785
2026-04-08 12:20:00;782.5;788.87988;781.80011;788.46503;158789
2026-04-08 12:15:00;785.25;785.5;781;783;116498
2026-04-08 12:10:00;784.059998;786.65002;782;785.33002;148005
2026-04-08 12:05:00;782.73499;784;780.52679;783.40997;139502
2026-04-08 12:00:00;780.37000;784.98999;780.37000;782.71002;202661
2026-04-08 11:55:00;779;780.79999;778.50012;780.29053;91869
2026-04-08 11:50:00;779.97998;780.88000;778.21002;778.64001;81582
2026-04-08 11:45:00;779.71997;780.45001;777.82001;779.64502;100893
2026-04-08 11:40:00;778.89001;780.88000;778.080078;779.73999;84948
2026-04-08 11:35:00;779.40973;782.5;778.14008;779.34003;176203
2026-04-08 11:30:00;778.84998;779.16998;776.78003;779.11499;92414
2026-04-08 11:25:00;779.77002;780.85999;777;778.47998;197732
2026-04-08 11:20:00;780.16998;780.71997;778.28003;779.050110;184033
2026-04-08 11:15:00;771;780.34003;770.29999;780.17010;224225
2026-04-08 11:10:00;765.90009;773.44989;765.049988;771.42999;177452
2026-04-08 11:05:00;770.45050;772.099976;765;765.90002;187541
2026-04-08 11:00:00;763.5;771.86987;763.49500;770.57990;294829
2026-04-08 10:55:00;765;765;758.19000;762.99011;412000
2026-04-08 10:50:00;767.98999;768.44501;764.14001;765.46997;248640
2026-04-08 10:45:00;772.84998;774.18127;766.71997;767.97998;359965
2026-04-08 10:40:00;779.66998;781.5;772.59998;772.64001;350887
2026-04-08 10:35:00;782.15002;783.42938;779.19000;779.35010;285405
2026-04-08 10:30:00;785.65997;787.5;781.37000;782.78003;163352
2026-04-08 10:25:00;787.83502;790;784.15997;785.32001;241188
2026-04-08 10:20:00;781.66498;788.79993;781;787.83502;214440
2026-04-08 10:15:00;781.59998;784.98993;779.55103;781.53998;255555
2026-04-08 10:10:00;788.20020;788.99988;780.25012;781.21271;304667
2026-04-08 10:05:00;786.93500;788.79993;784.5;787.94501;190567
2026-04-08 10:00:00;787.35999;792.17999;784.34998;786.93500;293371
2026-04-08 09:55:00;786.85498;792.62000;785;787.37952;354414
2026-04-08 09:50:00;802.061523;802.19397;786;786.37000;362161
2026-04-08 09:45:00;788.29999;803.20001;788.29999;802.20502;553840
2026-04-08 09:40:00;793.59998;795.90991;787.27008;788.41937;587034
2026-04-08 09:35:00;801.44580;807.98761;792.030029;793.5;803369
2026-04-08 09:30:00;784.099976;804.79999;783.20001;802.29999;3011722
2026-04-07 15:55:00;707.78003;711.98999;707.78003;710.70001;382024
2026-04-07 15:50:00;704.59998;709.39001;703.98999;707.81989;247187
2026-04-07 15:45:00;699.58002;706.74988;698.50012;704;272120
2026-04-07 15:40:00;698.99042;701.48999;696.85730;699.69000;137469
2026-04-07 15:35:00;695.090027;699.78992;694.53998;698.88013;141389
2026-04-07 15:30:00;695.26001;696;693.41687;695.080017;92530
2026-04-07 15:25:00;695.27002;696.40997;692.11011;695.26501;124315
2026-04-07 15:20:00;697.37000;699.78003;693.44012;696.010010;175032
2026-04-07 15:15:00;690.17999;698;689.71002;697.99988;213019
2026-04-07 15:10:00;692.039978;692.17999;689.26007;690.69000;114657
2026-04-07 15:05:00;690.95502;692.97992;687.67889;691.71008;166926
2026-04-07 15:00:00;692.71997;693.76990;690.36011;690.67688;129799
2026-04-07 14:55:00;692.75500;693;689.010010;692.52002;285850
2026-04-07 14:50:00;695.40997;696.57990;692.51007;692.75500;180256
2026-04-07 14:45:00;698.80798;699.24628;695.40002;695.40997;176660
2026-04-07 14:40:00;699.59998;699.86987;697.62000;698.94000;120439
2026-04-07 14:35:00;701.5;702.20892;699.20001;699.59998;95243
2026-04-07 14:30:00;701.57599;702.60992;701.10010;701.56000;59909
2026-04-07 14:25:00;702.90503;703.54993;701.010010;701.64502;69506
2026-04-07 14:20:00;703.45001;703.72992;702.14001;703;75176
2026-04-07 14:15:00;701.83502;703.46002;701.34003;703.27502;98832
2026-04-07 14:10:00;700.00012207;702.5;699.099976;701.60999;100633
2026-04-07 14:05:00;704.10999;704.10999;699.51001;700.030029;176256
2026-04-07 14:00:00;702.34802;705.30933;702.34802;703.85498;130036
2026-04-07 13:55:00;704.61499;705.32001;701.79999;702.47998;131331
2026-04-07 13:50:00;705.36499;707.20001;704.070007;704.68500;131638
2026-04-07 13:45:00;708.15997;708.79828;705.020020;705.099976;145677
2026-04-07 13:40:00;711.00012207;711.99988;708.030029;708.030029;110072
2026-04-07 13:35:00;712.65997;716.10999;710.40002;711.5;128270
2026-04-07 13:30:00;713.090027;714.58002;711.91998;712.65997;73684
2026-04-07 13:25:00;713.81000;713.81000;711.85010;713.090027;53194
2026-04-07 13:20:00;714.5;714.96997;712.70001;713.73999;62344
2026-04-07 13:15:00;715.66998;716.79993;714.030029;714.040100;60481
2026-04-07 13:10:00;716.049988;716.86877;715.34003;715.67010;41206
2026-04-07 13:05:00;718.70001;718.83771;716.034180;716.51501;48487
2026-04-07 13:00:00;716.19000;718.71997;715.50012;718.69989;73154
2026-04-07 12:55:00;717.21997;717.75;716;716.59003;62586
2026-04-07 12:50:00;716.53998;717.96002;715.5;717.099976;72086
2026-04-07 12:45:00;712.88000;718;712.88000;716.58002;150610
2026-04-07 12:40:00;712.67511;713.58002;711.83008;713.25;44947
2026-04-07 12:35:00;714.99988;715.20001;711.88000;712.67499;67360
2026-04-07 12:30:00;712.99988;715;711.20001;715;64799
2026-04-07 12:25:00;715.46002;715.98999;711.88013;712.54999;75911
2026-04-07 12:20:00;712.45001;716.34998;712.010071;715.86987;119115
2026-04-07 12:15:00;713.68573;714.34998;711.88000;712.45001;62349
2026-04-07 12:10:00;715.26001;717.20001;713.66010;714.075012;96248
2026-04-07 12:05:00;718.34998;719.49969;715.13000;715.47498;150588
2026-04-07 12:00:00;713.21002;722.84998;712.98999;718.66998;289978
2026-04-07 11:55:00;711.57703;714.52002;710.5;712.92999;118763
2026-04-07 11:50:00;709.47998;711.89990;707.66010;711.89990;97187
2026-04-07 11:45:00;707.12988;709.95001;706.77002;709.63501;65301
2026-04-07 11:40:00;706;707.98999;705.75;706.77502;71343
2026-04-07 11:35:00;710.75;710.87170;705.50012;706.044983;107836
2026-04-07 11:30:00;711.20630;712;710;710.5;92887
2026-04-07 11:25:00;707;711.60999;706.76001;710.98999;119630
2026-04-07 11:20:00;707.52002;708.40002;705;706.98999;88051
2026-04-07 11:15:00;703.71002;708.36182;703;707.48999;161434
2026-04-07 11:10:00;699.65002;705.20001;699.65002;704;212587
2026-04-07 11:05:00;704.60999;704.60999;698.28082;699.45001;277862
2026-04-07 11:00:00;705.59003;706.048279;703.16998;704.23999;115949
2026-04-07 10:55:00;711;711;704.78448;705.51001;155725
2026-04-07 10:50:00;714.020020;714.49500;708.52869;711.43500;182353
2026-04-07 10:45:00;710.79999;715.39990;710.70001;714.020996;141734
2026-04-07 10:40:00;711.81000;713.66998;710.030029;711.0050049;103983
2026-04-07 10:35:00;712.33649;713.89990;710.12000;710.88269;99211
2026-04-07 10:30:00;713;714.79999;709.71088;712.34998;200131
2026-04-07 10:25:00;716.76001;717.40002;710.010010;712.92700;284639
2026-04-07 10:20:00;708.49500;717.48999;708.00012207;716.90002;295245
2026-04-07 10:15:00;704.62000;710.30811;704.62000;708.49500;325470
2026-04-07 10:10:00;699;704.73999;699;704.54639;277750
2026-04-07 10:05:00;700.34003;700.67242;695.88000;698.99500;324629
2026-04-07 10:00:00;707.49500;708.28003;699;700.38000;387342
2026-04-07 09:55:00;713.75989;714.36987;707.17010;707.60211;301493
2026-04-07 09:50:00;713.45001;715.84991;711.72009;713.48999;233859
2026-04-07 09:45:00;722.94501;723;711.56097;713.45001;351299
2026-04-07 09:40:00;725;728;721.010071;723.76990;234933
2026-04-07 09:35:00;727.26001;731.36572;722.050110;724.29999;273403
2026-04-07 09:30:00;732.00012207;733.5;720.56000;727;1150199
2026-04-06 15:55:00;722.21997;724.64001;721.99011;724.62000;292076
2026-04-06 15:50:00;721.47998;724.5;720.92627;723.29999;163004
2026-04-06 15:45:00;721.29999;723.54999;719.92700;721.039978;129480
2026-04-06 15:40:00;721;722.20001;720.90009;721.73590;65516
2026-04-06 15:35:00;721.875;722.20001;721;721.23999;61325
2026-04-06 15:30:00;721.020020;722.17987;719.010010;721.84003;78135
2026-04-06 15:25:00;720.97913;722.27173;720.00012207;720.5;57586
2026-04-06 15:20:00;721.84003;722.19000;719.20007;721.98999;122144
2026-04-06 15:15:00;723;723.76001;721.46997;721.65503;53852
2026-04-06 15:10:00;723.32001;723.99988;721.50012;723.015015;73426
2026-04-06 15:05:00;726.22498;726.75;723;723.39001;61492
2026-04-06 15:00:00;725;727.32990;725;726.22998;64492
2026-04-06 14:55:00;727.98999;728.039978;724.89001;724.89447;67301
2026-04-06 14:50:00;727.5;728.41992;727.00012207;727.83502;48134
2026-04-06 14:45:00;726.40503;728;726.40503;727.13000;41934
2026-04-06 14:40:00;727.75989;727.88000;726;726.30750;43609
2026-04-06 14:35:00;726.99988;728.37000;726.050110;727.45001;547168
2026-04-06 14:30:00;726.29999;727;725.5;726.5;53905
2026-04-06 14:25:00;728.52502;728.52502;725.59998;726.50671;56142
2026-04-06 14:20:00;730.069885;730.069885;725.5;728.15009;112350
2026-04-06 14:15:00;727.84998;730.27002;727.27002;729.89001;84658
2026-04-06 14:10:00;726.5;729.41992;725.78998;727.45001;108355
2026-04-06 14:05:00;725.075012;726.90002;725.075012;726.26599;70661
2026-04-06 14:00:00;723.60999;726;723.20001;725.35498;63695
2026-04-06 13:55:00;725.29999;726.99048;723;723;70187
2026-04-06 13:50:00;726.42688;726.95001;724.38000;725.16498;71141
2026-04-06 13:45:00;726.95001;728.79999;725.20001;726.97998;84432
2026-04-06 13:40:00;732.72998;733.16998;725.79010;727;141846
2026-04-06 13:35:00;734.28333;734.59991;731.13013;733.16992;134806
2026-04-06 13:30:00;729.94000;735.5;729.49011;734.23608;275488
2026-04-06 13:25:00;726.72498;730.5;726.40009;730.37000;163870
2026-04-06 13:20:00;722.79498;727.30988;721.22998;726.72498;101262
2026-04-06 13:15:00;720.25;723.82001;720.00012207;722.78998;76125
2026-04-06 13:10:00;725.75;726;717.67010;720.5;124489
2026-04-06 13:05:00;722.34998;727.49988;721.10010;726;114462
2026-04-06 13:00:00;722.039978;723;720.32001;721.87000;52118
2026-04-06 12:55:00;722.034973;722.90002;721.070007;722.044983;41590
2026-04-06 12:50:00;721.84003;723;719.20001;722.52460;59977
2026-04-06 12:45:00;720.75;723.12000;720.31000;722.38000;58131
2026-04-06 12:40:00;720.64001;721.98999;719.71997;721;52562
2026-04-06 12:35:00;718.49500;721.5;718.010010;720.24011;73355
2026-04-06 12:30:00;722.17621;722.17621;717;718.39502;91773
2026-04-06 12:25:00;720.33002;722.79932;719.20007;721.92999;61481
2026-04-06 12:20:00;720.010010;721.47998;719;719.98999;69249
2026-04-06 12:15:00;721;723.5;719.75;720.74988;66318
2026-04-06 12:10:00;719.53003;721.60992;718.56000;720.26001;71581
2026-04-06 12:05:00;720.42499;721;718;719.53003;103347
2026-04-06 12:00:00;722.37000;724.10999;718.79999;720.5;129558
2026-04-06 11:55:00;723.13000;723.49060;720.51001;722.36499;49461
2026-04-06 11:50:00;720.70001;724.10999;719.20007;723.13000;127177
2026-04-06 11:45:00;720.85992;721.52289;719.030090;720.51001;79547
2026-04-06 11:40:00;719.75;721.18011;718.37012;720.48999;76763
2026-04-06 11:35:00;720.34998;721.99988;717.58008;719.99988;144355
2026-04-06 11:30:00;722.59003;722.94971;718.17999;720.31500;148779
2026-04-06 11:25:00;723.59998;723.87769;720.57001;722.84839;176464
2026-04-06 11:20:00;724.5;725.24988;723.20001;723.97150;56837
2026-04-06 11:15:00;724.64001;726;723.099976;723.97498;91567
2026-04-06 11:10:00;726.90002;727.37988;721.88000;724.40002;177150
2026-04-06 11:05:00;732.23999;732.42999;725.37000;726.90002;138788
2026-04-06 11:00:00;728;733.89990;727.65009;732.26001;203124
2026-04-06 10:55:00;726.53998;730.5;724.010010;728.5;209141
2026-04-06 10:50:00;725;728.79999;724.92499;726.84003;187500
2026-04-06 10:45:00;724.85999;727.79993;724.050110;724.050110;97510
2026-04-06 10:40:00;721.5;727.77002;721.34998;724.55127;174640
2026-04-06 10:35:00;722.91998;726.65997;720;721.5;158803
2026-04-06 10:30:00;722.71997;728.49988;721.91022;722.51001;149798
2026-04-06 10:25:00;724.71460;725.28003;720.27002;723.37000;126598
2026-04-06 10:20:00;726;726;721.61493;725;137505
2026-04-06 10:15:00;728.98419;730.010010;723.00012207;725.56000;209089
2026-04-06 10:10:00;720.65997;729.45001;718.00012207;727.98499;208070
2026-04-06 10:05:00;719.96002;723.28040;715.60999;720.75;282993
2026-04-06 10:00:00;722.030029;730.76001;719;720.69000;370027
2026-04-06 09:55:00;725.16998;728.44000;721.40997;723.56000;268369
2026-04-06 09:50:00;729;732.72998;722.90002;724.96997;288742
2026-04-06 09:45:00;724;734.95001;723.84998;728.65997;492751
2026-04-06 09:40:00;717;726.98993;711;723.59998;452910
2026-04-06 09:35:00;729.57990;729.97992;716;717.59003;557774
2026-04-06 09:30:00;720.22998;736;719.5;729.51520;1469524
2026-04-02 15:55:00;700.75;702.25;699.73999;701.95001;391582
2026-04-02 15:50:00;697.59998;702.49988;697.59998;701.010010;384054
2026-04-02 15:45:00;696.99988;697.94000;695.010010;697.54999;97251
2026-04-02 15:40:00;696.79999;697.28998;695.72998;696.38000;80568
2026-04-02 15:35:00;695.32001;697.36212;695.15228;696.83502;81858
2026-04-02 15:30:00;693.32001;695.92999;693;695.62000;88681
2026-04-02 15:25:00;695.21997;695.60999;693.15009;693.46503;93261
2026-04-02 15:20:00;696.20001;696.73999;695.22998;695.28003;62433
2026-04-02 15:15:00;697.59998;697.79999;695.62000;696.5;64868
2026-04-02 15:10:00;697.22998;697.58978;695.21008;697.53003;76453
2026-04-02 15:05:00;694.76001;697.46002;694.42999;697.017029;106312
2026-04-02 15:00:00;693.69800;696.39990;692.59003;694.65002;65092
2026-04-02 14:55:00;695.090027;696.20990;693.20001;693.62000;51102
2026-04-02 14:50:00;694.82990;695.88000;694.099976;695.25;42572
2026-04-02 14:45:00;695.74500;696.28003;694.29999;694.56500;73307
2026-04-02 14:40:00;693.95001;696.5;693.35999;695.74500;119052
2026-04-02 14:35:00;693.66998;694.13000;692.96002;693.94989;46518
2026-04-02 14:30:00;691.39001;693.90002;691.15997;693.59003;54943
2026-04-02 14:25:00;692.45502;692.45502;690.020081;691.34998;43375
2026-04-02 14:20:00;693.34003;694.17999;692;692.46503;42484
2026-04-02 14:15:00;692.31000;694.75;691.40002;693.24011;51557
2026-04-02 14:10:00;692.21997;693.5;691.060120;691.91998;41968
2026-04-02 14:05:00;691.5;693.46991;691.39008;692.76001;50504
2026-04-02 14:00:00;691.080017;692.48999;689.60010;691.79498;500685
2026-04-02 13:55:00;691.65503;692.55988;690;690.79999;44277
2026-04-02 13:50:00;690.00012207;691.96997;689.62659;691.64502;79671
2026-04-02 13:45:00;693;694;690.16010;690.29498;91418
2026-04-02 13:40:00;694.45001;695.83990;692.25012;692.98999;65552
2026-04-02 13:35:00;693.98999;694.79993;693.23108;694.40002;53361
2026-04-02 13:30:00;696.020508;696.53003;693.50452;693.98999;65773
2026-04-02 13:25:00;696.76001;697.15002;695.80011;696.26001;33340
2026-04-02 13:20:00;697.45001;697.91998;695.51001;696.85999;61277
2026-04-02 13:15:00;696.40002;699.29999;695.00012207;697.45001;129223
2026-04-02 13:10:00;693.48999;697.049988;693.26001;696.40002;88864
2026-04-02 13:05:00;694;694.98999;693.11182;693.40002;51263
2026-04-02 13:00:00;692.59003;695.37000;690.76001;694.79999;79769
2026-04-02 12:55:00;694.49500;694.67419;691.28998;692.5;60830
2026-04-02 12:50:00;695.76001;695.76001;692.28003;694.49500;69670
2026-04-02 12:45:00;695.44000;698;694.31787;695;131759
2026-04-02 12:40:00;690.77002;696.49988;690.14001;695.375;167585
2026-04-02 12:35:00;693.45502;694;687.34998;690.16083;128479
2026-04-02 12:30:00;689.5;694.46002;688.080078;693.33002;204735
2026-04-02 12:25:00;685.57001;689.98999;685.27002;689.30011;467641
2026-04-02 12:20:00;687.97498;689.70001;685.27002;685.83002;127708
2026-04-02 12:15:00;689.015015;689.59003;687.010010;687.88000;112121
2026-04-02 12:10:00;690.78992;690.78992;687.81012;689.015015;103024
2026-04-02 12:05:00;691.52002;692.79999;687.90009;689.95001;82497
2026-04-02 12:00:00;692.090027;694.32111;690.59998;691.52002;89339
2026-04-02 11:55:00;690.48999;693;688.97998;692.28998;109209
2026-04-02 11:50:00;692.054993;692.57990;687.46997;690.48999;166111
2026-04-02 11:45:00;691.78003;693.94989;689.5;692.60992;110962
2026-04-02 11:40:00;694.5;695.52002;689.20001;691.70001;121840
2026-04-02 11:35:00;691.14093;696.5;690.51501;693.79999;127073
2026-04-02 11:30:00;693.41998;694.099976;689.82501;691.67999;127720
2026-04-02 11:25:00;693.48999;694.96991;691.00012207;693.32849;134144
2026-04-02 11:20:00;691.70502;694.19989;688.5;693.40002;197637
2026-04-02 11:15:00;690.53998;693.64990;689.00012207;692.19989;127096
2026-04-02 11:10:00;689.57001;692.90991;689.070129;691.14001;171022
2026-04-02 11:05:00;694.51001;695.020020;687.35999;689.36798;246260
2026-04-02 11:00:00;697.83002;697.83002;691.87878;694.27008;192736
2026-04-02 10:55:00;695.5;700;695.00012207;697;256749
2026-04-02 10:50:00;695.45007;696.99988;691.049988;695.68420;322728
2026-04-02 10:45:00;705.33002;707.30988;695.5;695.51001;447175
2026-04-02 10:40:00;704.40002;706;698.97009;705.5;345681
2026-04-02 10:35:00;692.5;706.99988;691.00012207;704.40002;614233
2026-04-02 10:30:00;685.87012;692.86987;685.00012207;692.5;261016
2026-04-02 10:25:00;691.70978;691.97998;684.70001;686.18500;404954
2026-04-02 10:20:00;696.39001;697.77002;690.53003;691.14001;348019
2026-04-02 10:15:00;688.0050049;697.72998;687.66010;696.25500;408847
2026-04-02 10:10:00;688.13501;694;687.65997;688.15503;441389
2026-04-02 10:05:00;686.78998;690.87000;683.89001;688.17999;409855
2026-04-02 10:00:00;685.34998;688.85992;683.56000;686.84998;466840
2026-04-02 09:55:00;680.31000;686.32251;677.79999;685.34998;679894
2026-04-02 09:50:00;666.35498;681.99500;666.00012207;680.40997;732799
2026-04-02 09:45:00;655.22998;667.92499;651.060120;666.35498;502404
2026-04-02 09:40:00;646.17999;657.88000;645.77307;655.29999;410882
2026-04-02 09:35:00;654.76501;654.76501;646.010010;646.030029;473583
2026-04-02 09:30:00;642.52002;663.80988;641;654.00012207;2172494
2026-04-01 15:55:00;691.46002;693.48999;688.79010;692.42090;316602
2026-04-01 15:50:00;695.46997;695.46997;687;691.50500;324156
2026-04-01 15:45:00;693.90997;696.27002;692.5;695.5;179560
2026-04-01 15:40:00;694.34998;695.57001;693.51001;693.90997;131824
2026-04-01 15:35:00;695.27002;696.70001;693.90997;694.67499;122111
2026-04-01 15:30:00;697.80499;698.020508;693.61011;695.20502;163755
2026-04-01 15:25:00;697.79993;698.78992;697.00012207;697.80499;149224
2026-04-01 15:20:00;694.625;697.79999;694.33002;697.43500;152377
2026-04-01 15:15:00;694.79498;696.39001;693.25;694.625;138270
2026-04-01 15:10:00;695.72998;695.84998;693.40002;694.79498;118081
2026-04-01 15:05:00;694.42010;696.20001;692.59009;695.72998;123040
2026-04-01 15:00:00;692.90997;695.79993;692.59998;694.41998;116684
2026-04-01 14:55:00;694.58002;694.75751;692.32013;692.90997;90377
2026-04-01 14:50:00;693.26251;695.40002;692.14008;694.89001;112880
2026-04-01 14:45:00;695.82001;696.40002;692.48999;693.31500;166631
2026-04-01 14:40:00;692.19513;695.81989;692;695.44000;240482
2026-04-01 14:35:00;689.34003;692.72992;686;691.69000;225042
2026-04-01 14:30:00;688.5;691.17987;687.059998;689.11499;179953
2026-04-01 14:25:00;689.29999;692.72998;688.13013;689.25;265219
2026-04-01 14:20:00;691.20502;692.88000;688.75;689.29999;273716
2026-04-01 14:15:00;697.58002;697.58002;691;691.20502;273107
2026-04-01 14:10:00;698.37000;698.99988;696.56000;697.23010;140327
2026-04-01 14:05:00;698.56500;700.49988;696.099976;698.37000;207421
2026-04-01 14:00:00;702.47498;703.19989;698.080017;699.094971;275325
2026-04-01 13:55:00;705.90997;706.33002;701.81000;702.47498;175824
2026-04-01 13:50:00;705.72498;706.49988;703.77002;705.90997;152726
2026-04-01 13:45:00;707.96002;708;705.20007;705.57001;147602
2026-04-01 13:40:00;708.25;709.44128;706.41998;707.84998;124680
2026-04-01 13:35:00;708.20001;710.84998;708.00012207;708.5;132173
2026-04-01 13:30:00;708.51001;710.20001;708;708.29498;138050
2026-04-01 13:25:00;709.18500;709.49988;708.36011;708.51007;64131
2026-04-01 13:20:00;708.23999;710.19000;707.53003;709.10999;99920
2026-04-01 13:15:00;709.63000;709.77002;708.15002;708.35498;86883
2026-04-01 13:10:00;707.66498;710.29999;706.65002;709.54669;149365
2026-04-01 13:05:00;708.76111;710.29999;707.080078;707.53998;248888
2026-04-01 13:00:00;706.5;709.47601;705.5;708.87000;164538
2026-04-01 12:55:00;707.20502;707.34998;705.23999;706.5;121333
2026-04-01 12:50:00;703.46997;707.48993;703.46997;707.20502;187093
2026-04-01 12:45:00;703.22992;704.20001;702.13000;703.33002;89044
2026-04-01 12:40:00;700.56000;703.050110;700.32001;703.049988;105145
2026-04-01 12:35:00;700.75;702.32001;700.17999;700.55011;106778
2026-04-01 12:30:00;702.77002;703.62842;699.39001;700.75;145093
2026-04-01 12:25:00;703.94000;703.94000;702;702.77002;96050
2026-04-01 12:20:00;702.53003;704.89001;701.85999;703.63000;107504
2026-04-01 12:15:00;701.96503;703.090027;700.31000;702.52502;137305
2026-04-01 12:10:00;703.39001;703.67999;701.010071;701.96503;110770
2026-04-01 12:05:00;706.82001;707.41998;702.25012;703.39008;147961
2026-04-01 12:00:00;706.57001;707.65991;703.40002;706.82001;184324
2026-04-01 11:55:00;703.64001;709;703.034973;706.57013;349237
2026-04-01 11:50:00;700.95001;703.84991;699.79999;703.14502;160571
2026-04-01 11:45:00;700.40002;703.65002;700.16010;700.96002;243443
2026-04-01 11:40:00;698.52002;700.89001;697.010071;700.54498;152354
2026-04-01 11:35:00;698.48999;700.97992;697.5;698.66382;172205
2026-04-01 11:30:00;695.15002;698.79993;693.25;698.13501;210506
2026-04-01 11:25:00;698.57501;699.92999;694.50012;695.65997;209385
2026-04-01 11:20:00;699.96002;700.19000;697.34497;698.59003;106810
2026-04-01 11:15:00;699.26001;700.66998;696.64001;700;174006
2026-04-01 11:10:00;701.51501;702;697;698.64502;205903
2026-04-01 11:05:00;700.26501;703.54999;700.063293;701.59998;258516
2026-04-01 11:00:00;696.60999;701.76001;695.53003;700.26501;306236
2026-04-01 10:55:00;698.76001;699.31989;695.80011;697.23999;156541
2026-04-01 10:50:00;699.46002;700.90997;698;698.92999;286127
2026-04-01 10:45:00;698.50500;701.79993;694.60999;699.46002;265183
2026-04-01 10:40:00;698.12000;700.34998;694.44000;698.5;378562
2026-04-01 10:35:00;697.62000;700.21997;695.32001;699.19989;336596
2026-04-01 10:30:00;699.099976;700.99988;695.74762;697.79999;317445
2026-04-01 10:25:00;700.42999;702.63989;697.039978;698.69501;468648
2026-04-01 10:20:00;698.44000;705.90002;697.17999;700.56000;624614
2026-04-01 10:15:00;695.59998;700;694.34003;698.69000;550732
2026-04-01 10:10:00;695.039978;696.40002;690.18011;695.59998;516562
2026-04-01 10:05:00;686.23999;696.28998;685.020020;694.97498;748240
2026-04-01 10:00:00;677.92511;686.74988;675.020020;685.87402;517408
2026-04-01 09:55:00;677.68500;682;674.32001;677.85760;472522
2026-04-01 09:50:00;672.70001;679.5;670.95001;677.68500;413763
2026-04-01 09:45:00;671;676.65002;669.70001;672.71002;486519
2026-04-01 09:40:00;672.90002;680.94238;668.20001;671.34998;752068
2026-04-01 09:35:00;665.64502;672.93988;664;672.41998;830185
2026-04-01 09:30:00;652.28998;669.29999;645.099976;665.82501;2843878
2026-03-31 15:55:00;634.35999;636.31989;632.27002;635.34003;560720
2026-03-31 15:50:00;629.71002;634.47998;628.34003;633.97998;420512
2026-03-31 15:45:00;626.010010;630.53998;624.54999;629.47998;251351
2026-03-31 15:40:00;629;630.39990;625.59998;626.15002;314140
2026-03-31 15:35:00;626.54999;629.52002;626.54999;629.21503;180212
2026-03-31 15:30:00;627.62000;628.77991;626.5;626.72498;114650
2026-03-31 15:25:00;626.83502;628.48999;626.34003;627.57001;103720
2026-03-31 15:20:00;624.39502;628.54999;624.22009;626.79999;210090
2026-03-31 15:15:00;624.83002;626;622.77002;624.59998;119282
2026-03-31 15:10:00;624.35999;626.31989;623.90503;625.020020;162555
2026-03-31 15:05:00;623.80322;624.45990;622.20001;623.91998;115537
2026-03-31 15:00:00;623.375;624.72998;622.50012;623.84991;138044
2026-03-31 14:55:00;621.17999;624.5;620.91998;623.59003;179842
2026-03-31 14:50:00;618.35999;621.48999;617.88000;621.47998;197359
2026-03-31 14:45:00;617.025024;619.75897;616.97498;618.60999;123046
2026-03-31 14:40:00;617;618.49988;615.78198;617.025024;132856
2026-03-31 14:35:00;614.91010;617.96997;613.84998;616.99500;136763
2026-03-31 14:30:00;615.5;617.13989;614;615;125809
2026-03-31 14:25:00;619.54510;619.54510;614;615.53003;184751
2026-03-31 14:20:00;618.5;621;617.90997;619.54498;95833
2026-03-31 14:15:00;618.79999;621.40002;617.59003;618.65503;136507
2026-03-31 14:10:00;617.44501;618.79999;616.30011;618.67999;95461
2026-03-31 14:05:00;615.36499;618.20001;614.21997;617.44501;119486
2026-03-31 14:00:00;616.98999;619.20001;615.070129;615.46503;127862
2026-03-31 13:55:00;618;618.96997;616.29999;616.71002;137430
2026-03-31 13:50:00;617.52002;620.38000;616.62000;618.19513;104992
2026-03-31 13:45:00;618.90997;619.10999;615.28998;617.38501;122321
2026-03-31 13:40:00;619.78998;621.65167;617.50012;619.35498;103325
2026-03-31 13:35:00;621.39001;621.96997;617.059998;619.50500;172361
2026-03-31 13:30:00;622.67999;624.62988;618.72998;621.039978;154370
2026-03-31 13:25:00;627.28998;627.5;622.020081;622.78003;201068
2026-03-31 13:20:00;627.32013;628.76990;626.010010;626.90009;129695
2026-03-31 13:15:00;626.15002;628.66998;625.16803;627.23999;195280
2026-03-31 13:10:00;622.25;626.38000;622.25;625.85999;166373
2026-03-31 13:05:00;628.98999;629.70990;622.15009;622.71503;216385
2026-03-31 13:00:00;623.39001;630.59003;622.44000;629.94000;314852
2026-03-31 12:55:00;624.15997;625.85699;621;623.34998;254748
2026-03-31 12:50:00;625.83002;629.42999;622.56000;624.72998;332718
2026-03-31 12:45:00;624.98499;628.88000;620.90002;626.17499;491625
2026-03-31 12:40:00;612.85669;625.79999;612.66498;624.98499;701258
2026-03-31 12:35:00;607.41498;612.89960;606.71997;612.66498;248260
2026-03-31 12:30:00;606.55499;608.044128;605.54999;607.20129;116509
2026-03-31 12:25:00;607.96002;608.67999;605.059998;606.64502;153529
2026-03-31 12:20:00;603.52002;608.54993;603.43420;607.85999;256548
2026-03-31 12:15:00;599.81000;603.75;599.50012;603.51001;178955
2026-03-31 12:10:00;600.95001;601.19000;598.20001;599.85999;128863
2026-03-31 12:05:00;594.875;601.50031;594.14001;600.75500;207312
2026-03-31 12:00:00;590.38501;595.87000;589.29999;594.875;139405
2026-03-31 11:55:00;595.29999;596.69000;589.29999;589.77002;159565
2026-03-31 11:50:00;591.74500;596.65997;590.64008;595.17999;138362
2026-03-31 11:45:00;594.28003;596;589.64001;591.70001;250555
2026-03-31 11:40:00;597.15002;597.66913;593.12000;594.28003;170933
2026-03-31 11:35:00;598.79999;601.90002;595.70001;597.20502;160252
2026-03-31 11:30:00;601.59003;601.84003;596.98999;598.60498;143071
2026-03-31 11:25:00;601.5;603.20001;600.099976;601.58002;123867
2026-03-31 11:20:00;602.37000;602.37000;598.48999;601.58002;191684
2026-03-31 11:15:00;602.48999;606.65997;602.12140;602.95001;177068
2026-03-31 11:10:00;602.75989;604;599.45007;603.10193;161215
2026-03-31 11:05:00;598.90997;605.51001;598.39911;602.13000;253137
2026-03-31 11:00:00;601;601.47937;595.27002;598.76001;201048
2026-03-31 10:55:00;602.28003;602.69989;597.059998;600.82001;337806
2026-03-31 10:50:00;605;605.57990;600.29999;602.10498;264345
2026-03-31 10:45:00;611.10999;611.5;604.54010;605.5;232681
2026-03-31 10:40:00;613.58502;614.5;607.22998;611.10999;304523
2026-03-31 10:35:00;610.96997;613.85999;608.11951;613.21002;206826
2026-03-31 10:30:00;608.46002;613;608.46002;611.10999;284490
2026-03-31 10:25:00;607.12000;610.5;604.67999;608.5;193206
2026-03-31 10:20:00;609.77002;611.92999;604;607.41010;336288
2026-03-31 10:15:00;602.010010;611.51001;601.81000;610;399499
2026-03-31 10:10:00;603.47998;604.44989;598.70001;602.58643;366836
2026-03-31 10:05:00;609.085022;611.17999;602.5;603.45001;505861
2026-03-31 10:00:00;604.58502;610.75;602.30011;609.085022;425822
2026-03-31 09:55:00;596.18500;607.71997;595.40002;604.58502;567050
2026-03-31 09:50:00;592.44501;596.73499;590.5;596.17499;400159
2026-03-31 09:45:00;585.71503;592.98993;584.22498;592.44501;291280
2026-03-31 09:40:00;584.73999;588.97400;581;586.15002;423144
2026-03-31 09:35:00;593.59998;594.59003;584.010010;585;427105
2026-03-31 09:30:00;589.65002;595.84998;578.41998;593.81000;1846662
2026-03-30 15:55:00;570.48999;573;570.23999;572.55499;431760
2026-03-30 15:50:00;568.59998;570.48999;567.22998;570.26501;247269
2026-03-30 15:45:00;568.50500;569.59991;566.16010;568.45001;197474
2026-03-30 15:40:00;564.020020;569.59998;563.90997;568.46002;279157
2026-03-30 15:35:00;564.29999;566.81989;562.34003;564.34003;210051
2026-03-30 15:30:00;560.51001;564;558.60999;564;196015
2026-03-30 15:25:00;562.51501;562.82001;559.60010;560.12000;133541
2026-03-30 15:20:00;561.71997;563.62000;560.97998;562.65997;135236
2026-03-30 15:15:00;561.059998;562.99988;558.58252;561.71997;200543
2026-03-30 15:10:00;561.53003;562.25;560;561.010010;197888
2026-03-30 15:05:00;564.48999;564.48999;560.88013;561.31000;143072
2026-03-30 15:00:00;564.66998;565.98999;563.21008;563.81000;123774
2026-03-30 14:55:00;565.68652;566.48993;564.18011;564.79999;85233
2026-03-30 14:50:00;564.080017;566.48993;564.080017;565.32013;96567
2026-03-30 14:45:00;565;567.67999;564.010010;564.51501;130599
2026-03-30 14:40:00;564.51001;566.59998;563.52002;564.86603;117036
2026-03-30 14:35:00;566.71002;567.54999;564.17010;564.51001;127628
2026-03-30 14:30:00;566.41998;567.62549;565.46002;566.42999;121637
2026-03-30 14:25:00;566.070007;566.94000;564.5;566.28998;187394
2026-03-30 14:20:00;568.20502;568.99988;565.48999;566.015015;143447
2026-03-30 14:15:00;568.34003;568.79993;567.13562;568.20502;128916
2026-03-30 14:10:00;567.11011;569.21991;566.059998;568.36499;153779
2026-03-30 14:05:00;573.21997;573.48999;565.77002;567.57281;280087
2026-03-30 14:00:00;573.97998;574.84003;572.81000;573.16998;111300
2026-03-30 13:55:00;573.70001;574.33990;572.10010;573.12140;114392
2026-03-30 13:50:00;573.049988;575.79999;572.66010;573.98499;115268
2026-03-30 13:45:00;571.63501;577;571.28003;573.049988;151612
2026-03-30 13:40:00;572.96997;574.54999;571.00012207;571.25;167038
2026-03-30 13:35:00;570.84003;573.59998;570.020020;572.96997;175609
2026-03-30 13:30:00;571.27521;572.20001;567.13013;570.81000;222687
2026-03-30 13:25:00;573.37000;574.43500;570.27002;571.25;283274
2026-03-30 13:20:00;579.35999;580;572.61011;573.10010;241470
2026-03-30 13:15:00;578.099976;579.98322;577.22998;579.67499;106073
2026-03-30 13:10:00;579.044983;579.38000;576.81000;577.75;79547
2026-03-30 13:05:00;577;579.88000;576.5;579.23999;94271
2026-03-30 13:00:00;578.84003;579.59991;577;577.30499;107343
2026-03-30 12:55:00;579.39001;580;576.44940;578.81000;126350
2026-03-30 12:50:00;580.37000;581.65363;578.72009;579.065186;110354
2026-03-30 12:45:00;581.34998;581.59320;578.25;580.44501;106588
2026-03-30 12:40:00;581.15002;582.90002;580.31671;581.39502;158036
2026-03-30 12:35:00;578.11499;581.94000;577;581;155348
2026-03-30 12:30:00;579.34998;581.34991;577.58002;577.96698;148463
2026-03-30 12:25:00;578.44000;580.20001;577.51001;579.60999;135241
2026-03-30 12:20:00;582.48999;583.99988;577.35010;578.44000;168366
2026-03-30 12:15:00;580.27002;582.81000;578.63000;582.65002;137841
2026-03-30 12:10:00;578.47998;581.5;578.00012207;580.5;153192
2026-03-30 12:05:00;579.32501;581.40747;577.79498;578.65997;215901
2026-03-30 12:00:00;583;584.48999;578.41998;579.33002;286560
2026-03-30 11:55:00;586.5;586.98999;583.42999;583.65997;148439
2026-03-30 11:50:00;584.53998;588.75;584.53998;587.099976;129784
2026-03-30 11:45:00;588.13000;589.5;584;585.15503;142094
2026-03-30 11:40:00;589.030029;590.42987;585.53497;588.41498;143612
2026-03-30 11:35:00;588.68390;591.90002;588.12000;589;227990
2026-03-30 11:30:00;586.25;589.48999;585.00012207;588.59998;186625
2026-03-30 11:25:00;587.12402;588.98999;585.010010;586.093811;208298
2026-03-30 11:20:00;584.32001;587.79993;584.080017;587.59991;194668
2026-03-30 11:15:00;586.48999;587.19000;581.5;584.15997;363457
2026-03-30 11:10:00;589.58002;591.98999;586.35999;587.49988;259755
2026-03-30 11:05:00;591.99500;593.95990;588.39001;589.58002;237827
2026-03-30 11:00:00;595.97998;600.98999;589.59998;591.59473;347341
2026-03-30 10:55:00;592.044983;596.66901;588.090027;595.54999;416384
2026-03-30 10:50:00;593.59998;594.59998;590.26489;592.044983;342369
2026-03-30 10:45:00;592.90002;597.20001;590.53998;593.69000;405760
2026-03-30 10:40:00;597.0050049;599.42999;591.5;592.48499;296199
2026-03-30 10:35:00;599.98999;601.13000;596.26001;596.5;230694
2026-03-30 10:30:00;600.54999;604.34998;598.20367;599.46002;190019
2026-03-30 10:25:00;608.020020;608.37000;600.030029;600.14282;254844
2026-03-30 10:20:00;609.48999;611.57001;607.22260;608.49500;174038
2026-03-30 10:15:00;611.17999;612.20001;606.14001;609.39410;282838
2026-03-30 10:10:00;606.72998;614.96997;606.51001;610.97998;426306
2026-03-30 10:05:00;605.46002;608.79993;601.76532;606.74500;361516
2026-03-30 10:00:00;597.21021;606.35992;596.61011;605.53998;437791
2026-03-30 09:55:00;597.66998;598.56000;591.010010;596.96002;487077
2026-03-30 09:50:00;598.72998;604.22998;596.51001;598.64001;550155
2026-03-30 09:45:00;605.45502;607.59998;596.10999;598.52502;669787
2026-03-30 09:40:00;609.94000;611;603.44000;605.23010;560861
2026-03-30 09:35:00;628.84497;632.43988;607.96997;609.69000;745354
2026-03-30 09:30:00;642.73999;651;627.52002;629.21002;2023142
2026-03-27 15:55:00;614.35498;616.76990;614.28998;615.68500;319000
2026-03-27 15:50:00;612.090027;614.96991;610.059998;614.25;158833
2026-03-27 15:45:00;615.34998;615.39001;611.35999;612.89502;121351
2026-03-27 15:40:00;614.66998;615.96991;614.050110;615.044983;131622
2026-03-27 15:35:00;616.044983;616.045105;613.28101;614.79498;121058
2026-03-27 15:30:00;613.13757;616.21997;612.79999;616.21002;112580
2026-03-27 15:25:00;613.74200;613.74200;611.18011;612.34009;101602
2026-03-27 15:20:00;613.54999;616.28992;612.65002;614;131530
2026-03-27 15:15:00;611.52002;615.49048;610.40009;613.85999;142813
2026-03-27 15:10:00;611.40833;611.96991;608.46002;611.52002;111136
2026-03-27 15:05:00;607.78552;612.70001;607.34998;611.23999;233067
2026-03-27 15:00:00;606.30499;609;605.62097;607.83502;92826
2026-03-27 14:55:00;606.59003;606.91498;604.50012;606.69000;111127
2026-03-27 14:50:00;608.37000;609.5;606.12000;606.59003;68668
2026-03-27 14:45:00;609.91998;610.5;605.5;607.97498;106124
2026-03-27 14:40:00;608.48999;610.46002;606.18011;609.75500;113508
2026-03-27 14:35:00;609.10999;609.28998;607.5;608.44000;104112
2026-03-27 14:30:00;610.54999;610.54999;607.52002;609.55011;125871
2026-03-27 14:25:00;609.98999;611.65997;609.63000;610.099976;70339
2026-03-27 14:20:00;612;612.61987;609.26532;609.79999;88596
2026-03-27 14:15:00;610.12170;612.70001;608.98999;612.20502;137861
2026-03-27 14:10:00;611.31000;612.019897;608.70001;610.39502;155211
2026-03-27 14:05:00;612.79999;613.31000;610.71002;611.88000;96700
2026-03-27 14:00:00;613.34497;614.51001;611.25012;612.79999;98718
2026-03-27 13:55:00;613.27008;614.73993;612.060608;613.34998;78493
2026-03-27 13:50:00;614.11499;616;613.080078;613.54999;80531
2026-03-27 13:45:00;613.72009;615;612.92010;614.20001;73054
2026-03-27 13:40:00;614.010010;615.5;612.25012;614.31000;106360
2026-03-27 13:35:00;614.010010;616.87000;613.62012;614.25500;131132
2026-03-27 13:30:00;612.78998;614.87988;612.19012;614.030029;119835
2026-03-27 13:25:00;616.10999;616.21997;612.22998;612.73999;155315
2026-03-27 13:20:00;618.15002;618.39001;615;615.98999;153730
2026-03-27 13:15:00;621.096985;621.47992;617.39008;618.20502;74562
2026-03-27 13:10:00;621.5;621.99988;619.010071;621.12000;70479
2026-03-27 13:05:00;619.17499;622.92987;617.14001;621.50012;130876
2026-03-27 13:00:00;619.54498;620.58990;618.12012;619.33002;95845
2026-03-27 12:55:00;620.40002;620.55988;619.11011;619.30011;85067
2026-03-27 12:50:00;624.21100;625;620.030090;620.59497;118163
2026-03-27 12:45:00;620.34003;625;619.75;624.21008;151461
2026-03-27 12:40:00;619.40002;621.59003;618.52002;620.25;141428
2026-03-27 12:35:00;621.96002;622;618.44000;619.070007;186239
2026-03-27 12:30:00;624.45502;624.88989;621.44098;621.92999;101113
2026-03-27 12:25:00;624.020020;625.98999;623.58008;624.88989;85161
2026-03-27 12:20:00;624.24500;626.49988;622.62012;624.47498;125145
2026-03-27 12:15:00;625.94000;626.28992;623.20001;624.24500;88885
2026-03-27 12:10:00;625.88000;626.55298;624.67010;626;81529
2026-03-27 12:05:00;626.70007;629;625.010071;625.92010;70352
2026-03-27 12:00:00;628;628.45001;625.15009;626.92511;129307
2026-03-27 11:55:00;629.90991;629.90997;627.010071;628;111943
2026-03-27 11:50:00;630.19000;632.89990;628.020813;629.45502;137169
2026-03-27 11:45:00;629.25;631.34998;628.87012;630.38000;104338
2026-03-27 11:40:00;631.47998;632.59991;628.51001;629.23401;205645
2026-03-27 11:35:00;637;637.75989;631.24011;631.46002;209716
2026-03-27 11:30:00;630.40997;638.52002;630.22009;636.59497;463472
2026-03-27 11:25:00;625.87;631.49988;625.07;630.40002;224990
2026-03-27 11:20:00;623.88501;629.88000;621.72009;625.97998;156475
2026-03-27 11:15:00;624.28003;625.46997;623;623.875;118048
2026-03-27 11:10:00;624.99988;626.59998;624.29010;624.54498;157024
2026-03-27 11:05:00;623.38000;625.69989;620.51007;624.54999;165776
2026-03-27 11:00:00;623.45001;625.70001;623;623.26001;154739
2026-03-27 10:55:00;620.59998;625.42987;620.59998;623.59998;158852
2026-03-27 10:50:00;618.12012;623;618.020020;620.59998;224596
2026-03-27 10:45:00;612.13000;618.75;611.16998;618.27002;209528
2026-03-27 10:40:00;614.45001;617.99988;612.010071;612.070007;166743
2026-03-27 10:35:00;618.51001;621.26001;611;614.59998;261092
2026-03-27 10:30:00;619;620.44000;617.010071;619.25;155338
2026-03-27 10:25:00;620.90997;623.49988;617.51099;618.73999;185686
2026-03-27 10:20:00;623.75;624.13501;618.68011;619.75012;190119
2026-03-27 10:15:00;622.59003;625.5;621.010010;624;256572
2026-03-27 10:10:00;620.76001;625.91992;620.080017;622.60999;309936
2026-03-27 10:05:00;617.92999;623.78992;613.82013;620.91748;337905
2026-03-27 10:00:00;620.89001;625.48999;616.80048;618.48999;415376
2026-03-27 09:55:00;621.91632;622.094971;612.86011;621.059998;501303
2026-03-27 09:50:00;631.030029;634.29993;621.30011;621.96002;648300
2026-03-27 09:45:00;626.51001;633.84003;626.51001;631.36987;612340
2026-03-27 09:40:00;626.93512;629.72998;621.40009;627;746782
2026-03-27 09:35:00;613.46002;627.28998;610.17999;627.17999;772658
2026-03-27 09:30:00;600.90002;614.28992;599.37000;613.5;2021210
2026-03-26 15:55:00;606.18878;606.34991;602.030029;603.039978;600360
2026-03-26 15:50:00;610.34998;611.41998;604.39001;605.13000;255473
2026-03-26 15:45:00;610.77002;611.43970;609.050110;609.98499;191107
2026-03-26 15:40:00;612.85999;613.99988;610.010986;610.78998;191859
2026-03-26 15:35:00;614.50787;615.99988;612.22998;613.28003;148288
2026-03-26 15:30:00;615.78998;617.39807;611.51007;614.55988;206923
2026-03-26 15:25:00;614.059998;615.76001;613.080078;615.76001;143249
2026-03-26 15:20:00;613.080017;614.78992;611.51007;613.92999;166124
2026-03-26 15:15:00;609.44000;615.88000;609.00012207;613.0050049;283197
2026-03-26 15:10:00;607.80499;609.28998;604.52008;609.15997;179306
2026-03-26 15:05:00;611.75;611.75;607.51001;607.80499;178695
2026-03-26 15:00:00;612.79993;614.70990;611.21997;611.83002;211598
2026-03-26 14:55:00;611.19501;612.79993;609.40997;612.54999;165736
2026-03-26 14:50:00;610.46997;611.88989;608.90802;611.13623;136628
2026-03-26 14:45:00;606.875;610.77002;606.010071;610.77002;120565
2026-03-26 14:40:00;606.99988;607.24298;605.29010;606.62000;87965
2026-03-26 14:35:00;607.60999;607.60999;604.53009;606.75500;167172
2026-03-26 14:30:00;606;608.21997;605.53003;607.84003;117470
2026-03-26 14:25:00;607.62000;608.56000;605.53003;605.91498;112545
2026-03-26 14:20:00;605.78003;610.25;605.33002;607.625;173388
2026-03-26 14:15:00;605.71002;606.77002;605.29999;605.65002;124341
2026-03-26 14:10:00;608.28998;608.29993;604.31500;605.98999;222081
2026-03-26 14:05:00;608.65002;609.76501;607.13000;607.95001;200280
2026-03-26 14:00:00;608.010010;610.91998;607.5;608.55029;169702
2026-03-26 13:55:00;610.62701;611.25;607.5;608.125;257951
2026-03-26 13:50:00;612.52002;613.49988;610.049988;610.43500;136119
2026-03-26 13:45:00;611.69501;613.95001;610.76001;612.75500;147581
2026-03-26 13:40:00;613.73578;614.78998;611.26001;611.69501;112085
2026-03-26 13:35:00;615.21997;616.49902;613.42010;614.49988;124218
2026-03-26 13:30:00;612.5;615.875;612.13013;615.21503;126925
2026-03-26 13:25:00;612.13000;612.79999;610.77002;612.46301;158615
2026-03-26 13:20:00;615.15002;615.65002;610.93500;612.099976;183703
2026-03-26 13:15:00;615.54999;616.53992;614.26001;615.19501;105494
2026-03-26 13:10:00;614.51501;617.48993;613.5;615.34003;156427
2026-03-26 13:05:00;613.97998;615.44000;612.80011;614.51501;171308
2026-03-26 13:00:00;614.45502;615.47992;612.5;613.84998;11826377
2026-03-26 12:55:00;615.11682;615.88000;614;614.20099;164214
2026-03-26 12:50:00;613.44501;615.66992;610.45001;615.10980;320969
2026-03-26 12:45:00;615.44000;616.20001;612.79999;613.46997;214291
2026-03-26 12:40:00;617.48999;617.60681;614.020020;615.93011;290068
2026-03-26 12:35:00;621.34003;621.99988;617;617.49500;236986
2026-03-26 12:30:00;623.35999;623.40002;620.51001;621.44513;175771
2026-03-26 12:25:00;625.18500;625.18500;623;623.14001;109037
2026-03-26 12:20:00;626.11609;626.76001;622.21503;624.85059;124885
2026-03-26 12:15:00;628.76501;629.90002;625.28003;626.50500;152724
2026-03-26 12:10:00;632.61499;632.61499;626.13000;628.76501;186057
2026-03-26 12:05:00;630.20001;632.98999;629.50012;632.28009;149341
2026-03-26 12:00:00;629.84332;631.41992;629.00012207;630.27002;143302
2026-03-26 11:55:00;628.14502;630.63000;627.14001;630;152884
2026-03-26 11:50:00;629.21503;631.81000;627.5;628.14502;238065
2026-03-26 11:45:00;624.19000;629.48999;623.80011;629.21503;229000
2026-03-26 11:40:00;623.54999;624.64508;622.28003;624.46552;99832
2026-03-26 11:35:00;623;624.97998;622.020081;623.69672;96104
2026-03-26 11:30:00;623.99988;625.97998;621;623;188522
2026-03-26 11:25:00;622.50500;624.65308;622;623.58002;118875
2026-03-26 11:20:00;621.55011;624.48999;621.12000;622.87000;131160
2026-03-26 11:15:00;625.015015;625.54993;621.10010;622.059998;139436
2026-03-26 11:10:00;622;626;621.050110;625.14502;205256
2026-03-26 11:05:00;624.95502;626.0098877;619.65009;622.039978;272162
2026-03-26 11:00:00;622.26001;625.24988;619;625.13000;493664
2026-03-26 10:55:00;622.19000;625.24988;620.70007;622.26001;318361
2026-03-26 10:50:00;624.90002;626.69000;622.20007;622.61499;285076
2026-03-26 10:45:00;626.010010;627.97992;623.76001;624.64001;389579
2026-03-26 10:40:00;632.64001;635.35992;625.45007;626.010010;395419
2026-03-26 10:35:00;635.10999;635.59003;630.36011;632.64001;185888
2026-03-26 10:30:00;634.89001;636.84998;630.5;635.10999;207962
2026-03-26 10:25:00;637.15002;638.0098877;633.54999;634.43500;181337
2026-03-26 10:20:00;635.00012207;639.13000;633.33002;637.14001;209409
2026-03-26 10:15:00;634.49438;637.40997;633.79999;635.77002;225190
2026-03-26 10:10:00;636.010010;637.78998;632.080017;634.85999;228358
2026-03-26 10:05:00;631.69000;637;630.65997;636.5;440863
2026-03-26 10:00:00;631.50500;633.0098877;627.59998;631.54999;440957
2026-03-26 09:55:00;640;641.71002;629.064697;631.5;557478
2026-03-26 09:50:00;643.25;644.48999;636.63000;640.11072;380698
2026-03-26 09:45:00;648;649.78992;638.27002;643.125;546462
2026-03-26 09:40:00;645.51001;650.41998;640.87000;646.34009;457067
2026-03-26 09:35:00;658.58002;658.58002;645.51001;645.77002;392932
2026-03-26 09:30:00;652.20001;659.65991;644.21997;658.099976;1179065
2026-03-25 15:55:00;673;678.13000;673;677.85999;453556
2026-03-25 15:50:00;674.73999;675.47998;670.14008;672.68500;244401
2026-03-25 15:45:00;674.13000;675.22998;673.16010;674.58502;111551
2026-03-25 15:40:00;671.67999;675.078979;670.65009;674.13000;133265
2026-03-25 15:35:00;674.58002;674.58002;669.81000;671.98999;149376
2026-03-25 15:30:00;676.10248;676.59003;673.77002;673.88000;83343
2026-03-25 15:25:00;675.98499;677.59839;674.77008;676.094971;90680
2026-03-25 15:20:00;675;676.99988;674.73999;675.53009;93548
2026-03-25 15:15:00;676.12000;677.5;674.46008;675.21997;90071
2026-03-25 15:10:00;675.17499;676.59418;672.67999;675.53003;88877
2026-03-25 15:05:00;675.70001;676.59003;673.23999;675.19000;116140
2026-03-25 15:00:00;677.054993;677.98999;675.20001;675.21002;99509
2026-03-25 14:55:00;678.020020;678.65503;675.26001;677.30499;128280
2026-03-25 14:50:00;681.56000;681.95990;677.44000;678.50500;96933
2026-03-25 14:45:00;681.34998;682.39990;680.84009;681.59998;69459
2026-03-25 14:40:00;680.88000;682.74518;678.81012;681.97998;87440
2026-03-25 14:35:00;679.24011;682.33002;678.099976;680.88000;96661
2026-03-25 14:30:00;681.28497;682.34991;678.70001;679.54413;94471
2026-03-25 14:25:00;680.49988;682.65002;679.71997;681.29999;107944
2026-03-25 14:20:00;678.72498;680.99988;678.34003;680.40350;74289
2026-03-25 14:15:00;678.89502;680.40277;677.69000;678.67999;69933
2026-03-25 14:10:00;678.19000;681.85992;677.59998;678.99500;75119
2026-03-25 14:05:00;679.81458;682.29999;676.54010;678.19000;100672
2026-03-25 14:00:00;677.44513;680.84003;677.010010;679.91510;104861
2026-03-25 13:55:00;680.075012;680.38989;676.26001;677.17010;131940
2026-03-25 13:50:00;681.60010;684.49988;679.76001;679.76001;129995
2026-03-25 13:45:00;683.039978;684.11987;680.84003;682.010010;138320
2026-03-25 13:40:00;679.26501;684.38989;677.90009;683.039978;233755
2026-03-25 13:35:00;677.34003;680.84998;675.37000;679.26501;200082
2026-03-25 13:30:00;671.51501;677.67999;670.60010;677.34003;136769
2026-03-25 13:25:00;671.83002;673.24988;670.81439;671.51501;70414
2026-03-25 13:20:00;673.60498;675.049988;671.875;671.875;103463
2026-03-25 13:15:00;672.69000;674.40637;668.89001;673.79999;119373
2026-03-25 13:10:00;669.090027;674.010010;668.010010;673.030029;150149
2026-03-25 13:05:00;671.90997;673;666.66998;669.16498;163674
2026-03-25 13:00:00;674.099976;675.84998;670.77002;671.90997;94945
2026-03-25 12:55:00;675.51001;675.70001;672.58008;673.79999;77855
2026-03-25 12:50:00;672.73499;675.84991;671.82001;675.44000;94220
2026-03-25 12:45:00;674.25;674.44000;671.40997;672.73499;91125
2026-03-25 12:40:00;675.73999;676.15991;672.91058;674.0050049;103201
2026-03-25 12:35:00;675.19012;676;673.65009;675.080017;86473
2026-03-25 12:30:00;676;676.46002;672.20001;675.19012;121836
2026-03-25 12:25:00;673.58002;675.89001;671.5;675.89001;135805
2026-03-25 12:20:00;671.95502;674.28003;670.49500;672.66998;115919
2026-03-25 12:15:00;673.125;674.51892;669.67010;671.95502;143307
2026-03-25 12:10:00;673.48999;676.77002;672.35999;673.125;163906
2026-03-25 12:05:00;671.63501;674.40002;669.67999;674.31989;137648
2026-03-25 12:00:00;672.54510;673;669.23798;671.070129;108350
2026-03-25 11:55:00;666.98999;673.89990;666.27008;672.54510;148419
2026-03-25 11:50:00;667.39001;668.54999;665.28003;666.77002;108678
2026-03-25 11:45:00;667.54498;668.50500;663.17010;667.11499;156219
2026-03-25 11:40:00;666.31000;668;664.75012;667.54999;130806
2026-03-25 11:35:00;667.25;668;664;666.86499;173411
2026-03-25 11:30:00;665.46997;668.48999;665;667.059998;186408
2026-03-25 11:25:00;663.81500;667;662.54999;665.21002;259768
2026-03-25 11:20:00;657.46503;664.77002;656.27008;663.81500;290521
2026-03-25 11:15:00;663.33008;664.72998;654.34003;657.45001;390970
2026-03-25 11:10:00;666.96997;669.99988;662.47998;663.95502;288742
2026-03-25 11:05:00;668.60010;670.15997;666.010071;666.69000;185206
2026-03-25 11:00:00;674.98999;675.48993;668;668.96997;264170
2026-03-25 10:55:00;676.29999;676.31500;671.79999;674.56012;200009
2026-03-25 10:50:00;677.99500;680.78003;675.69000;676.31500;150297
2026-03-25 10:45:00;681.23999;681.90002;675.89001;678.030029;177157
2026-03-25 10:40:00;684.53497;686;676.50012;680.67499;248598
2026-03-25 10:35:00;678.69000;687.21997;678;684.53510;401592
2026-03-25 10:30:00;678.41998;679.84003;673.65997;678.83002;199294
2026-03-25 10:25:00;680.25;683.68762;674;678.41992;360012
2026-03-25 10:20:00;678.25;683.99988;677.78003;680.065002;485333
2026-03-25 10:15:00;669.59998;678.84003;667;678.25;389248
2026-03-25 10:10:00;668.46997;670;663;669.97998;368312
2026-03-25 10:05:00;663.77002;671.97998;663.76007;668.46997;511217
2026-03-25 10:00:00;656.875;666;653.34998;664.12000;399516
2026-03-25 09:55:00;646.79498;658.98999;646.17999;657.34003;490115
2026-03-25 09:50:00;656.19000;656.40997;643.15997;647.69989;845120
2026-03-25 09:45:00;657.049988;658.96997;652.050110;655.94000;471956
2026-03-25 09:40:00;662.90997;669.78998;651.020020;658.28003;893873
2026-03-25 09:35:00;651.22571;663.60999;650.10999;662.51501;932935
2026-03-25 09:30:00;651.31500;654.98999;638;649.35999;3800690
2026-03-24 15:55:00;700.59003;702.89001;700.11011;702.75;329587
2026-03-24 15:50:00;701.039978;701.19000;698.54999;700.29498;177272
2026-03-24 15:45:00;697.76508;701.87000;697;701.12000;129715
2026-03-24 15:40:00;696.44000;698.85992;695.96002;697.76501;110044
2026-03-24 15:35:00;696.43121;697.46997;695.030029;696.44000;74652
2026-03-24 15:30:00;694.61499;697.34991;693.89001;696.25;97950
2026-03-24 15:25:00;698.97998;699;694.37012;694.61499;104064
2026-03-24 15:20:00;697.72998;699.35999;696.65997;698.66498;99960
2026-03-24 15:15:00;698.64502;700.69000;697;697.71997;138547
2026-03-24 15:10:00;698.59998;700.42999;697.55499;698.64502;90705
2026-03-24 15:05:00;697.93500;699.17999;696.40002;698.98499;85413
2026-03-24 15:00:00;699.89502;701.42999;697.20007;698.20001;127147
2026-03-24 14:55:00;702.20001;702.65991;699;699.81873;106707
2026-03-24 14:50:00;701.075012;703.48999;700.15002;702.39008;86215
2026-03-24 14:45:00;701.13971;701.5;700.010010;701.21997;74967
2026-03-24 14:40:00;702;702.5;697.78003;700.91998;114510
2026-03-24 14:35:00;698.32001;702.97992;698.21997;702.00012207;212544
2026-03-24 14:30:00;694.74500;698.44000;694.33002;698.21997;100850
2026-03-24 14:25:00;693.56000;695.40002;693.26007;694.94501;67874
2026-03-24 14:20:00;695.40002;695.54999;692.090088;693.86859;75731
2026-03-24 14:15:00;695;695.80249;693.54999;695.21002;83748
2026-03-24 14:10:00;693.53497;696.54901;693;694.56519;235587
2026-03-24 14:05:00;694.034973;694.97998;692.5;693.53497;97316
2026-03-24 14:00:00;692.25;694.58990;690.69012;694.034973;117271
2026-03-24 13:55:00;688.95001;693.21997;688.31458;692.46002;140434
2026-03-24 13:50:00;688.36499;690.5;686.42102;689.059998;132358
2026-03-24 13:45:00;687.5;688.95001;686.099976;688.45001;87045
2026-03-24 13:40:00;689.40002;689.95990;686.78998;687.65997;85215
2026-03-24 13:35:00;688.69501;689.99988;686.010010;689.010071;122791
2026-03-24 13:30:00;690.88000;691.049988;687.5;688.34003;133216
2026-03-24 13:25:00;690.049988;691.039917;689.5;690.49042;94507
2026-03-24 13:20:00;693.18817;693.18817;689.59998;690.020020;102313
2026-03-24 13:15:00;694.49988;694.5;691.67999;692.84497;85712
2026-03-24 13:10:00;692;695.25;689.53998;694.14001;150426
2026-03-24 13:05:00;695.67798;696.20001;692;692.34003;195904
2026-03-24 13:00:00;694.42010;696.39001;694.080994;695.71997;35805
2026-03-24 12:55:00;695.86499;696.88000;692.94000;694.42010;95747
2026-03-24 12:50:00;697.57001;699;695.030090;695.71002;76314
2026-03-24 12:45:00;697.96997;698.90002;696.78998;697.29498;65285
2026-03-24 12:40:00;694.57501;697.67999;694.34998;697.67999;70799
2026-03-24 12:35:00;694.66998;695.97998;693.00012207;694.57501;86076
2026-03-24 12:30:00;695.28998;696.11987;694.31000;695;51087
2026-03-24 12:25:00;697.70502;697.87000;694.090027;695.77991;73916
2026-03-24 12:20:00;696.37549;697.71002;693.38000;697.53497;109470
2026-03-24 12:15:00;695.90997;699.88287;695.41998;696.68500;107074
2026-03-24 12:10:00;697.53571;698.96741;695.59998;695.96997;107308
2026-03-24 12:05:00;695.75;697.75879;691.47009;697.41510;189584
2026-03-24 12:00:00;696.57501;698.93323;695;695.00012207;96386
2026-03-24 11:55:00;700.20001;700.79138;693.58002;696.57501;164349
2026-03-24 11:50:00;698.86987;701.90002;698.21002;700.55499;161903
2026-03-24 11:45:00;694.97998;698.51990;694.080078;698.099976;133566
2026-03-24 11:40:00;693.52002;695.65997;693.25;694.76001;86441
2026-03-24 11:35:00;691.48999;693.5;690.59998;693.26001;99122
2026-03-24 11:30:00;693.65698;695.57001;689.030029;691.49500;174489
2026-03-24 11:25:00;694.96997;696.27002;692.50012;693.95001;145906
2026-03-24 11:20:00;694.65002;695.5;690.54999;694.78497;144843
2026-03-24 11:15:00;696.18500;697.35999;692.85999;694.25;145253
2026-03-24 11:10:00;696.88000;697.53662;693.5;696.20251;207632
2026-03-24 11:05:00;698;701.99988;696.60999;696.88501;115348
2026-03-24 11:00:00;703.53003;707;698;698.68500;176078
2026-03-24 10:55:00;704.44171;707.33990;701.22998;703.28998;220491
2026-03-24 10:50:00;699.56970;705.69989;698.030029;704.35999;225187
2026-03-24 10:45:00;697.14001;700.98993;696;699.59003;117339
2026-03-24 10:40:00;696;698.40002;695.52002;697.73999;75480
2026-03-24 10:35:00;701.53497;701.79999;694.080017;696.030029;214512
2026-03-24 10:30:00;696.82001;703.17999;696.77002;701.60498;215298
2026-03-24 10:25:00;695.70001;697.99988;693.54999;697.41498;155340
2026-03-24 10:20:00;703.34241;704;692.31000;696.15997;285829
2026-03-24 10:15:00;704.98999;708;702;703.25;190875
2026-03-24 10:10:00;708.90997;711.29993;698.00012207;704.87000;463093
2026-03-24 10:05:00;700.53027;709.48999;697.090027;709.35278;367377
2026-03-24 10:00:00;697.90997;701.91998;696.26581;700.21002;282913
2026-03-24 09:55:00;688.025085;700.54999;687.14001;697.89502;383767
2026-03-24 09:50:00;684.030090;690.13501;680.19012;688.015015;381684
2026-03-24 09:45:00;685.97992;688.59998;684;685.40503;286968
2026-03-24 09:40:00;698.16998;698.38000;681.71002;685.33502;505854
2026-03-24 09:35:00;706.22498;710.97992;697.039978;698.57001;378866
2026-03-24 09:30:00;694;709.96979;688.42780;705.64001;1081093
2026-03-23 15:55:00;699.12000;702.91998;699.12000;702.46002;531314
2026-03-23 15:50:00;698.60999;702.98993;695;699;327236
2026-03-23 15:45:00;699.37000;699.98999;696.91998;698.31000;182111
2026-03-23 15:40:00;697.29999;700.99988;693.17999;699.37000;222445
2026-03-23 15:35:00;694.73999;698.49988;693.14899;697.53003;141363
2026-03-23 15:30:00;695.14001;696.25989;693.030029;694.73499;142461
2026-03-23 15:25:00;695.98999;697.65997;694.52002;694.91998;150290
2026-03-23 15:20:00;695.94501;696.64990;694.51007;695.70001;108952
2026-03-23 15:15:00;692.45001;696;691.40009;696;215526
2026-03-23 15:10:00;692.33002;693.55328;689.030029;692.50500;167777
2026-03-23 15:05:00;687.53998;692.87988;687.34009;691.97998;147517
2026-03-23 15:00:00;693.85498;693.85498;687;687.14001;203220
2026-03-23 14:55:00;695.68988;697;693.13000;693.91498;107280
2026-03-23 14:50:00;696.025024;696.37000;694.030029;695.28998;133403
2026-03-23 14:45:00;696;698.97992;695.030029;695.89001;139206
2026-03-23 14:40:00;696.39508;697.66998;694.22998;695.53003;137524
2026-03-23 14:35:00;695.45001;697.40002;693.56000;696.010010;179416
2026-03-23 14:30:00;692.58002;695.20001;691;695.015015;163022
2026-03-23 14:25:00;691.010010;693.12000;690.88397;691.91998;97875
2026-03-23 14:20:00;689.87000;691.41998;689;691.40997;81978
2026-03-23 14:15:00;690.84003;692.69989;688.90002;689.94000;93979
2026-03-23 14:10:00;692.28998;694.18988;690.12000;691.094971;119587
2026-03-23 14:05:00;693.40503;694.46002;689.33002;692.28998;201358
2026-03-23 14:00:00;688.26501;694.56500;687.79999;693.40503;254018
2026-03-23 13:55:00;683.91498;688.50677;683.010010;688.50677;116238
2026-03-23 13:50:00;682.66998;685.42999;682.00012207;683.73499;73091
2026-03-23 13:45:00;684.50500;684.98993;680.90002;682.45001;78623
2026-03-23 13:40:00;684.82001;685.59998;681.55011;684.50500;113706
2026-03-23 13:35:00;686.98999;687.99982;684.020020;685.59003;94048
2026-03-23 13:30:00;685.69989;688.59998;685;686.50500;134669
2026-03-23 13:25:00;681.70001;685.70001;681.70001;685.060120;81747
2026-03-23 13:20:00;685.48999;685.54498;679.10010;682.054993;172904
2026-03-23 13:15:00;685.28998;687.40997;684.51001;685.83002;80550
2026-03-23 13:10:00;688.5;688.99988;684.54010;685.21997;104776
2026-03-23 13:05:00;683.38000;689;683.11102;688.69501;112505
2026-03-23 13:00:00;684.78497;685.99988;681.00012207;683.38000;138909
2026-03-23 12:55:00;688.10999;688.76001;683.15009;684.5;155463
2026-03-23 12:50:00;689.72998;689.72998;686.010010;688.10999;139946
2026-03-23 12:45:00;688.5;692.070007;688;689.72998;243911
2026-03-23 12:40:00;685.95001;688.88000;685.010071;688.65002;135655
2026-03-23 12:35:00;684.25;687.48999;683.23999;685.75;140089
2026-03-23 12:30:00;679.40503;684.84998;678.84003;684.25;184671
2026-03-23 12:25:00;686.33502;686.33502;679;679.65997;224157
2026-03-23 12:20:00;683.034973;687.99988;681.83002;685.67999;173974
2026-03-23 12:15:00;689.24500;689.81989;680.030029;682.22498;341219
2026-03-23 12:10:00;688.57501;691.81000;683.5;689.15002;242355
2026-03-23 12:05:00;683.90997;690.87000;683.40002;688.57501;340388
2026-03-23 12:00:00;683.25;687.44000;683.010010;684.37000;282390
2026-03-23 11:55:00;687.51001;690.039978;682.5;683.010071;370067
2026-03-23 11:50:00;692.70001;695.98993;686.45001;688.22998;390103
2026-03-23 11:45:00;694.64001;696.29999;690.030090;693.061523;364338
2026-03-23 11:40:00;700;702.34998;693.59821;695;467456
2026-03-23 11:35:00;706.00012207;706.40997;698.070007;700;497820
2026-03-23 11:30:00;709.65002;713.38000;703.5;706.97302;391170
2026-03-23 11:25:00;716.33002;717.080017;703.46997;709.30511;397760
2026-03-23 11:20:00;726.099976;726.099976;714.26001;716.5;332082
2026-03-23 11:15:00;729.65002;729.65002;724.54999;725.95001;182141
2026-03-23 11:10:00;727.875;730;727;729.45001;148831
2026-03-23 11:05:00;730.31000;730.78003;726.070007;727.52002;192793
2026-03-23 11:00:00;730.98999;731.48999;726.53998;730.72998;293076
2026-03-23 10:55:00;737.22998;737.22998;730.20001;730.99530;222567
2026-03-23 10:50:00;740.57990;740.57990;736.76007;737.16998;169528
2026-03-23 10:45:00;741.24988;744.64502;737.14001;740.57001;217074
2026-03-23 10:40:00;740.59998;742.45001;738.23999;740.89502;259122
2026-03-23 10:35:00;747.21503;748;740.5;740.78009;279688
2026-03-23 10:30:00;742.72998;748.78003;739.00012207;747.15997;403381
2026-03-23 10:25:00;741.25500;745.59998;741;743.17999;422716
2026-03-23 10:20:00;736.88989;742.97998;735.56000;741.25;427903
2026-03-23 10:15:00;733;739;731.77972;736.34998;487837
2026-03-23 10:10:00;726.36011;734.82001;725.91998;732.91998;395539
2026-03-23 10:05:00;718;728.61499;717.070007;726.69568;386895
2026-03-23 10:00:00;719.77002;721.97900;712.16998;717.99988;320985
2026-03-23 09:55:00;722.32013;723.21002;717.28998;719.37848;299072
2026-03-23 09:50:00;724.89001;728.89990;720.58008;722.5;405833
2026-03-23 09:45:00;716.21503;729.98999;715;724.090027;539469
2026-03-23 09:40:00;711.91998;721;709;717.030029;415838
2026-03-23 09:35:00;707.46997;719.33002;700.11011;712.16998;664302
2026-03-23 09:30:00;715.53998;723.47998;704.41998;707.99988;2868210
2026-03-20 15:55:00;703.075012;710.77002;703.075012;710.40002;669691
2026-03-20 15:50:00;701.35999;704.95001;700;703.075012;336721
2026-03-20 15:45:00;702.76001;704.98999;700.5;701.17999;244585
2026-03-20 15:40:00;703.51001;703.98712;701.5;702.84998;218022
2026-03-20 15:35:00;701.59003;703.98999;700.5;703.88000;122970
2026-03-20 15:30:00;699.56500;702.79993;699.38000;701.44342;180151
2026-03-20 15:25:00;703.44000;703.99988;698.34998;699.45502;312129
2026-03-20 15:20:00;706.65503;706.91998;703;703.65002;131691
2026-03-20 15:15:00;703.98999;707.69000;703.68011;706.65997;138625
2026-03-20 15:10:00;704.010010;705;702.51001;704.32001;151856
2026-03-20 15:05:00;705.69000;707.49988;703.00012207;704.14001;154515
2026-03-20 15:00:00;707.57001;709.80988;705.36499;705.36499;168645
2026-03-20 14:55:00;705.21002;709.56989;705.21002;707.72498;196522
2026-03-20 14:50:00;706.25;708.23999;705;705.50500;110933
2026-03-20 14:45:00;704.79999;707.20001;704.5;706.125;137920
2026-03-20 14:40:00;704.66510;705.88000;703.58838;704.83337;148247
2026-03-20 14:35:00;703.53998;704.84003;700.12000;704.66498;267793
2026-03-20 14:30:00;706.70319;708;703.87793;704.16998;225128
2026-03-20 14:25:00;706.25;707.90991;705.35999;706.78003;176389
2026-03-20 14:20:00;710.67999;711.49988;705.53998;706.47998;216053
2026-03-20 14:15:00;713.11499;713.79999;709.51007;710.21002;120444
2026-03-20 14:10:00;712.92499;714.62000;711.29999;713.44873;156772
2026-03-20 14:05:00;710.030029;713.57001;709.44928;712.92499;138854
2026-03-20 14:00:00;710.010010;713;709.22998;709.99500;139543
2026-03-20 13:55:00;709.44000;710.45001;706.79999;710.15997;154909
2026-03-20 13:50:00;708.68500;711.48993;707.48999;709.12000;239088
2026-03-20 13:45:00;709.85498;713;708.29999;708.38000;150617
2026-03-20 13:40:00;711.34998;712.53992;708.90009;709.76001;197741
2026-03-20 13:35:00;713.34998;714.77002;708.50012;711.27002;285070
2026-03-20 13:30:00;714.5;715.69989;710.5;713.16498;322560
2026-03-20 13:25:00;718.53992;718.59991;714.030029;714.65503;207817
2026-03-20 13:20:00;722.75;723;716.10999;718.26501;234973
2026-03-20 13:15:00;725.53998;726.049988;719.010010;722.13000;208677
2026-03-20 13:10:00;725.46002;728.5;724.18011;725.25403;116874
2026-03-20 13:05:00;727.81989;727.88000;723.40002;725.059998;147893
2026-03-20 13:00:00;725.53497;727.81000;725.070007;727.74628;76950
2026-03-20 12:55:00;725.14001;729.54999;724.00012207;724.68091;126196
2026-03-20 12:50:00;723.31012;726.73499;721.13013;725.14001;152286
2026-03-20 12:45:00;727.37000;729.25;723.030029;723.49847;201909
2026-03-20 12:40:00;728;732;726.10010;727.57001;151895
2026-03-20 12:35:00;728.37000;729;726.00012207;728.28992;123209
2026-03-20 12:30:00;730;730.60992;723.69897;727.39569;208132
2026-03-20 12:25:00;732.054993;732.52649;726.59009;730.26001;219105
2026-03-20 12:20:00;733.85901;734;730.77911;732.070007;109507
2026-03-20 12:15:00;735;735.59991;731.25;733;130056
2026-03-20 12:10:00;734.33002;736.87988;732;735.32001;150593
2026-03-20 12:05:00;737.50012;738.5;732.58002;734.41968;278644
2026-03-20 12:00:00;733.72998;738.79993;733.46002;737.94000;433395
2026-03-20 11:55:00;731.35181;735.099915;731.12000;733.72998;269873
2026-03-20 11:50:00;729.76001;731.65997;729;731.55499;145304
2026-03-20 11:45:00;727.60388;730.5;727.60388;729.78003;111126
2026-03-20 11:40:00;726.10010;729.5;726.10010;727.15002;105489
2026-03-20 11:35:00;728;729.070007;726.10010;726.28998;131301
2026-03-20 11:30:00;727.81671;729.049988;726.10010;728.42999;133729
2026-03-20 11:25:00;727.90002;728.93988;725.45508;727.83240;219504
2026-03-20 11:20:00;726.37000;733.20972;725.22998;728.54999;301225
2026-03-20 11:15:00;725.92999;728;724.20001;726.028381;246668
2026-03-20 11:10:00;719.59991;728;718.35999;726.011475;345827
2026-03-20 11:05:00;717.72998;719.99988;713.63013;718.90503;229083
2026-03-20 11:00:00;718.54999;725.90002;716;717.72998;474438
2026-03-20 10:55:00;714.98993;719.75989;714.625;718.58002;322545
2026-03-20 10:50:00;724.5;725.13989;712.42999;714.98993;574189
2026-03-20 10:45:00;729.59497;729.89001;721.56012;724.65479;351197
2026-03-20 10:40:00;732.22223;732.91992;727.94501;729.56000;167498
2026-03-20 10:35:00;734.38000;736.67987;730;732.40002;300016
2026-03-20 10:30:00;730.65503;734.98999;727.20001;733.85999;329241
2026-03-20 10:25:00;729.36987;732;724.5;730.92792;345901
2026-03-20 10:20:00;735.54498;736.30988;725.79999;729.53998;546597
2026-03-20 10:15:00;736.40997;739.070007;735;735.41498;334687
2026-03-20 10:10:00;746.35498;746.5;735.22998;735.62482;412342
2026-03-20 10:05:00;750.39209;751.49988;744.13000;746.11011;342229
2026-03-20 10:00:00;749.70001;750.90991;745.38013;749.51001;273326
2026-03-20 09:55:00;751.96503;753.84003;746.010010;749.70001;444081
2026-03-20 09:50:00;758.78003;762.39990;750.39001;752.065002;439349
2026-03-20 09:45:00;768.75;770;755.77002;758.39502;408584
2026-03-20 09:40:00;761.70001;773.47998;760.28009;768.75;437531
2026-03-20 09:35:00;765.96002;766.86987;757.095581;761.010010;440944
2026-03-20 09:30:00;771.71503;777.59998;762;765.62012;1462573
2026-03-19 15:55:00;771.82001;773.21991;770.63000;771.83502;375004
2026-03-19 15:50:00;770.69000;776;769.25;772;408239
2026-03-19 15:45:00;766.27502;770.88000;764.34003;770.69000;231078
2026-03-19 15:40:00;765.28003;768.79993;764.020020;766.27002;266127
2026-03-19 15:35:00;761.38501;765.46002;759.68011;765.28003;176289
2026-03-19 15:30:00;762.55499;764.58002;760;761.59003;4450879
2026-03-19 15:25:00;762.72998;763.85272;760.88013;762.55499;153200
2026-03-19 15:20:00;764.19000;764.77002;760.79999;762.96002;4322407
2026-03-19 15:15:00;761.49988;765.13000;758.48999;763.61011;215751
2026-03-19 15:10:00;755.92999;761.49988;754.22369;760.27002;305709
2026-03-19 15:05:00;747.76001;756.35999;747.67010;755.93500;263381
2026-03-19 15:00:00;745.95001;750.12000;745.95001;747.91998;150984
2026-03-19 14:55:00;744.12000;747.21997;743.66998;746.375;91917
2026-03-19 14:50:00;744.98999;745;743;744.19598;59125
2026-03-19 14:45:00;744.24500;745;742.049988;744.75598;85731
2026-03-19 14:40:00;746.51001;746.82001;743.27002;744.25;3802801
2026-03-19 14:35:00;745.5;747.070007;745.25;746.59497;72219
2026-03-19 14:30:00;748;748;743.15002;745.29999;104414
2026-03-19 14:25:00;746.22998;748.99988;746;748.28003;3721364
2026-03-19 14:20:00;746.96997;747.69141;745.90002;746.25012;3697999
2026-03-19 14:15:00;746.75;748.52991;744.23010;746.97803;113014
2026-03-19 14:10:00;742.52002;748.39001;742.21002;746.75;125136
2026-03-19 14:05:00;744;744.65997;742.20007;742.59998;54462
2026-03-19 14:00:00;743.29999;744.79999;742.5;743.51001;78958
2026-03-19 13:55:00;744.92499;744.92499;742;743.33002;72845
2026-03-19 13:50:00;742.71503;745.15002;742.38013;745.13000;3566660
2026-03-19 13:45:00;743;743.56000;741.88000;742.96997;62176
2026-03-19 13:40:00;743.025085;744;741.010010;742.80499;64073
2026-03-19 13:35:00;742.20001;743.97992;741.56000;743.025024;56243
2026-03-19 13:30:00;742.26001;744.96997;742.19012;742.75;3499758
2026-03-19 13:25:00;741.83002;743.37000;740.82501;742.52509;90691
2026-03-19 13:20:00;740.95001;742.48999;739.32013;741.74200;92819
2026-03-19 13:15:00;740.58002;742;739.46002;740.72382;73688
2026-03-19 13:10:00;736.51001;741.089905;735.72998;740.21503;119498
2026-03-19 13:05:00;743.30499;744.12000;736.55011;736.76508;112429
2026-03-19 13:00:00;742.73499;744.40002;740.84003;743.11499;81451
2026-03-19 12:55:00;743.72998;744.10999;740;742.73499;114658
2026-03-19 12:50:00;744.32501;744.78998;742.70007;744;87692
2026-03-19 12:45:00;745.52002;746.90002;743.78003;744.375;129260
2026-03-19 12:40:00;743.69092;746.5;742.34003;745.98999;195028
2026-03-19 12:35:00;739.75;743.79993;739.56000;743.625;124293
2026-03-19 12:30:00;740.12598;740.60992;737.010986;740.049988;3210666
2026-03-19 12:25:00;736.20001;740.82001;735.90997;740.0050049;88586
2026-03-19 12:20:00;737.64001;739.080017;734.57001;735.12000;103963
2026-03-19 12:15:00;734.071716;737.42999;732.40100;737.19000;6178589
2026-03-19 12:10:00;737.91998;737.91998;731.82001;734;123887
2026-03-19 12:05:00;736.44501;740.098022;735.47009;737.71503;92539
2026-03-19 12:00:00;735;739;734.020020;736.15002;3120430
2026-03-19 11:55:00;733.5;736.89001;733.15002;735.16241;118127
2026-03-19 11:50:00;736.65009;736.84497;732.28009;733.27521;110670
2026-03-19 11:45:00;736.70001;737.99988;735.049988;736.00012207;115940
2026-03-19 11:40:00;736.44000;738.37000;735.34998;736.84497;5725190
2026-03-19 11:35:00;734.79999;737.5;734.5;736.5;139907
2026-03-19 11:30:00;739.085022;739.21637;734.030090;734.65997;132237
2026-03-19 11:25:00;739.10999;739.89990;736.10010;738.85999;179886
2026-03-19 11:20:00;741.71997;743.99988;739.030029;739.46503;5366952
2026-03-19 11:15:00;745.40002;746.5;740.40002;741.60498;2704023
2026-03-19 11:10:00;745.53998;747.17999;745.00012207;745.82001;94287
2026-03-19 11:05:00;747.17792;750;742.5;745.020020;2709699
2026-03-19 11:00:00;747.67999;749;746.20007;747.034973;122224
2026-03-19 10:55:00;753.10498;753.59998;747.63000;747.71002;167567
2026-03-19 10:50:00;752.69000;756;751.64008;753;2677207
2026-03-19 10:45:00;743.91498;752.87988;743;752.77631;251979
2026-03-19 10:40:00;742.89001;745.62988;741.38013;743.43011;151654
2026-03-19 10:35:00;748.29999;748.29999;741.5;743.12799;2367507
2026-03-19 10:30:00;744.14001;748.97998;742;748.030090;2463651
2026-03-19 10:25:00;747;749.96997;741.44000;744.45502;258478
2026-03-19 10:20:00;745.92102;747.030029;742.39008;746.53497;163046
2026-03-19 10:15:00;750.65002;751.5;742.19000;746;2368873
2026-03-19 10:10:00;744.40002;752.010010;741;750;460114
2026-03-19 10:05:00;741.72510;749.33990;741.084778;744.17999;513976
2026-03-19 10:00:00;729.64001;743.18011;728.95001;741.36499;2037723
2026-03-19 09:55:00;727.070007;729.83002;723.40997;729.83002;1794513
2026-03-19 09:50:00;717.79999;727.51501;716.70001;727.025024;250841
2026-03-19 09:45:00;716.76001;721.47998;715.010071;717.82501;279868
2026-03-19 09:40:00;717.47998;720.92328;713;716.59998;426000
2026-03-19 09:35:00;708.25482;720;704.5;717.85498;531282
2026-03-19 09:30:00;707;708.40002;692;708.29810;1419591
2026-03-18 15:55:00;754.46002;754.99988;752.87000;753;396947
2026-03-18 15:50:00;752.98999;759.45001;752.98999;754.96503;333620
2026-03-18 15:45:00;754.70502;755.21503;751.15009;752.51251;4235410
2026-03-18 15:40:00;754.26001;756.96002;753;754.98999;148143
2026-03-18 15:35:00;750.78998;757.84003;750.039978;753.84003;213604
2026-03-18 15:30:00;755.34998;756;750.59009;751.039978;181556
2026-03-18 15:25:00;755.69000;756.57990;754.049988;755.40997;4015732
2026-03-18 15:20:00;755.96997;757.28497;753.78998;755.95001;122173
2026-03-18 15:15:00;755.24988;758;753.28009;756;112280
2026-03-18 15:10:00;755.56000;756.099915;752.78998;754.95001;113873
2026-03-18 15:05:00;756.89502;757.19989;754.89001;755.97998;88767
2026-03-18 15:00:00;754.65009;757.46997;753.84998;756.89502;102462
2026-03-18 14:55:00;755.82001;757.87000;754.22998;754.82501;128029
2026-03-18 14:50:00;756.40002;757;754.20001;755.82800;125612
2026-03-18 14:45:00;757.85999;759.39990;755.049988;756.020020;3755229
2026-03-18 14:40:00;755.14001;761.5;754.5;758.34497;3904327
2026-03-18 14:35:00;750.19000;757.47992;750.19000;754.75;256076
2026-03-18 14:30:00;752.5;753.5;749.34998;750.19202;3496091
2026-03-18 14:25:00;753;753.39001;751.84998;752.065491;3457624
2026-03-18 14:20:00;752.25;753.25;751.39001;753.054993;116028
2026-03-18 14:15:00;750.65002;752.86481;749;752.58002;150619
2026-03-18 14:10:00;751.42999;752.89001;748.84998;750.85992;164109
2026-03-18 14:05:00;750.75;751.49988;748.20001;751.039978;129797
2026-03-18 14:00:00;747.45001;752.47998;746.88000;750.55011;3375848
2026-03-18 13:55:00;749.39502;749.5;746.5;747.19501;88727
2026-03-18 13:50:00;748.28003;749.96997;747.40997;749.32001;86182
2026-03-18 13:45:00;747.65002;749.28998;746.29010;748.29999;110060
2026-03-18 13:40:00;748.31201;748.99988;746.75;747.56500;88543
2026-03-18 13:35:00;748.065002;750.98993;747.010010;748.060120;3072982
2026-03-18 13:30:00;745.79999;748.41998;745.40002;747.91998;3011087
2026-03-18 13:25:00;745.19800;746.85999;744.27002;746.125;56743
2026-03-18 13:20:00;746.375;746.59998;744.82001;745.20001;2926144
2026-03-18 13:15:00;743.78003;746.75;742.87012;746.22998;83719
2026-03-18 13:10:00;745.17999;745.79999;742.62000;743.31000;2893275
2026-03-18 13:05:00;745;747.25;744.030029;745.17999;106623
2026-03-18 13:00:00;744.13000;746;743.20001;744.90997;94625
2026-03-18 12:55:00;744.37000;745.79999;743.21002;744.12000;58468
2026-03-18 12:50:00;745.41998;745.57898;744.00012207;744.29150;42494
2026-03-18 12:45:00;744;745.5;743.40009;745.5;2769917
2026-03-18 12:40:00;742.45001;745.76001;741.5;744.34998;2806677
2026-03-18 12:35:00;742.030029;742.95001;740.64001;742.5;2751788
2026-03-18 12:30:00;742.81000;745.29999;742.030029;742.39001;88402
2026-03-18 12:25:00;745;746.25;742.31012;742.97998;123458
2026-03-18 12:20:00;744.58600;746.26001;743.26007;744.68689;120635
2026-03-18 12:15:00;744.59003;745.35999;743.70007;744.53497;82918
2026-03-18 12:10:00;742.77502;745.26001;742.039978;744.78998;94763
2026-03-18 12:05:00;743.80011;744.45001;742.39001;742.77502;69473
2026-03-18 12:00:00;743.054993;744.32721;742.5;743.98999;2509734
2026-03-18 11:55:00;746.87292;746.99988;742.51001;743.070007;106643
2026-03-18 11:50:00;742.65997;747;741.88000;746.89990;121402
2026-03-18 11:45:00;743.74500;744;741.15002;742.46503;72271
2026-03-18 11:40:00;744.80011;746;743.00012207;743.79907;2477053
2026-03-18 11:35:00;744.45001;745.5;743.33008;745.025024;4741183
2026-03-18 11:30:00;740.51001;745.20001;739.50012;744.69000;2392520
2026-03-18 11:25:00;743.49988;743.49988;740.57001;740.88501;2319777
2026-03-18 11:20:00;739.075012;743.5;738.73010;743.25;138548
2026-03-18 11:15:00;743.11499;743.71002;738.40997;739.020020;138459
2026-03-18 11:10:00;741.89001;743.78003;739.59998;743.087524;2231215
2026-03-18 11:05:00;738.20001;743.84998;737.67828;741.71503;220346
2026-03-18 11:00:00;737.21503;741.98993;735.65997;738.010010;226914
2026-03-18 10:55:00;736.62000;737.40002;734.13013;737.14001;158835
2026-03-18 10:50:00;730.020020;737.40002;729.81000;736.47998;2043722
2026-03-18 10:45:00;727.22998;730.77002;726.29999;730.5;106191
2026-03-18 10:40:00;726.77002;729.10999;723.63000;727.18500;1958784
2026-03-18 10:35:00;724.98999;727.72998;723.54010;726.77002;1806471
2026-03-18 10:30:00;723;729.48999;723;724.59998;187988
2026-03-18 10:25:00;726.52002;727.48999;721.42999;723.99988;1705360
2026-03-18 10:20:00;730.058411;730.97992;724.51001;726.65997;1659111
2026-03-18 10:15:00;731.46002;735.28003;729;729.54498;1666332
2026-03-18 10:10:00;740.51001;741.71002;731.010010;731.46002;282922
2026-03-18 10:05:00;736.88501;740.89282;736.12000;740.73999;1558808
2026-03-18 10:00:00;733.71503;740.87610;732.14001;737.044983;381279
2026-03-18 09:55:00;728.90198;734.11987;727;733.5;270659
2026-03-18 09:50:00;726.26001;729.87000;723.040100;728.39001;1252336
2026-03-18 09:45:00;718.48999;727.99988;717.5;727.12000;275323
2026-03-18 09:40:00;729.23999;729.36737;715.5;717.96002;428337
2026-03-18 09:35:00;732.45001;734.36401;728.049988;728.78998;248693
2026-03-18 09:30:00;730.015015;749.59998;727.77002;732.45001;1088460
2026-03-17 15:55:00;717.57501;721.37000;715.40002;720.34998;437566
2026-03-17 15:50:00;715.59003;718;713.65002;717.59442;235460
2026-03-17 15:45:00;713.96997;716.099976;713.60010;715.53998;158966
2026-03-17 15:40:00;713.73999;714.95001;712.5;713.99500;93500
2026-03-17 15:35:00;710.60999;713.87000;709.87012;713.82001;7356574
2026-03-17 15:30:00;709.98999;711.51001;708.72998;710.35602;95828
2026-03-17 15:25:00;710.40009;713.17999;709.39001;709.79999;165059
2026-03-17 15:20:00;706.84003;710.5;706.64001;710.49500;116361
2026-03-17 15:15:00;708;709.21393;706.41010;706.80200;3550891
2026-03-17 15:10:00;706.64001;709.099976;706.34998;708.25500;101771
2026-03-17 15:05:00;705.96002;707.34003;704.59998;706.86963;75038
2026-03-17 15:00:00;706.96002;707.99988;705.60010;706.075012;56909
2026-03-17 14:55:00;707.19501;707.5;706.10999;706.85498;29326
2026-03-17 14:50:00;706.32501;707.70990;705.62012;707;3418608
2026-03-17 14:45:00;705.84003;707.41992;705.21002;706.34003;48218
2026-03-17 14:40:00;706.64508;707.14001;705.5;705.64001;42211
2026-03-17 14:35:00;707.48999;708.46991;706.31012;706.31012;40103
2026-03-17 14:30:00;707.75;709.42999;707.65997;708.38397;33768
2026-03-17 14:25:00;709.092407;709.28992;707.00012207;707.79999;56078
2026-03-17 14:20:00;710.60498;711.83002;708.5;708.98499;67830
2026-03-17 14:15:00;711.34802;711.45648;709.64148;710.72498;3294126
2026-03-17 14:10:00;706.65009;711.56000;706.29999;711.29498;3269519
2026-03-17 14:05:00;706.71002;708.54993;705.31012;706.35999;61772
2026-03-17 14:00:00;704.53998;706.49988;704.27002;706.25;48530
2026-03-17 13:55:00;707.40002;707.40002;704.40009;704.99988;44754
2026-03-17 13:50:00;705.49500;707.75;705.15002;707.40997;3192428
2026-03-17 13:45:00;703.060120;705.96991;703.059998;705.49500;59586
2026-03-17 13:40:00;706.93658;707.0098877;703;703;3148225
2026-03-17 13:35:00;707.89502;708.71997;705.84399;706.59003;44215
2026-03-17 13:30:00;706.66498;708.79999;706.46002;707.89502;3070690
2026-03-17 13:25:00;708.92999;708.94989;705.34998;706.5;70122
2026-03-17 13:20:00;708.78510;710.67987;708;709;50197
2026-03-17 13:15:00;708.75171;711;708.00012207;708.64001;79497
2026-03-17 13:10:00;708.14001;708.79999;706.70001;708.53998;49541
2026-03-17 13:05:00;708.29999;708.96002;706.15997;708.375;76067
2026-03-17 13:00:00;707.15002;709.34998;703.88000;708.29999;172383
2026-03-17 12:55:00;712.29999;714;706.97009;707.5;2915129
2026-03-17 12:50:00;712.61517;712.79999;710.82019;712.15002;59387
2026-03-17 12:45:00;712.26001;712.91998;710.50012;712.51001;64650
2026-03-17 12:40:00;712.26501;712.53003;710.25;712.41998;2791747
2026-03-17 12:35:00;710.98999;712.52002;710.29999;712.26501;74939
2026-03-17 12:30:00;710.28998;712.79993;709.61011;711.19000;91364
2026-03-17 12:25:00;710.77502;711.26898;709.039978;710.010010;68496
2026-03-17 12:20:00;705.65002;711.5;705.10010;710.77502;2637650
2026-03-17 12:15:00;706.13000;707.5;705.26001;705.65002;2628169
2026-03-17 12:10:00;704.081299;706.90002;703.45001;706.79999;2635323
2026-03-17 12:05:00;704.0050049;705.46002;701.90002;704.12482;107325
2026-03-17 12:00:00;704.57001;705.57990;703.72998;704.10999;85641
2026-03-17 11:55:00;704.22650;705.74011;703.10999;704.58002;2489851
2026-03-17 11:50:00;708;708.91998;703.83002;704.14502;165039
2026-03-17 11:45:00;711.17499;711.75;707.46002;707.64508;2422638
2026-03-17 11:40:00;708.53998;712.5;708;711.17511;100727
2026-03-17 11:35:00;710.48999;710.90002;707.29010;708.84998;112127
2026-03-17 11:30:00;709.60999;710.96997;708.5;709.90009;105595
2026-03-17 11:25:00;711.21503;711.49988;707.090027;709.53998;2338041
2026-03-17 11:20:00;712.64502;713.73999;710.62000;711.46002;112133
2026-03-17 11:15:00;713.97998;716.44989;711.89008;712.55048;2256132
2026-03-17 11:10:00;714.65997;715.020020;711.79999;714.025024;101939
2026-03-17 11:05:00;711.89001;717.96997;711.28882;714.90503;193276
2026-03-17 11:00:00;713.52502;715.48993;711.83423;712.21997;138934
2026-03-17 10:55:00;713.85999;716.40002;712.75;713.27002;3923180
2026-03-17 10:50:00;713.77002;716.010010;713;713.85498;100671
2026-03-17 10:45:00;712.13507;714.79999;712;713.94000;119800
2026-03-17 10:40:00;709.28998;712.93988;709.20001;711.75;1843439
2026-03-17 10:35:00;709;712.20001;708.010010;709.28998;167157
2026-03-17 10:30:00;713.41998;714.91998;709.00012207;710.18988;1803934
2026-03-17 10:25:00;714.65997;716.45001;713.28003;713.46997;187841
2026-03-17 10:20:00;713.47998;716.90002;713.20001;714.65997;1723440
2026-03-17 10:15:00;709.38000;714.98999;708;713.15002;1606023
2026-03-17 10:10:00;709.33502;713.52991;708.37000;709.69000;201986
2026-03-17 10:05:00;704.41998;710.86987;703.00012207;709.60498;244537
2026-03-17 10:00:00;703.34998;706.98999;702.58002;704.30402;215718
2026-03-17 09:55:00;701.77502;703.42987;698.46008;703.23499;176165
2026-03-17 09:50:00;696.010010;702.39001;696.010010;701.77509;261300
2026-03-17 09:45:00;706.65503;706.78998;695.12012;696.40002;1312082
2026-03-17 09:40:00;705.63000;709.68140;703.20001;706.5;319459
2026-03-17 09:35:00;712.5;714.44000;704.29999;705.50500;281253
2026-03-17 09:30:00;716;718;710.35999;712.5;764723
2026-03-16 15:55:00;705.53003;705.71997;700.050110;703.94000;389331
2026-03-16 15:50:00;697.5;707.96002;695.33008;705.84998;411494
2026-03-16 15:45:00;708.030029;708.46991;697.45001;697.80011;504069
2026-03-16 15:40:00;709.15997;712.95001;708;708.00012207;238898
2026-03-16 15:35:00;715.46002;715.48999;709;709.020020;218848
2026-03-16 15:30:00;717.70001;718.30988;713.25;715.45502;176289
2026-03-16 15:25:00;716.35498;718.95990;716.010071;717.51001;144984
2026-03-16 15:20:00;713.66998;717.14899;712.5;716.5;120174
2026-03-16 15:15:00;715.29999;716.78992;713.81000;713.92999;4215714
2026-03-16 15:10:00;717.23602;718.78998;714.40002;715.17999;4224297
2026-03-16 15:05:00;713.60999;717.46002;711.77008;717.46002;130390
2026-03-16 15:00:00;714.20001;715.25;712.65997;713.5;96754
2026-03-16 14:55:00;716.5;716.5;713.19000;714.059998;99076
2026-03-16 14:50:00;716.20001;716.78003;714.46008;716.72998;89242
2026-03-16 14:45:00;714.71997;716.49988;714.099976;716.16498;103592
2026-03-16 14:40:00;712.60999;714.98999;710.42010;714.90503;4018168
2026-03-16 14:35:00;714.25;714.89990;711.12000;712.84003;92886
2026-03-16 14:30:00;714.68652;715.54993;713.5;714.00012207;69254
2026-03-16 14:25:00;715.84998;715.84998;714;714.59497;91673
2026-03-16 14:20:00;717.81500;718.29993;715.47009;716.20990;3938967
2026-03-16 14:15:00;709.58008;717.94989;709.55780;717.94989;152036
2026-03-16 14:10:00;711.60492;712.95001;709;709.99988;7257287
2026-03-16 14:05:00;713.40991;713.40997;710.21997;711.69000;91181
2026-03-16 14:00:00;713.48499;713.91919;712.5;712.90002;3582986
2026-03-16 13:55:00;712.15997;713.5;711.72998;713.34998;3541903
2026-03-16 13:50:00;712.68500;713.69000;711.17010;712.34003;124151
2026-03-16 13:45:00;712.87000;713.78003;712.20001;712.68500;93202
2026-03-16 13:40:00;715.34998;716.29999;712.70001;713.049988;3483565
2026-03-16 13:35:00;716.83002;717.31989;715.070007;715.43799;94488
2026-03-16 13:30:00;715.49402;717.38000;715.15002;716.90002;3416385
2026-03-16 13:25:00;716.030029;716.82990;715.090088;715.42999;3423176
2026-03-16 13:20:00;714.99500;717.5;714.90259;716.22998;3415827
2026-03-16 13:15:00;716.38861;717.20001;714.070007;715.24988;3386900
2026-03-16 13:10:00;714.97998;716.57001;714.080017;716.32397;57611
2026-03-16 13:05:00;716.19989;716.19989;714.060120;714.71997;3312213
2026-03-16 13:00:00;713.65002;716.70001;713.5;715.87000;75467
2026-03-16 12:55:00;714.51001;715.49988;712.70001;713.47498;3290680
2026-03-16 12:50:00;713.98999;714.97998;713.56598;714.72992;56926
2026-03-16 12:45:00;714.79999;715.37000;713.039978;713.98999;65263
2026-03-16 12:40:00;714.36987;716.17987;713;714.75;110356
2026-03-16 12:35:00;714.044983;715.45001;713.29999;714.11908;89327
2026-03-16 12:30:00;713.64001;714.94989;712.65997;713.96997;3083012
2026-03-16 12:25:00;713.5;714.11499;712.20001;713.40002;3070729
2026-03-16 12:20:00;714.26001;714.65002;712.25;713.52002;3056171
2026-03-16 12:15:00;713.59998;714.98999;713.34760;714.26001;86126
2026-03-16 12:10:00;717.625;717.625;713;713.88000;154519
2026-03-16 12:05:00;715.010071;719.99988;714.5;717.625;185468
2026-03-16 12:00:00;714.33002;716.79999;714;715.48602;2911259
2026-03-16 11:55:00;715.070007;715.5;713.5;714.34857;74627
2026-03-16 11:50:00;715.71002;716.53998;714.67499;714.96002;2853063
2026-03-16 11:45:00;714.90002;716;714;715.69000;2840793
2026-03-16 11:40:00;711.60999;715.26001;711.44250;714.64008;117003
2026-03-16 11:35:00;714.88000;715.19989;710.87000;711.66937;162156
2026-03-16 11:30:00;714.39001;716.76001;714.20007;714.88000;106596
2026-03-16 11:25:00;714.10999;715.47998;713.50012;714.37000;102706
2026-03-16 11:20:00;715.86829;715.94000;713.099976;713.80499;137741
2026-03-16 11:15:00;716.012024;717.49988;712.88013;715.75;154183
2026-03-16 11:10:00;713.63013;717.21997;712.51001;716.5;5078000
2026-03-16 11:05:00;715;715.63000;713.43201;713.65002;2513880
2026-03-16 11:00:00;716.75;716.79999;712.22998;714.81000;2590302
2026-03-16 10:55:00;713.92999;716.90002;711.91998;716.71600;2603618
2026-03-16 10:50:00;709.19989;714.58002;707;714.010010;204416
2026-03-16 10:45:00;708.39001;710.98993;708.28003;709;147040
2026-03-16 10:40:00;706.35309;708.78998;705.70001;708.044983;148191
2026-03-16 10:35:00;707.86499;709.5;706.51001;706.75;2177436
2026-03-16 10:30:00;707.59998;708.78003;705.80377;707.97998;140511
2026-03-16 10:25:00;708.625;710;706.15002;708.054993;2079754
2026-03-16 10:20:00;709.48999;714.70001;707.25;708.70001;2332760
2026-03-16 10:15:00;710.20001;710.84991;706.27002;709.48999;1982594
2026-03-16 10:10:00;705.75580;712;705.72998;710.20001;1924286
2026-03-16 10:05:00;709.42999;710.23547;705.51007;706.10999;233828
2026-03-16 10:00:00;709.27002;711.95990;707.59998;709.14001;1733052
2026-03-16 09:55:00;710;714.34991;707.059998;710.66992;3186764
2026-03-16 09:50:00;709.83002;711.90997;707.5;709.59802;400642
2026-03-16 09:45:00;705.90979;711.40002;704.91998;709.94000;500247
2026-03-16 09:40:00;696;707.53992;695.099976;706.18500;536309
2026-03-16 09:35:00;692.85999;697.13000;689.82001;696.090027;1976972
2026-03-16 09:30:00;687.42999;701.60999;687.42999;692.59497;1468891
2026-03-13 15:55:00;661.78497;662.24988;658.88000;661.26001;361438
2026-03-13 15:50:00;663.71997;664;659.89008;661.64001;223487
2026-03-13 15:45:00;660.75;664.73993;659.65002;663.99988;219530
2026-03-13 15:40:00;660.044983;662.10498;659.75;660.75;169522
2026-03-13 15:35:00;661.78003;661.99988;658.58002;660.085022;199812
2026-03-13 15:30:00;662.46002;666.76001;661.59998;661.59998;233268
2026-03-13 15:25:00;663.77289;665.39001;658.20001;662.25;282480
2026-03-13 15:20:00;663.90002;664.74988;662.010010;663.86353;152598
2026-03-13 15:15:00;663.30573;666;662.080017;663.90002;226062
2026-03-13 15:10:00;664.45001;666.98993;662.80011;663.010010;174642
2026-03-13 15:05:00;664.15503;666.65997;662.70001;664.75989;221528
2026-03-13 15:00:00;668.25;669.5;663;664.10498;268678
2026-03-13 14:55:00;668.29999;669.26001;667.18481;668.40503;133933
2026-03-13 14:50:00;670.099976;670.30829;667.71997;668.084412;189421
2026-03-13 14:45:00;670.35992;671.66998;669;670.099976;262884
2026-03-13 14:40:00;665.059998;670.97992;663.77002;670;390308
2026-03-13 14:35:00;663.29999;666.88000;662.030090;664.90002;319804
2026-03-13 14:30:00;659.0050049;663.53998;657.55011;663.090027;328583
2026-03-13 14:25:00;655.98993;659;655.44000;658.89203;119913
2026-03-13 14:20:00;655.85498;656.88000;653.37012;655.91998;110880
2026-03-13 14:15:00;653.042114;657.97992;652.97498;655.59003;202706
2026-03-13 14:10:00;652.90503;654.32001;651.54010;653.12000;85981
2026-03-13 14:05:00;653.33502;654;651.50012;652.90509;82134
2026-03-13 14:00:00;652.14801;654.47992;651.59003;653.57001;98721
2026-03-13 13:55:00;652.67090;653.60388;650.46997;651.96997;84907
2026-03-13 13:50:00;650.75;653.99988;649.54999;652.40997;152535
2026-03-13 13:45:00;654.25500;654.85999;650.26001;650.78302;154429
2026-03-13 13:40:00;654.46997;655.48999;652.24011;654.25500;108039
2026-03-13 13:35:00;653.58002;654.47998;652.12000;653.98499;95016
2026-03-13 13:30:00;653.77502;655.88000;652.53998;653.40002;102479
2026-03-13 13:25:00;654.90997;655.67999;653.030090;654.010010;174742
2026-03-13 13:20:00;653.20007;655.35999;652.25;655.020020;123570
2026-03-13 13:15:00;654.5;655.87988;652.10999;653.79999;120038
2026-03-13 13:10:00;654.52991;655.96997;652.77002;654.5;131333
2026-03-13 13:05:00;656.97998;658.71991;652.21002;654.52991;239632
2026-03-13 13:00:00;655.48999;657.54999;653.87000;657.10498;246397
2026-03-13 12:55:00;659.89612;660.73999;655.17999;655.5;248709
2026-03-13 12:50:00;659.085022;660.98999;658;659.71503;238308
2026-03-13 12:45:00;660.29999;661.12000;657.5;658.79999;303517
2026-03-13 12:40:00;655.47247;662.17999;655.24011;660.00012207;448063
2026-03-13 12:35:00;652.98999;658;652.31000;655.54498;418382
2026-03-13 12:30:00;648.23999;654.049988;646.78998;652.55499;356956
2026-03-13 12:25:00;647.34998;650.5;646.99500;648.22498;322179
2026-03-13 12:20:00;643.5;649.78003;642.13501;646.82251;431254
2026-03-13 12:15:00;639.41998;643.27991;638;643;194746
2026-03-13 12:10:00;637.32422;642;637.020020;639.54999;236331
2026-03-13 12:05:00;636.90009;638.24402;635.95001;637.45001;156555
2026-03-13 12:00:00;632.72998;638.73999;632.59998;636.90002;209288
2026-03-13 11:55:00;631.97998;633.85999;630.75012;633;88080
2026-03-13 11:50:00;632.34570;632.44000;629.29999;632.25;101177
2026-03-13 11:45:00;628.75;635;628.46008;631.71997;158076
2026-03-13 11:40:00;632.54498;633.5;627.030090;628.72998;181767
2026-03-13 11:35:00;632.82001;634.79999;629.28998;632.53003;146841
2026-03-13 11:30:00;633.068726;634.53003;631.020020;633.24500;99675
2026-03-13 11:25:00;632.28003;634.99988;631.39001;633.23999;107499
2026-03-13 11:20:00;633;636.49988;632.070007;632.51001;123182
2026-03-13 11:15:00;636.62390;636.98999;632;633.375;174552
2026-03-13 11:10:00;633.20001;637.49988;632.40997;636.57001;227652
2026-03-13 11:05:00;625.90503;633.84991;625.29999;633;309613
2026-03-13 11:00:00;625.91498;627.47998;623.059998;625.75500;222717
2026-03-13 10:55:00;631.087524;631.49988;623.65997;625.58502;258210
2026-03-13 10:50:00;632;635.75989;629;631.0050049;219669
2026-03-13 10:45:00;629.46997;632.88000;627.5;632.53998;255515
2026-03-13 10:40:00;636.38501;636.38501;629.31000;629.31000;272600
2026-03-13 10:35:00;639.015015;639.69000;633.049988;636.38501;236501
2026-03-13 10:30:00;639.34998;640.96002;637.5;639.047180;117033
2026-03-13 10:25:00;642.075012;642.075012;637.40741;639.98999;175743
2026-03-13 10:20:00;640.075012;644.15997;639.049988;642.065125;252924
2026-03-13 10:15:00;641.64001;641.99988;635.099976;640.075012;281764
2026-03-13 10:10:00;643.91998;644.35999;640.70007;641.66998;138715
2026-03-13 10:05:00;643.21002;645.80988;640.15002;643.81952;258740
2026-03-13 10:00:00;642;645;641.79999;643.98999;219924
2026-03-13 09:55:00;643.75;646.54993;641.20001;642.030273;445062
2026-03-13 09:50:00;640.48999;644.56989;638;643.23499;320582
2026-03-13 09:45:00;640.64502;642.87988;638;640.070007;332033
2026-03-13 09:40:00;636.34998;641.90002;635.95990;640.94000;285168
2026-03-13 09:35:00;638;640.5;632.030090;635.93500;423675
2026-03-13 09:30:00;630.75;642.5;628.63000;638.28119;1335458
2026-03-12 15:55:00;618.19000;621.20001;616.5;618.77002;332524
2026-03-12 15:50:00;618.97998;621.34979;616;617.73999;166017
2026-03-12 15:45:00;619.29498;620.37988;617.57001;619.27002;162710
2026-03-12 15:40:00;618.34003;619.63379;617.00012207;619.53003;124352
2026-03-12 15:35:00;617.46002;619.95001;616.20001;618.60498;120293
2026-03-12 15:30:00;615.29010;618.78998;615.29010;617.5;132445
2026-03-12 15:25:00;618.11499;619.27002;615;615.48999;186502
2026-03-12 15:20:00;614.90002;618.53003;614.44000;618.14502;153598
